priority,impact_score,task_type,location_id,location_name,category,issue_codes,fields_to_complete,what_to_check,reviewer_decision,evidence_url,latest_review_seen,reviewer_note,review_status,decision_options,verification_search_url,fields_remaining_count
P0,111,active_status_verification,LOC-133,Punclut Bandung (Puncak Ciumbuleuit),Wisata Alam,W_ACTIVE_VERIFICATION_MISSING,is_active_verified,Cek apakah destinasi masih aktif/buka. Isi reviewer_decision: active / inactive / remove_scope / uncertain.,,,,"Belum diverifikasi sumber aktual. Cek Google Maps, situs resmi, atau media sosial resmi; isi keputusan active/inactive/remove_scope/uncertain beserta bukti URL.",pending_manual_verification,active | inactive | remove_scope | uncertain,https://www.google.com/maps/search/?api=1&query=Punclut+Bandung+%28Puncak+Ciumbuleuit%29+Bandung+Jawa+Barat,1
P0,111,active_status_verification,LOC-176,Padepokan Dayang Sumbi,Tempat Belajar,W_ACTIVE_VERIFICATION_MISSING,is_active_verified,Cek apakah destinasi masih aktif/buka. Isi reviewer_decision: active / inactive / remove_scope / uncertain.,,,,"Belum diverifikasi sumber aktual. Cek Google Maps, situs resmi, atau media sosial resmi; isi keputusan active/inactive/remove_scope/uncertain beserta bukti URL.",pending_manual_verification,active | inactive | remove_scope | uncertain,https://www.google.com/maps/search/?api=1&query=Padepokan+Dayang+Sumbi+Bandung+Jawa+Barat,1
P0,111,active_status_verification,LOC-192,Curug Ngebul Gununghalu,Wisata Alam,W_ACTIVE_VERIFICATION_MISSING,is_active_verified,Cek apakah destinasi masih aktif/buka. Isi reviewer_decision: active / inactive / remove_scope / uncertain.,,,,"Belum diverifikasi sumber aktual. Cek Google Maps, situs resmi, atau media sosial resmi; isi keputusan active/inactive/remove_scope/uncertain beserta bukti URL.",pending_manual_verification,active | inactive | remove_scope | uncertain,https://www.google.com/maps/search/?api=1&query=Curug+Ngebul+Gununghalu+Bandung+Jawa+Barat,1
P0,111,active_status_verification,LOC-195,Sungai Cikahuripan Green Canyon Saguling,Wisata Alam,W_ACTIVE_VERIFICATION_MISSING,is_active_verified,Cek apakah destinasi masih aktif/buka. Isi reviewer_decision: active / inactive / remove_scope / uncertain.,,,,"Belum diverifikasi sumber aktual. Cek Google Maps, situs resmi, atau media sosial resmi; isi keputusan active/inactive/remove_scope/uncertain beserta bukti URL.",pending_manual_verification,active | inactive | remove_scope | uncertain,https://www.google.com/maps/search/?api=1&query=Sungai+Cikahuripan+Green+Canyon+Saguling+Bandung+Jawa+Barat,1
P0,111,active_status_verification,LOC-196,Curug Walanda Citatah,Wisata Alam,W_ACTIVE_VERIFICATION_MISSING,is_active_verified,Cek apakah destinasi masih aktif/buka. Isi reviewer_decision: active / inactive / remove_scope / uncertain.,,,,"Belum diverifikasi sumber aktual. Cek Google Maps, situs resmi, atau media sosial resmi; isi keputusan active/inactive/remove_scope/uncertain beserta bukti URL.",pending_manual_verification,active | inactive | remove_scope | uncertain,https://www.google.com/maps/search/?api=1&query=Curug+Walanda+Citatah+Bandung+Jawa+Barat,1
P0,111,active_status_verification,LOC-213,Taman Cibeunying,Taman Kota,W_ACTIVE_VERIFICATION_MISSING,is_active_verified,Cek apakah destinasi masih aktif/buka. Isi reviewer_decision: active / inactive / remove_scope / uncertain.,,,,"Belum diverifikasi sumber aktual. Cek Google Maps, situs resmi, atau media sosial resmi; isi keputusan active/inactive/remove_scope/uncertain beserta bukti URL.",pending_manual_verification,active | inactive | remove_scope | uncertain,https://www.google.com/maps/search/?api=1&query=Taman+Cibeunying+Bandung+Jawa+Barat,1
P0,111,active_status_verification,LOC-226,Gunung Nini Pangalengan,Wisata Alam,W_ACTIVE_VERIFICATION_MISSING,is_active_verified,Cek apakah destinasi masih aktif/buka. Isi reviewer_decision: active / inactive / remove_scope / uncertain.,,,,"Belum diverifikasi sumber aktual. Cek Google Maps, situs resmi, atau media sosial resmi; isi keputusan active/inactive/remove_scope/uncertain beserta bukti URL.",pending_manual_verification,active | inactive | remove_scope | uncertain,https://www.google.com/maps/search/?api=1&query=Gunung+Nini+Pangalengan+Bandung+Jawa+Barat,1
P0,105,active_status_verification,LOC-023,Curug Malela,Wisata Alam,W_ACTIVE_VERIFICATION_MISSING,is_active_verified,Cek apakah destinasi masih aktif/buka. Isi reviewer_decision: active / inactive / remove_scope / uncertain.,,,,"Belum diverifikasi sumber aktual. Cek Google Maps, situs resmi, atau media sosial resmi; isi keputusan active/inactive/remove_scope/uncertain beserta bukti URL.",pending_manual_verification,active | inactive | remove_scope | uncertain,https://www.google.com/maps/search/?api=1&query=Curug+Malela+Bandung+Jawa+Barat,1
P0,105,active_status_verification,LOC-044,Jans Park (Jatinangor National Park),Rekreasi Keluarga,W_ACTIVE_VERIFICATION_MISSING,is_active_verified,Cek apakah destinasi masih aktif/buka. Isi reviewer_decision: active / inactive / remove_scope / uncertain.,,,,"Belum diverifikasi sumber aktual. Cek Google Maps, situs resmi, atau media sosial resmi; isi keputusan active/inactive/remove_scope/uncertain beserta bukti URL.",pending_manual_verification,active | inactive | remove_scope | uncertain,https://www.google.com/maps/search/?api=1&query=Jans+Park+%28Jatinangor+National+Park%29+Bandung+Jawa+Barat,1
P0,105,active_status_verification,LOC-069,Pemandian Cipanas Cileungsing,Wisata Alam,W_ACTIVE_VERIFICATION_MISSING,is_active_verified,Cek apakah destinasi masih aktif/buka. Isi reviewer_decision: active / inactive / remove_scope / uncertain.,,,,"Belum diverifikasi sumber aktual. Cek Google Maps, situs resmi, atau media sosial resmi; isi keputusan active/inactive/remove_scope/uncertain beserta bukti URL.",pending_manual_verification,active | inactive | remove_scope | uncertain,https://www.google.com/maps/search/?api=1&query=Pemandian+Cipanas+Cileungsing+Bandung+Jawa+Barat,1
P0,105,active_status_verification,LOC-116,Wisata Kampoeng Ciherang,Rekreasi Keluarga,W_ACTIVE_VERIFICATION_MISSING,is_active_verified,Cek apakah destinasi masih aktif/buka. Isi reviewer_decision: active / inactive / remove_scope / uncertain.,,,,"Belum diverifikasi sumber aktual. Cek Google Maps, situs resmi, atau media sosial resmi; isi keputusan active/inactive/remove_scope/uncertain beserta bukti URL.",pending_manual_verification,active | inactive | remove_scope | uncertain,https://www.google.com/maps/search/?api=1&query=Wisata+Kampoeng+Ciherang+Bandung+Jawa+Barat,1
P0,105,active_status_verification,LOC-138,Kebun Teh Sukawana,Wisata Alam,W_ACTIVE_VERIFICATION_MISSING,is_active_verified,Cek apakah destinasi masih aktif/buka. Isi reviewer_decision: active / inactive / remove_scope / uncertain.,,,,"Belum diverifikasi sumber aktual. Cek Google Maps, situs resmi, atau media sosial resmi; isi keputusan active/inactive/remove_scope/uncertain beserta bukti URL.",pending_manual_verification,active | inactive | remove_scope | uncertain,https://www.google.com/maps/search/?api=1&query=Kebun+Teh+Sukawana+Bandung+Jawa+Barat,1
P0,105,active_status_verification,LOC-166,Muara Rahong Hills,Wisata Alam,W_ACTIVE_VERIFICATION_MISSING,is_active_verified,Cek apakah destinasi masih aktif/buka. Isi reviewer_decision: active / inactive / remove_scope / uncertain.,,,,"Belum diverifikasi sumber aktual. Cek Google Maps, situs resmi, atau media sosial resmi; isi keputusan active/inactive/remove_scope/uncertain beserta bukti URL.",pending_manual_verification,active | inactive | remove_scope | uncertain,https://www.google.com/maps/search/?api=1&query=Muara+Rahong+Hills+Bandung+Jawa+Barat,1
P0,103,active_status_verification,LOC-008,Bandung Science Center,Tempat Belajar,W_ACTIVE_VERIFICATION_MISSING,is_active_verified,Cek apakah destinasi masih aktif/buka. Isi reviewer_decision: active / inactive / remove_scope / uncertain.,,,,"Belum diverifikasi sumber aktual. Cek Google Maps, situs resmi, atau media sosial resmi; isi keputusan active/inactive/remove_scope/uncertain beserta bukti URL.",pending_manual_verification,active | inactive | remove_scope | uncertain,https://www.google.com/maps/search/?api=1&query=Bandung+Science+Center+Bandung+Jawa+Barat,1
P0,103,active_status_verification,LOC-017,Cihampelas Walk,Tempat Belanja,W_ACTIVE_VERIFICATION_MISSING,is_active_verified,Cek apakah destinasi masih aktif/buka. Isi reviewer_decision: active / inactive / remove_scope / uncertain.,,,,"Belum diverifikasi sumber aktual. Cek Google Maps, situs resmi, atau media sosial resmi; isi keputusan active/inactive/remove_scope/uncertain beserta bukti URL.",pending_manual_verification,active | inactive | remove_scope | uncertain,https://www.google.com/maps/search/?api=1&query=Cihampelas+Walk+Bandung+Jawa+Barat,1
P0,103,active_status_verification,LOC-029,Dusun Bambu,Rekreasi Keluarga,W_ACTIVE_VERIFICATION_MISSING,is_active_verified,Cek apakah destinasi masih aktif/buka. Isi reviewer_decision: active / inactive / remove_scope / uncertain.,,,,"Belum diverifikasi sumber aktual. Cek Google Maps, situs resmi, atau media sosial resmi; isi keputusan active/inactive/remove_scope/uncertain beserta bukti URL.",pending_manual_verification,active | inactive | remove_scope | uncertain,https://www.google.com/maps/search/?api=1&query=Dusun+Bambu+Bandung+Jawa+Barat,1
P0,103,active_status_verification,LOC-068,Pasar Cimindi,Tempat Belanja,W_ACTIVE_VERIFICATION_MISSING,is_active_verified,Cek apakah destinasi masih aktif/buka. Isi reviewer_decision: active / inactive / remove_scope / uncertain.,,,,"Belum diverifikasi sumber aktual. Cek Google Maps, situs resmi, atau media sosial resmi; isi keputusan active/inactive/remove_scope/uncertain beserta bukti URL.",pending_manual_verification,active | inactive | remove_scope | uncertain,https://www.google.com/maps/search/?api=1&query=Pasar+Cimindi+Bandung+Jawa+Barat,1
P0,103,active_status_verification,LOC-121,NuArt Sculpture Park,Tempat Seni,W_ACTIVE_VERIFICATION_MISSING,is_active_verified,Cek apakah destinasi masih aktif/buka. Isi reviewer_decision: active / inactive / remove_scope / uncertain.,,,,"Belum diverifikasi sumber aktual. Cek Google Maps, situs resmi, atau media sosial resmi; isi keputusan active/inactive/remove_scope/uncertain beserta bukti URL.",pending_manual_verification,active | inactive | remove_scope | uncertain,https://www.google.com/maps/search/?api=1&query=NuArt+Sculpture+Park+Bandung+Jawa+Barat,1
P0,103,active_status_verification,LOC-135,Taman Main Mili-Mili & Hutan Mycelia,Rekreasi Keluarga,W_ACTIVE_VERIFICATION_MISSING,is_active_verified,Cek apakah destinasi masih aktif/buka. Isi reviewer_decision: active / inactive / remove_scope / uncertain.,,,,"Belum diverifikasi sumber aktual. Cek Google Maps, situs resmi, atau media sosial resmi; isi keputusan active/inactive/remove_scope/uncertain beserta bukti URL.",pending_manual_verification,active | inactive | remove_scope | uncertain,https://www.google.com/maps/search/?api=1&query=Taman+Main+Mili-Mili+%26+Hutan+Mycelia+Bandung+Jawa+Barat,1
P0,103,active_status_verification,LOC-137,Rumah Belanda,Tempat Budaya,W_ACTIVE_VERIFICATION_MISSING,is_active_verified,Cek apakah destinasi masih aktif/buka. Isi reviewer_decision: active / inactive / remove_scope / uncertain.,,,,"Belum diverifikasi sumber aktual. Cek Google Maps, situs resmi, atau media sosial resmi; isi keputusan active/inactive/remove_scope/uncertain beserta bukti URL.",pending_manual_verification,active | inactive | remove_scope | uncertain,https://www.google.com/maps/search/?api=1&query=Rumah+Belanda+Bandung+Jawa+Barat,1
P0,103,active_status_verification,LOC-139,Kawah Rengganis Ciwidey,Wisata Alam,W_ACTIVE_VERIFICATION_MISSING,is_active_verified,Cek apakah destinasi masih aktif/buka. Isi reviewer_decision: active / inactive / remove_scope / uncertain.,,,,"Belum diverifikasi sumber aktual. Cek Google Maps, situs resmi, atau media sosial resmi; isi keputusan active/inactive/remove_scope/uncertain beserta bukti URL.",pending_manual_verification,active | inactive | remove_scope | uncertain,https://www.google.com/maps/search/?api=1&query=Kawah+Rengganis+Ciwidey+Bandung+Jawa+Barat,1
P0,103,active_status_verification,LOC-149,Taman Wisata Alam Cimanggu,Wisata Alam,W_ACTIVE_VERIFICATION_MISSING,is_active_verified,Cek apakah destinasi masih aktif/buka. Isi reviewer_decision: active / inactive / remove_scope / uncertain.,,,,"Belum diverifikasi sumber aktual. Cek Google Maps, situs resmi, atau media sosial resmi; isi keputusan active/inactive/remove_scope/uncertain beserta bukti URL.",pending_manual_verification,active | inactive | remove_scope | uncertain,https://www.google.com/maps/search/?api=1&query=Taman+Wisata+Alam+Cimanggu+Bandung+Jawa+Barat,1
P0,103,active_status_verification,LOC-152,Kebun Teh Rancabali,Wisata Alam,W_ACTIVE_VERIFICATION_MISSING,is_active_verified,Cek apakah destinasi masih aktif/buka. Isi reviewer_decision: active / inactive / remove_scope / uncertain.,,,,"Belum diverifikasi sumber aktual. Cek Google Maps, situs resmi, atau media sosial resmi; isi keputusan active/inactive/remove_scope/uncertain beserta bukti URL.",pending_manual_verification,active | inactive | remove_scope | uncertain,https://www.google.com/maps/search/?api=1&query=Kebun+Teh+Rancabali+Bandung+Jawa+Barat,1
P0,103,active_status_verification,LOC-163,Kampung Adat Cikondang,Desa Wisata,W_ACTIVE_VERIFICATION_MISSING,is_active_verified,Cek apakah destinasi masih aktif/buka. Isi reviewer_decision: active / inactive / remove_scope / uncertain.,,,,"Belum diverifikasi sumber aktual. Cek Google Maps, situs resmi, atau media sosial resmi; isi keputusan active/inactive/remove_scope/uncertain beserta bukti URL.",pending_manual_verification,active | inactive | remove_scope | uncertain,https://www.google.com/maps/search/?api=1&query=Kampung+Adat+Cikondang+Bandung+Jawa+Barat,1
P0,103,active_status_verification,LOC-164,Java Preanger Gunung Tilu,Wisata Alam,W_ACTIVE_VERIFICATION_MISSING,is_active_verified,Cek apakah destinasi masih aktif/buka. Isi reviewer_decision: active / inactive / remove_scope / uncertain.,,,,"Belum diverifikasi sumber aktual. Cek Google Maps, situs resmi, atau media sosial resmi; isi keputusan active/inactive/remove_scope/uncertain beserta bukti URL.",pending_manual_verification,active | inactive | remove_scope | uncertain,https://www.google.com/maps/search/?api=1&query=Java+Preanger+Gunung+Tilu+Bandung+Jawa+Barat,1
P0,103,active_status_verification,LOC-173,Cakrawala Nature Sparkling Restaurant,Tempat Kuliner,W_ACTIVE_VERIFICATION_MISSING,is_active_verified,Cek apakah destinasi masih aktif/buka. Isi reviewer_decision: active / inactive / remove_scope / uncertain.,,,,"Belum diverifikasi sumber aktual. Cek Google Maps, situs resmi, atau media sosial resmi; isi keputusan active/inactive/remove_scope/uncertain beserta bukti URL.",pending_manual_verification,active | inactive | remove_scope | uncertain,https://www.google.com/maps/search/?api=1&query=Cakrawala+Nature+Sparkling+Restaurant+Bandung+Jawa+Barat,1
P0,103,active_status_verification,LOC-178,De'Ranch Lembang,Wisata Satwa,W_ACTIVE_VERIFICATION_MISSING,is_active_verified,Cek apakah destinasi masih aktif/buka. Isi reviewer_decision: active / inactive / remove_scope / uncertain.,,,,"Belum diverifikasi sumber aktual. Cek Google Maps, situs resmi, atau media sosial resmi; isi keputusan active/inactive/remove_scope/uncertain beserta bukti URL.",pending_manual_verification,active | inactive | remove_scope | uncertain,https://www.google.com/maps/search/?api=1&query=De%27Ranch+Lembang+Bandung+Jawa+Barat,1
P0,103,active_status_verification,LOC-180,Cimory Dairyland Lembang,Wisata Satwa,W_ACTIVE_VERIFICATION_MISSING,is_active_verified,Cek apakah destinasi masih aktif/buka. Isi reviewer_decision: active / inactive / remove_scope / uncertain.,,,,"Belum diverifikasi sumber aktual. Cek Google Maps, situs resmi, atau media sosial resmi; isi keputusan active/inactive/remove_scope/uncertain beserta bukti URL.",pending_manual_verification,active | inactive | remove_scope | uncertain,https://www.google.com/maps/search/?api=1&query=Cimory+Dairyland+Lembang+Bandung+Jawa+Barat,1
P0,103,active_status_verification,LOC-181,Noah's Park Lembang,Rekreasi Keluarga,W_ACTIVE_VERIFICATION_MISSING,is_active_verified,Cek apakah destinasi masih aktif/buka. Isi reviewer_decision: active / inactive / remove_scope / uncertain.,,,,"Belum diverifikasi sumber aktual. Cek Google Maps, situs resmi, atau media sosial resmi; isi keputusan active/inactive/remove_scope/uncertain beserta bukti URL.",pending_manual_verification,active | inactive | remove_scope | uncertain,https://www.google.com/maps/search/?api=1&query=Noah%27s+Park+Lembang+Bandung+Jawa+Barat,1
P0,103,active_status_verification,LOC-182,Pine Forest Camp Lembang,Tempat Camping,W_ACTIVE_VERIFICATION_MISSING,is_active_verified,Cek apakah destinasi masih aktif/buka. Isi reviewer_decision: active / inactive / remove_scope / uncertain.,,,,"Belum diverifikasi sumber aktual. Cek Google Maps, situs resmi, atau media sosial resmi; isi keputusan active/inactive/remove_scope/uncertain beserta bukti URL.",pending_manual_verification,active | inactive | remove_scope | uncertain,https://www.google.com/maps/search/?api=1&query=Pine+Forest+Camp+Lembang+Bandung+Jawa+Barat,1
P0,103,active_status_verification,LOC-186,Indiana Camp Lembang,Tempat Camping,W_ACTIVE_VERIFICATION_MISSING,is_active_verified,Cek apakah destinasi masih aktif/buka. Isi reviewer_decision: active / inactive / remove_scope / uncertain.,,,,"Belum diverifikasi sumber aktual. Cek Google Maps, situs resmi, atau media sosial resmi; isi keputusan active/inactive/remove_scope/uncertain beserta bukti URL.",pending_manual_verification,active | inactive | remove_scope | uncertain,https://www.google.com/maps/search/?api=1&query=Indiana+Camp+Lembang+Bandung+Jawa+Barat,1
P0,103,active_status_verification,LOC-187,Curug Layung,Wisata Alam,W_ACTIVE_VERIFICATION_MISSING,is_active_verified,Cek apakah destinasi masih aktif/buka. Isi reviewer_decision: active / inactive / remove_scope / uncertain.,,,,"Belum diverifikasi sumber aktual. Cek Google Maps, situs resmi, atau media sosial resmi; isi keputusan active/inactive/remove_scope/uncertain beserta bukti URL.",pending_manual_verification,active | inactive | remove_scope | uncertain,https://www.google.com/maps/search/?api=1&query=Curug+Layung+Bandung+Jawa+Barat,1
P0,103,active_status_verification,LOC-190,Curug Anom,Wisata Alam,W_ACTIVE_VERIFICATION_MISSING,is_active_verified,Cek apakah destinasi masih aktif/buka. Isi reviewer_decision: active / inactive / remove_scope / uncertain.,,,,"Belum diverifikasi sumber aktual. Cek Google Maps, situs resmi, atau media sosial resmi; isi keputusan active/inactive/remove_scope/uncertain beserta bukti URL.",pending_manual_verification,active | inactive | remove_scope | uncertain,https://www.google.com/maps/search/?api=1&query=Curug+Anom+Bandung+Jawa+Barat,1
P0,103,active_status_verification,LOC-193,Sanghyang Poek,Wisata Alam,W_ACTIVE_VERIFICATION_MISSING,is_active_verified,Cek apakah destinasi masih aktif/buka. Isi reviewer_decision: active / inactive / remove_scope / uncertain.,,,,"Belum diverifikasi sumber aktual. Cek Google Maps, situs resmi, atau media sosial resmi; isi keputusan active/inactive/remove_scope/uncertain beserta bukti URL.",pending_manual_verification,active | inactive | remove_scope | uncertain,https://www.google.com/maps/search/?api=1&query=Sanghyang+Poek+Bandung+Jawa+Barat,1
P0,103,active_status_verification,LOC-198,Tebing Gunung Hawu,Wisata Alam,W_ACTIVE_VERIFICATION_MISSING,is_active_verified,Cek apakah destinasi masih aktif/buka. Isi reviewer_decision: active / inactive / remove_scope / uncertain.,,,,"Belum diverifikasi sumber aktual. Cek Google Maps, situs resmi, atau media sosial resmi; isi keputusan active/inactive/remove_scope/uncertain beserta bukti URL.",pending_manual_verification,active | inactive | remove_scope | uncertain,https://www.google.com/maps/search/?api=1&query=Tebing+Gunung+Hawu+Bandung+Jawa+Barat,1
P0,103,active_status_verification,LOC-201,Curug Batu Templek,Wisata Alam,W_ACTIVE_VERIFICATION_MISSING,is_active_verified,Cek apakah destinasi masih aktif/buka. Isi reviewer_decision: active / inactive / remove_scope / uncertain.,,,,"Belum diverifikasi sumber aktual. Cek Google Maps, situs resmi, atau media sosial resmi; isi keputusan active/inactive/remove_scope/uncertain beserta bukti URL.",pending_manual_verification,active | inactive | remove_scope | uncertain,https://www.google.com/maps/search/?api=1&query=Curug+Batu+Templek+Bandung+Jawa+Barat,1
P0,103,active_status_verification,LOC-215,Taman Pramuka Bandung,Taman Kota,W_ACTIVE_VERIFICATION_MISSING,is_active_verified,Cek apakah destinasi masih aktif/buka. Isi reviewer_decision: active / inactive / remove_scope / uncertain.,,,,"Belum diverifikasi sumber aktual. Cek Google Maps, situs resmi, atau media sosial resmi; isi keputusan active/inactive/remove_scope/uncertain beserta bukti URL.",pending_manual_verification,active | inactive | remove_scope | uncertain,https://www.google.com/maps/search/?api=1&query=Taman+Pramuka+Bandung+Bandung+Jawa+Barat,1
P0,103,active_status_verification,LOC-217,Karang Setra Waterland,Wahana Air,W_ACTIVE_VERIFICATION_MISSING,is_active_verified,Cek apakah destinasi masih aktif/buka. Isi reviewer_decision: active / inactive / remove_scope / uncertain.,,,,"Belum diverifikasi sumber aktual. Cek Google Maps, situs resmi, atau media sosial resmi; isi keputusan active/inactive/remove_scope/uncertain beserta bukti URL.",pending_manual_verification,active | inactive | remove_scope | uncertain,https://www.google.com/maps/search/?api=1&query=Karang+Setra+Waterland+Bandung+Jawa+Barat,1
P0,103,active_status_verification,LOC-219,Museum Inggit Garnasih,Tempat Belajar,W_ACTIVE_VERIFICATION_MISSING,is_active_verified,Cek apakah destinasi masih aktif/buka. Isi reviewer_decision: active / inactive / remove_scope / uncertain.,,,,"Belum diverifikasi sumber aktual. Cek Google Maps, situs resmi, atau media sosial resmi; isi keputusan active/inactive/remove_scope/uncertain beserta bukti URL.",pending_manual_verification,active | inactive | remove_scope | uncertain,https://www.google.com/maps/search/?api=1&query=Museum+Inggit+Garnasih+Bandung+Jawa+Barat,1
P0,103,active_status_verification,LOC-222,Nuansa Riung Gunung,Wisata Alam,W_ACTIVE_VERIFICATION_MISSING,is_active_verified,Cek apakah destinasi masih aktif/buka. Isi reviewer_decision: active / inactive / remove_scope / uncertain.,,,,"Belum diverifikasi sumber aktual. Cek Google Maps, situs resmi, atau media sosial resmi; isi keputusan active/inactive/remove_scope/uncertain beserta bukti URL.",pending_manual_verification,active | inactive | remove_scope | uncertain,https://www.google.com/maps/search/?api=1&query=Nuansa+Riung+Gunung+Bandung+Jawa+Barat,1
P0,103,active_status_verification,LOC-224,Sungai Palayangan Rafting,Wisata Petualangan,W_ACTIVE_VERIFICATION_MISSING,is_active_verified,Cek apakah destinasi masih aktif/buka. Isi reviewer_decision: active / inactive / remove_scope / uncertain.,,,,"Belum diverifikasi sumber aktual. Cek Google Maps, situs resmi, atau media sosial resmi; isi keputusan active/inactive/remove_scope/uncertain beserta bukti URL.",pending_manual_verification,active | inactive | remove_scope | uncertain,https://www.google.com/maps/search/?api=1&query=Sungai+Palayangan+Rafting+Bandung+Jawa+Barat,1
P0,103,active_status_verification,LOC-225,Curug Ceret Pangalengan,Wisata Alam,W_ACTIVE_VERIFICATION_MISSING,is_active_verified,Cek apakah destinasi masih aktif/buka. Isi reviewer_decision: active / inactive / remove_scope / uncertain.,,,,"Belum diverifikasi sumber aktual. Cek Google Maps, situs resmi, atau media sosial resmi; isi keputusan active/inactive/remove_scope/uncertain beserta bukti URL.",pending_manual_verification,active | inactive | remove_scope | uncertain,https://www.google.com/maps/search/?api=1&query=Curug+Ceret+Pangalengan+Bandung+Jawa+Barat,1
P0,103,active_status_verification,LOC-234,Perkebunan Teh Rancabali,Rekreasi Alam,W_ACTIVE_VERIFICATION_MISSING,is_active_verified,Cek apakah destinasi masih aktif/buka. Isi reviewer_decision: active / inactive / remove_scope / uncertain.,,,,"Belum diverifikasi sumber aktual. Cek Google Maps, situs resmi, atau media sosial resmi; isi keputusan active/inactive/remove_scope/uncertain beserta bukti URL.",pending_manual_verification,active | inactive | remove_scope | uncertain,https://www.google.com/maps/search/?api=1&query=Perkebunan+Teh+Rancabali+Bandung+Jawa+Barat,1
P1,92,coordinate_verification,LOC-023,Curug Malela,Wisata Alam,W_ACTIVE_COORDINATE_UNVERIFIED,coordinate_verified|latitude|longitude,Cek titik Google Maps/official. Isi reviewer_decision: coordinate_ok / coordinate_fix / uncertain.,,,,Belum diverifikasi. Cek pin Google Maps/koordinat resmi; isi coordinate_ok/coordinate_fix/uncertain dan catat bila titik perlu diperbaiki.,pending_manual_verification,coordinate_ok | coordinate_fix | uncertain,https://www.google.com/maps/search/?api=1&query=Curug+Malela+Bandung+Jawa+Barat,3
P1,92,coordinate_verification,LOC-044,Jans Park (Jatinangor National Park),Rekreasi Keluarga,W_ACTIVE_COORDINATE_UNVERIFIED,coordinate_verified|latitude|longitude,Cek titik Google Maps/official. Isi reviewer_decision: coordinate_ok / coordinate_fix / uncertain.,,,,Belum diverifikasi. Cek pin Google Maps/koordinat resmi; isi coordinate_ok/coordinate_fix/uncertain dan catat bila titik perlu diperbaiki.,pending_manual_verification,coordinate_ok | coordinate_fix | uncertain,https://www.google.com/maps/search/?api=1&query=Jans+Park+%28Jatinangor+National+Park%29+Bandung+Jawa+Barat,3
P1,92,coordinate_verification,LOC-069,Pemandian Cipanas Cileungsing,Wisata Alam,W_ACTIVE_COORDINATE_UNVERIFIED,coordinate_verified|latitude|longitude,Cek titik Google Maps/official. Isi reviewer_decision: coordinate_ok / coordinate_fix / uncertain.,,,,Belum diverifikasi. Cek pin Google Maps/koordinat resmi; isi coordinate_ok/coordinate_fix/uncertain dan catat bila titik perlu diperbaiki.,pending_manual_verification,coordinate_ok | coordinate_fix | uncertain,https://www.google.com/maps/search/?api=1&query=Pemandian+Cipanas+Cileungsing+Bandung+Jawa+Barat,3
P1,92,coordinate_verification,LOC-116,Wisata Kampoeng Ciherang,Rekreasi Keluarga,W_ACTIVE_COORDINATE_UNVERIFIED,coordinate_verified|latitude|longitude,Cek titik Google Maps/official. Isi reviewer_decision: coordinate_ok / coordinate_fix / uncertain.,,,,Belum diverifikasi. Cek pin Google Maps/koordinat resmi; isi coordinate_ok/coordinate_fix/uncertain dan catat bila titik perlu diperbaiki.,pending_manual_verification,coordinate_ok | coordinate_fix | uncertain,https://www.google.com/maps/search/?api=1&query=Wisata+Kampoeng+Ciherang+Bandung+Jawa+Barat,3
P1,92,coordinate_verification,LOC-138,Kebun Teh Sukawana,Wisata Alam,W_ACTIVE_COORDINATE_UNVERIFIED,coordinate_verified|latitude|longitude,Cek titik Google Maps/official. Isi reviewer_decision: coordinate_ok / coordinate_fix / uncertain.,,,,Belum diverifikasi. Cek pin Google Maps/koordinat resmi; isi coordinate_ok/coordinate_fix/uncertain dan catat bila titik perlu diperbaiki.,pending_manual_verification,coordinate_ok | coordinate_fix | uncertain,https://www.google.com/maps/search/?api=1&query=Kebun+Teh+Sukawana+Bandung+Jawa+Barat,3
P1,92,coordinate_verification,LOC-155,Curug Panganten,Wisata Alam,W_ACTIVE_COORDINATE_UNVERIFIED,coordinate_verified|latitude|longitude,Cek titik Google Maps/official. Isi reviewer_decision: coordinate_ok / coordinate_fix / uncertain.,,,,Belum diverifikasi. Cek pin Google Maps/koordinat resmi; isi coordinate_ok/coordinate_fix/uncertain dan catat bila titik perlu diperbaiki.,pending_manual_verification,coordinate_ok | coordinate_fix | uncertain,https://www.google.com/maps/search/?api=1&query=Curug+Panganten+Bandung+Jawa+Barat,3
P1,92,coordinate_verification,LOC-158,Situ Ninah (Situ Datar),Wisata Alam,W_ACTIVE_COORDINATE_UNVERIFIED,coordinate_verified|latitude|longitude,Cek titik Google Maps/official. Isi reviewer_decision: coordinate_ok / coordinate_fix / uncertain.,,,,Belum diverifikasi. Cek pin Google Maps/koordinat resmi; isi coordinate_ok/coordinate_fix/uncertain dan catat bila titik perlu diperbaiki.,pending_manual_verification,coordinate_ok | coordinate_fix | uncertain,https://www.google.com/maps/search/?api=1&query=Situ+Ninah+%28Situ+Datar%29+Bandung+Jawa+Barat,3
P1,92,coordinate_verification,LOC-162,Rumah Putih Cukul,Rekreasi Keluarga,W_ACTIVE_COORDINATE_UNVERIFIED,coordinate_verified|latitude|longitude,Cek titik Google Maps/official. Isi reviewer_decision: coordinate_ok / coordinate_fix / uncertain.,,,,Belum diverifikasi. Cek pin Google Maps/koordinat resmi; isi coordinate_ok/coordinate_fix/uncertain dan catat bila titik perlu diperbaiki.,pending_manual_verification,coordinate_ok | coordinate_fix | uncertain,https://www.google.com/maps/search/?api=1&query=Rumah+Putih+Cukul+Bandung+Jawa+Barat,3
P1,92,coordinate_verification,LOC-166,Muara Rahong Hills,Wisata Alam,W_ACTIVE_COORDINATE_UNVERIFIED,coordinate_verified|latitude|longitude,Cek titik Google Maps/official. Isi reviewer_decision: coordinate_ok / coordinate_fix / uncertain.,,,,Belum diverifikasi. Cek pin Google Maps/koordinat resmi; isi coordinate_ok/coordinate_fix/uncertain dan catat bila titik perlu diperbaiki.,pending_manual_verification,coordinate_ok | coordinate_fix | uncertain,https://www.google.com/maps/search/?api=1&query=Muara+Rahong+Hills+Bandung+Jawa+Barat,3
P1,90,media_completion,LOC-120,Rumah Guguk,Wisata Satwa,W_ACTIVE_MEDIA_UNAVAILABLE,media_available|media_image_url|media_destination_url|media_website|media_source,Cari 1 URL gambar valid yang merepresentasikan tempat. Hindari gambar gelap/stock/tidak jelas.,,,,Belum diambil. Cek foto resmi/Google Maps; isi photo_url atau tandai no_media_found bila tidak ada media valid.,pending_manual_verification,media_filled | no_media_found | uncertain,https://www.google.com/maps/search/?api=1&query=Rumah+Guguk+Bandung+Jawa+Barat,5
P1,90,media_completion,LOC-133,Punclut Bandung (Puncak Ciumbuleuit),Wisata Alam,W_ACTIVE_MEDIA_UNAVAILABLE,media_available|media_image_url|media_destination_url|media_website|media_source,Cari 1 URL gambar valid yang merepresentasikan tempat. Hindari gambar gelap/stock/tidak jelas.,,,,Belum diambil. Cek foto resmi/Google Maps; isi photo_url atau tandai no_media_found bila tidak ada media valid.,pending_manual_verification,media_filled | no_media_found | uncertain,https://www.google.com/maps/search/?api=1&query=Punclut+Bandung+%28Puncak+Ciumbuleuit%29+Bandung+Jawa+Barat,5
P1,90,media_completion,LOC-148,Pesona Nirwana Waterpark,Wahana Air,W_ACTIVE_MEDIA_UNAVAILABLE,media_available|media_image_url|media_destination_url|media_website|media_source,Cari 1 URL gambar valid yang merepresentasikan tempat. Hindari gambar gelap/stock/tidak jelas.,,,,Belum diambil. Cek foto resmi/Google Maps; isi photo_url atau tandai no_media_found bila tidak ada media valid.,pending_manual_verification,media_filled | no_media_found | uncertain,https://www.google.com/maps/search/?api=1&query=Pesona+Nirwana+Waterpark+Bandung+Jawa+Barat,5
P1,90,media_completion,LOC-177,Wahoo Waterworld,Wahana Air,W_ACTIVE_MEDIA_UNAVAILABLE,media_available|media_image_url|media_destination_url|media_website|media_source,Cari 1 URL gambar valid yang merepresentasikan tempat. Hindari gambar gelap/stock/tidak jelas.,,,,Belum diambil. Cek foto resmi/Google Maps; isi photo_url atau tandai no_media_found bila tidak ada media valid.,pending_manual_verification,media_filled | no_media_found | uncertain,https://www.google.com/maps/search/?api=1&query=Wahoo+Waterworld+Bandung+Jawa+Barat,5
P1,90,media_completion,LOC-178,De'Ranch Lembang,Wisata Satwa,W_ACTIVE_MEDIA_UNAVAILABLE,media_available|media_image_url|media_destination_url|media_website|media_source,Cari 1 URL gambar valid yang merepresentasikan tempat. Hindari gambar gelap/stock/tidak jelas.,,,,Belum diambil. Cek foto resmi/Google Maps; isi photo_url atau tandai no_media_found bila tidak ada media valid.,pending_manual_verification,media_filled | no_media_found | uncertain,https://www.google.com/maps/search/?api=1&query=De%27Ranch+Lembang+Bandung+Jawa+Barat,5
P1,90,media_completion,LOC-181,Noah's Park Lembang,Rekreasi Keluarga,W_ACTIVE_MEDIA_UNAVAILABLE,media_available|media_image_url|media_destination_url|media_website|media_source,Cari 1 URL gambar valid yang merepresentasikan tempat. Hindari gambar gelap/stock/tidak jelas.,,,,Belum diambil. Cek foto resmi/Google Maps; isi photo_url atau tandai no_media_found bila tidak ada media valid.,pending_manual_verification,media_filled | no_media_found | uncertain,https://www.google.com/maps/search/?api=1&query=Noah%27s+Park+Lembang+Bandung+Jawa+Barat,5
P1,90,media_completion,LOC-182,Pine Forest Camp Lembang,Tempat Camping,W_ACTIVE_MEDIA_UNAVAILABLE,media_available|media_image_url|media_destination_url|media_website|media_source,Cari 1 URL gambar valid yang merepresentasikan tempat. Hindari gambar gelap/stock/tidak jelas.,,,,Belum diambil. Cek foto resmi/Google Maps; isi photo_url atau tandai no_media_found bila tidak ada media valid.,pending_manual_verification,media_filled | no_media_found | uncertain,https://www.google.com/maps/search/?api=1&query=Pine+Forest+Camp+Lembang+Bandung+Jawa+Barat,5
P1,90,media_completion,LOC-183,Imah Seniman Lembang,Penginapan Wisata,W_ACTIVE_MEDIA_UNAVAILABLE,media_available|media_image_url|media_destination_url|media_website|media_source,Cari 1 URL gambar valid yang merepresentasikan tempat. Hindari gambar gelap/stock/tidak jelas.,,,,Belum diambil. Cek foto resmi/Google Maps; isi photo_url atau tandai no_media_found bila tidak ada media valid.,pending_manual_verification,media_filled | no_media_found | uncertain,https://www.google.com/maps/search/?api=1&query=Imah+Seniman+Lembang+Bandung+Jawa+Barat,5
P1,90,media_completion,LOC-186,Indiana Camp Lembang,Tempat Camping,W_ACTIVE_MEDIA_UNAVAILABLE,media_available|media_image_url|media_destination_url|media_website|media_source,Cari 1 URL gambar valid yang merepresentasikan tempat. Hindari gambar gelap/stock/tidak jelas.,,,,Belum diambil. Cek foto resmi/Google Maps; isi photo_url atau tandai no_media_found bila tidak ada media valid.,pending_manual_verification,media_filled | no_media_found | uncertain,https://www.google.com/maps/search/?api=1&query=Indiana+Camp+Lembang+Bandung+Jawa+Barat,5
P1,90,media_completion,LOC-187,Curug Layung,Wisata Alam,W_ACTIVE_MEDIA_UNAVAILABLE,media_available|media_image_url|media_destination_url|media_website|media_source,Cari 1 URL gambar valid yang merepresentasikan tempat. Hindari gambar gelap/stock/tidak jelas.,,,,Belum diambil. Cek foto resmi/Google Maps; isi photo_url atau tandai no_media_found bila tidak ada media valid.,pending_manual_verification,media_filled | no_media_found | uncertain,https://www.google.com/maps/search/?api=1&query=Curug+Layung+Bandung+Jawa+Barat,5
P1,90,media_completion,LOC-193,Sanghyang Poek,Wisata Alam,W_ACTIVE_MEDIA_UNAVAILABLE,media_available|media_image_url|media_destination_url|media_website|media_source,Cari 1 URL gambar valid yang merepresentasikan tempat. Hindari gambar gelap/stock/tidak jelas.,,,,Belum diambil. Cek foto resmi/Google Maps; isi photo_url atau tandai no_media_found bila tidak ada media valid.,pending_manual_verification,media_filled | no_media_found | uncertain,https://www.google.com/maps/search/?api=1&query=Sanghyang+Poek+Bandung+Jawa+Barat,5
P1,90,media_completion,LOC-195,Sungai Cikahuripan Green Canyon Saguling,Wisata Alam,W_ACTIVE_MEDIA_UNAVAILABLE,media_available|media_image_url|media_destination_url|media_website|media_source,Cari 1 URL gambar valid yang merepresentasikan tempat. Hindari gambar gelap/stock/tidak jelas.,,,,Belum diambil. Cek foto resmi/Google Maps; isi photo_url atau tandai no_media_found bila tidak ada media valid.,pending_manual_verification,media_filled | no_media_found | uncertain,https://www.google.com/maps/search/?api=1&query=Sungai+Cikahuripan+Green+Canyon+Saguling+Bandung+Jawa+Barat,5
P1,90,media_completion,LOC-196,Curug Walanda Citatah,Wisata Alam,W_ACTIVE_MEDIA_UNAVAILABLE,media_available|media_image_url|media_destination_url|media_website|media_source,Cari 1 URL gambar valid yang merepresentasikan tempat. Hindari gambar gelap/stock/tidak jelas.,,,,Belum diambil. Cek foto resmi/Google Maps; isi photo_url atau tandai no_media_found bila tidak ada media valid.,pending_manual_verification,media_filled | no_media_found | uncertain,https://www.google.com/maps/search/?api=1&query=Curug+Walanda+Citatah+Bandung+Jawa+Barat,5
P1,90,media_completion,LOC-198,Tebing Gunung Hawu,Wisata Alam,W_ACTIVE_MEDIA_UNAVAILABLE,media_available|media_image_url|media_destination_url|media_website|media_source,Cari 1 URL gambar valid yang merepresentasikan tempat. Hindari gambar gelap/stock/tidak jelas.,,,,Belum diambil. Cek foto resmi/Google Maps; isi photo_url atau tandai no_media_found bila tidak ada media valid.,pending_manual_verification,media_filled | no_media_found | uncertain,https://www.google.com/maps/search/?api=1&query=Tebing+Gunung+Hawu+Bandung+Jawa+Barat,5
P1,90,media_completion,LOC-201,Curug Batu Templek,Wisata Alam,W_ACTIVE_MEDIA_UNAVAILABLE,media_available|media_image_url|media_destination_url|media_website|media_source,Cari 1 URL gambar valid yang merepresentasikan tempat. Hindari gambar gelap/stock/tidak jelas.,,,,Belum diambil. Cek foto resmi/Google Maps; isi photo_url atau tandai no_media_found bila tidak ada media valid.,pending_manual_verification,media_filled | no_media_found | uncertain,https://www.google.com/maps/search/?api=1&query=Curug+Batu+Templek+Bandung+Jawa+Barat,5
P1,90,media_completion,LOC-215,Taman Pramuka Bandung,Taman Kota,W_ACTIVE_MEDIA_UNAVAILABLE,media_available|media_image_url|media_destination_url|media_website|media_source,Cari 1 URL gambar valid yang merepresentasikan tempat. Hindari gambar gelap/stock/tidak jelas.,,,,Belum diambil. Cek foto resmi/Google Maps; isi photo_url atau tandai no_media_found bila tidak ada media valid.,pending_manual_verification,media_filled | no_media_found | uncertain,https://www.google.com/maps/search/?api=1&query=Taman+Pramuka+Bandung+Bandung+Jawa+Barat,5
P1,90,media_completion,LOC-219,Museum Inggit Garnasih,Tempat Belajar,W_ACTIVE_MEDIA_UNAVAILABLE,media_available|media_image_url|media_destination_url|media_website|media_source,Cari 1 URL gambar valid yang merepresentasikan tempat. Hindari gambar gelap/stock/tidak jelas.,,,,Belum diambil. Cek foto resmi/Google Maps; isi photo_url atau tandai no_media_found bila tidak ada media valid.,pending_manual_verification,media_filled | no_media_found | uncertain,https://www.google.com/maps/search/?api=1&query=Museum+Inggit+Garnasih+Bandung+Jawa+Barat,5
P1,90,media_completion,LOC-222,Nuansa Riung Gunung,Wisata Alam,W_ACTIVE_MEDIA_UNAVAILABLE,media_available|media_image_url|media_destination_url|media_website|media_source,Cari 1 URL gambar valid yang merepresentasikan tempat. Hindari gambar gelap/stock/tidak jelas.,,,,Belum diambil. Cek foto resmi/Google Maps; isi photo_url atau tandai no_media_found bila tidak ada media valid.,pending_manual_verification,media_filled | no_media_found | uncertain,https://www.google.com/maps/search/?api=1&query=Nuansa+Riung+Gunung+Bandung+Jawa+Barat,5
P1,90,media_completion,LOC-225,Curug Ceret Pangalengan,Wisata Alam,W_ACTIVE_MEDIA_UNAVAILABLE,media_available|media_image_url|media_destination_url|media_website|media_source,Cari 1 URL gambar valid yang merepresentasikan tempat. Hindari gambar gelap/stock/tidak jelas.,,,,Belum diambil. Cek foto resmi/Google Maps; isi photo_url atau tandai no_media_found bila tidak ada media valid.,pending_manual_verification,media_filled | no_media_found | uncertain,https://www.google.com/maps/search/?api=1&query=Curug+Ceret+Pangalengan+Bandung+Jawa+Barat,5
P1,90,media_completion,LOC-226,Gunung Nini Pangalengan,Wisata Alam,W_ACTIVE_MEDIA_UNAVAILABLE,media_available|media_image_url|media_destination_url|media_website|media_source,Cari 1 URL gambar valid yang merepresentasikan tempat. Hindari gambar gelap/stock/tidak jelas.,,,,Belum diambil. Cek foto resmi/Google Maps; isi photo_url atau tandai no_media_found bila tidak ada media valid.,pending_manual_verification,media_filled | no_media_found | uncertain,https://www.google.com/maps/search/?api=1&query=Gunung+Nini+Pangalengan+Bandung+Jawa+Barat,5
P1,88,rating_sentiment_completion,LOC-068,Pasar Cimindi,Tempat Belanja,W_ACTIVE_RATING_MISSING|W_ACTIVE_SENTIMENT_UNAVAILABLE,avg_rating|sentiment_available|sentiment_model_source|sentiment_model_version,"Isi rating rata-rata dan/atau catatan jumlah review terbaru. Jika review minim, tulis low confidence.",,,,"Belum diambil dari sumber aktual. Cek rating rata-rata, jumlah/ulasan terbaru, dan tulis low confidence bila review minim.",pending_manual_verification,rating_filled | low_confidence | uncertain,https://www.google.com/maps/search/?api=1&query=Pasar+Cimindi+Bandung+Jawa+Barat,4
P1,88,rating_sentiment_completion,LOC-133,Punclut Bandung (Puncak Ciumbuleuit),Wisata Alam,W_ACTIVE_RATING_MISSING|W_ACTIVE_SENTIMENT_UNAVAILABLE,avg_rating|sentiment_available|sentiment_model_source|sentiment_model_version,"Isi rating rata-rata dan/atau catatan jumlah review terbaru. Jika review minim, tulis low confidence.",,,,"Belum diambil dari sumber aktual. Cek rating rata-rata, jumlah/ulasan terbaru, dan tulis low confidence bila review minim.",pending_manual_verification,rating_filled | low_confidence | uncertain,https://www.google.com/maps/search/?api=1&query=Punclut+Bandung+%28Puncak+Ciumbuleuit%29+Bandung+Jawa+Barat,4
P1,88,rating_sentiment_completion,LOC-137,Rumah Belanda,Tempat Budaya,W_ACTIVE_RATING_MISSING|W_ACTIVE_SENTIMENT_UNAVAILABLE,avg_rating|sentiment_available|sentiment_model_source|sentiment_model_version,"Isi rating rata-rata dan/atau catatan jumlah review terbaru. Jika review minim, tulis low confidence.",,,,"Belum diambil dari sumber aktual. Cek rating rata-rata, jumlah/ulasan terbaru, dan tulis low confidence bila review minim.",pending_manual_verification,rating_filled | low_confidence | uncertain,https://www.google.com/maps/search/?api=1&query=Rumah+Belanda+Bandung+Jawa+Barat,4
P1,88,rating_sentiment_completion,LOC-155,Curug Panganten,Wisata Alam,W_ACTIVE_RATING_MISSING|W_ACTIVE_SENTIMENT_UNAVAILABLE,avg_rating|sentiment_available|sentiment_model_source|sentiment_model_version,"Isi rating rata-rata dan/atau catatan jumlah review terbaru. Jika review minim, tulis low confidence.",,,,"Belum diambil dari sumber aktual. Cek rating rata-rata, jumlah/ulasan terbaru, dan tulis low confidence bila review minim.",pending_manual_verification,rating_filled | low_confidence | uncertain,https://www.google.com/maps/search/?api=1&query=Curug+Panganten+Bandung+Jawa+Barat,4
P1,88,rating_sentiment_completion,LOC-195,Sungai Cikahuripan Green Canyon Saguling,Wisata Alam,W_ACTIVE_RATING_MISSING|W_ACTIVE_SENTIMENT_UNAVAILABLE,avg_rating|sentiment_available|sentiment_model_source|sentiment_model_version,"Isi rating rata-rata dan/atau catatan jumlah review terbaru. Jika review minim, tulis low confidence.",,,,"Belum diambil dari sumber aktual. Cek rating rata-rata, jumlah/ulasan terbaru, dan tulis low confidence bila review minim.",pending_manual_verification,rating_filled | low_confidence | uncertain,https://www.google.com/maps/search/?api=1&query=Sungai+Cikahuripan+Green+Canyon+Saguling+Bandung+Jawa+Barat,4
P1,88,rating_sentiment_completion,LOC-196,Curug Walanda Citatah,Wisata Alam,W_ACTIVE_RATING_MISSING|W_ACTIVE_SENTIMENT_UNAVAILABLE,avg_rating|sentiment_available|sentiment_model_source|sentiment_model_version,"Isi rating rata-rata dan/atau catatan jumlah review terbaru. Jika review minim, tulis low confidence.",,,,"Belum diambil dari sumber aktual. Cek rating rata-rata, jumlah/ulasan terbaru, dan tulis low confidence bila review minim.",pending_manual_verification,rating_filled | low_confidence | uncertain,https://www.google.com/maps/search/?api=1&query=Curug+Walanda+Citatah+Bandung+Jawa+Barat,4
P1,88,rating_sentiment_completion,LOC-226,Gunung Nini Pangalengan,Wisata Alam,W_ACTIVE_RATING_MISSING|W_ACTIVE_SENTIMENT_UNAVAILABLE,avg_rating|sentiment_available|sentiment_model_source|sentiment_model_version,"Isi rating rata-rata dan/atau catatan jumlah review terbaru. Jika review minim, tulis low confidence.",,,,"Belum diambil dari sumber aktual. Cek rating rata-rata, jumlah/ulasan terbaru, dan tulis low confidence bila review minim.",pending_manual_verification,rating_filled | low_confidence | uncertain,https://www.google.com/maps/search/?api=1&query=Gunung+Nini+Pangalengan+Bandung+Jawa+Barat,4
P1,88,rating_sentiment_completion,LOC-234,Perkebunan Teh Rancabali,Rekreasi Alam,W_ACTIVE_RATING_MISSING|W_ACTIVE_SENTIMENT_UNAVAILABLE,avg_rating|sentiment_available|sentiment_model_source|sentiment_model_version,"Isi rating rata-rata dan/atau catatan jumlah review terbaru. Jika review minim, tulis low confidence.",,,,"Belum diambil dari sumber aktual. Cek rating rata-rata, jumlah/ulasan terbaru, dan tulis low confidence bila review minim.",pending_manual_verification,rating_filled | low_confidence | uncertain,https://www.google.com/maps/search/?api=1&query=Perkebunan+Teh+Rancabali+Bandung+Jawa+Barat,4
P1,85,facility_verification,LOC-001,23 Paskal Shopping Center,Tempat Belanja,W_ACTIVE_FACILITY_VERIFICATION_SPARSE,parking_verified|wheelchair_accessible_verified|toilet_verified|mushola_verified|pet_friendly_verified,"Cek fasilitas utama: parkir, toilet, mushola, akses kursi roda, pet friendly bila relevan.",,,,"Belum diverifikasi. Cek fasilitas utama: parkir, toilet, mushola, akses kursi roda, dan pet friendly bila relevan dari ulasan/foto terbaru.",pending_manual_verification,facility_verified | sparse_evidence | uncertain,https://www.google.com/maps/search/?api=1&query=23+Paskal+Shopping+Center+Bandung+Jawa+Barat,5
P1,85,facility_verification,LOC-002,Alam Wisata Cimahi,Rekreasi Keluarga,W_ACTIVE_FACILITY_VERIFICATION_SPARSE,parking_verified|wheelchair_accessible_verified|toilet_verified|mushola_verified|pet_friendly_verified,"Cek fasilitas utama: parkir, toilet, mushola, akses kursi roda, pet friendly bila relevan.",,,,"Belum diverifikasi. Cek fasilitas utama: parkir, toilet, mushola, akses kursi roda, dan pet friendly bila relevan dari ulasan/foto terbaru.",pending_manual_verification,facility_verified | sparse_evidence | uncertain,https://www.google.com/maps/search/?api=1&query=Alam+Wisata+Cimahi+Bandung+Jawa+Barat,5
P1,85,facility_verification,LOC-005,Amazing Artgames,Rekreasi Keluarga,W_ACTIVE_FACILITY_VERIFICATION_SPARSE,parking_verified|wheelchair_accessible_verified|toilet_verified|mushola_verified|pet_friendly_verified,"Cek fasilitas utama: parkir, toilet, mushola, akses kursi roda, pet friendly bila relevan.",,,,"Belum diverifikasi. Cek fasilitas utama: parkir, toilet, mushola, akses kursi roda, dan pet friendly bila relevan dari ulasan/foto terbaru.",pending_manual_verification,facility_verified | sparse_evidence | uncertain,https://www.google.com/maps/search/?api=1&query=Amazing+Artgames+Bandung+Jawa+Barat,5
P1,85,facility_verification,LOC-006,Bandung Carnival Land,Rekreasi Keluarga,W_ACTIVE_FACILITY_VERIFICATION_SPARSE,parking_verified|wheelchair_accessible_verified|toilet_verified|mushola_verified|pet_friendly_verified,"Cek fasilitas utama: parkir, toilet, mushola, akses kursi roda, pet friendly bila relevan.",,,,"Belum diverifikasi. Cek fasilitas utama: parkir, toilet, mushola, akses kursi roda, dan pet friendly bila relevan dari ulasan/foto terbaru.",pending_manual_verification,facility_verified | sparse_evidence | uncertain,https://www.google.com/maps/search/?api=1&query=Bandung+Carnival+Land+Bandung+Jawa+Barat,5
P1,85,facility_verification,LOC-007,Bandung Indah Plaza,Tempat Belanja,W_ACTIVE_FACILITY_VERIFICATION_SPARSE,parking_verified|wheelchair_accessible_verified|toilet_verified|mushola_verified|pet_friendly_verified,"Cek fasilitas utama: parkir, toilet, mushola, akses kursi roda, pet friendly bila relevan.",,,,"Belum diverifikasi. Cek fasilitas utama: parkir, toilet, mushola, akses kursi roda, dan pet friendly bila relevan dari ulasan/foto terbaru.",pending_manual_verification,facility_verified | sparse_evidence | uncertain,https://www.google.com/maps/search/?api=1&query=Bandung+Indah+Plaza+Bandung+Jawa+Barat,5
P1,85,facility_verification,LOC-010,Braga Citywalk,Tempat Belanja,W_ACTIVE_FACILITY_VERIFICATION_SPARSE,parking_verified|wheelchair_accessible_verified|toilet_verified|mushola_verified|pet_friendly_verified,"Cek fasilitas utama: parkir, toilet, mushola, akses kursi roda, pet friendly bila relevan.",,,,"Belum diverifikasi. Cek fasilitas utama: parkir, toilet, mushola, akses kursi roda, dan pet friendly bila relevan dari ulasan/foto terbaru.",pending_manual_verification,facility_verified | sparse_evidence | uncertain,https://www.google.com/maps/search/?api=1&query=Braga+Citywalk+Bandung+Jawa+Barat,5
P1,85,facility_verification,LOC-017,Cihampelas Walk,Tempat Belanja,W_ACTIVE_FACILITY_VERIFICATION_SPARSE,parking_verified|wheelchair_accessible_verified|toilet_verified|mushola_verified|pet_friendly_verified,"Cek fasilitas utama: parkir, toilet, mushola, akses kursi roda, pet friendly bila relevan.",,,,"Belum diverifikasi. Cek fasilitas utama: parkir, toilet, mushola, akses kursi roda, dan pet friendly bila relevan dari ulasan/foto terbaru.",pending_manual_verification,facility_verified | sparse_evidence | uncertain,https://www.google.com/maps/search/?api=1&query=Cihampelas+Walk+Bandung+Jawa+Barat,5
P1,85,facility_verification,LOC-018,Cimahi Mall,Tempat Belanja,W_ACTIVE_FACILITY_VERIFICATION_SPARSE,parking_verified|wheelchair_accessible_verified|toilet_verified|mushola_verified|pet_friendly_verified,"Cek fasilitas utama: parkir, toilet, mushola, akses kursi roda, pet friendly bila relevan.",,,,"Belum diverifikasi. Cek fasilitas utama: parkir, toilet, mushola, akses kursi roda, dan pet friendly bila relevan dari ulasan/foto terbaru.",pending_manual_verification,facility_verified | sparse_evidence | uncertain,https://www.google.com/maps/search/?api=1&query=Cimahi+Mall+Bandung+Jawa+Barat,5
P1,85,facility_verification,LOC-027,Dago Dreampark,Rekreasi Keluarga,W_ACTIVE_FACILITY_VERIFICATION_SPARSE,parking_verified|wheelchair_accessible_verified|toilet_verified|mushola_verified|pet_friendly_verified,"Cek fasilitas utama: parkir, toilet, mushola, akses kursi roda, pet friendly bila relevan.",,,,"Belum diverifikasi. Cek fasilitas utama: parkir, toilet, mushola, akses kursi roda, dan pet friendly bila relevan dari ulasan/foto terbaru.",pending_manual_verification,facility_verified | sparse_evidence | uncertain,https://www.google.com/maps/search/?api=1&query=Dago+Dreampark+Bandung+Jawa+Barat,5
P1,85,facility_verification,LOC-029,Dusun Bambu,Rekreasi Keluarga,W_ACTIVE_FACILITY_VERIFICATION_SPARSE,parking_verified|wheelchair_accessible_verified|toilet_verified|mushola_verified|pet_friendly_verified,"Cek fasilitas utama: parkir, toilet, mushola, akses kursi roda, pet friendly bila relevan.",,,,"Belum diverifikasi. Cek fasilitas utama: parkir, toilet, mushola, akses kursi roda, dan pet friendly bila relevan dari ulasan/foto terbaru.",pending_manual_verification,facility_verified | sparse_evidence | uncertain,https://www.google.com/maps/search/?api=1&query=Dusun+Bambu+Bandung+Jawa+Barat,5
P1,85,facility_verification,LOC-030,Farm House Susu Lembang,Rekreasi Keluarga,W_ACTIVE_FACILITY_VERIFICATION_SPARSE,parking_verified|wheelchair_accessible_verified|toilet_verified|mushola_verified|pet_friendly_verified,"Cek fasilitas utama: parkir, toilet, mushola, akses kursi roda, pet friendly bila relevan.",,,,"Belum diverifikasi. Cek fasilitas utama: parkir, toilet, mushola, akses kursi roda, dan pet friendly bila relevan dari ulasan/foto terbaru.",pending_manual_verification,facility_verified | sparse_evidence | uncertain,https://www.google.com/maps/search/?api=1&query=Farm+House+Susu+Lembang+Bandung+Jawa+Barat,5
P1,85,facility_verification,LOC-031,Floating Market Lembang,Rekreasi Keluarga,W_ACTIVE_FACILITY_VERIFICATION_SPARSE,parking_verified|wheelchair_accessible_verified|toilet_verified|mushola_verified|pet_friendly_verified,"Cek fasilitas utama: parkir, toilet, mushola, akses kursi roda, pet friendly bila relevan.",,,,"Belum diverifikasi. Cek fasilitas utama: parkir, toilet, mushola, akses kursi roda, dan pet friendly bila relevan dari ulasan/foto terbaru.",pending_manual_verification,facility_verified | sparse_evidence | uncertain,https://www.google.com/maps/search/?api=1&query=Floating+Market+Lembang+Bandung+Jawa+Barat,5
P1,85,facility_verification,LOC-038,Gn. Tangkuban Parahu,Rekreasi Keluarga,W_ACTIVE_FACILITY_VERIFICATION_SPARSE,parking_verified|wheelchair_accessible_verified|toilet_verified|mushola_verified|pet_friendly_verified,"Cek fasilitas utama: parkir, toilet, mushola, akses kursi roda, pet friendly bila relevan.",,,,"Belum diverifikasi. Cek fasilitas utama: parkir, toilet, mushola, akses kursi roda, dan pet friendly bila relevan dari ulasan/foto terbaru.",pending_manual_verification,facility_verified | sparse_evidence | uncertain,https://www.google.com/maps/search/?api=1&query=Gn.+Tangkuban+Parahu+Bandung+Jawa+Barat,5
P1,85,facility_verification,LOC-044,Jans Park (Jatinangor National Park),Rekreasi Keluarga,W_ACTIVE_FACILITY_VERIFICATION_SPARSE,parking_verified|wheelchair_accessible_verified|toilet_verified|mushola_verified|pet_friendly_verified,"Cek fasilitas utama: parkir, toilet, mushola, akses kursi roda, pet friendly bila relevan.",,,,"Belum diverifikasi. Cek fasilitas utama: parkir, toilet, mushola, akses kursi roda, dan pet friendly bila relevan dari ulasan/foto terbaru.",pending_manual_verification,facility_verified | sparse_evidence | uncertain,https://www.google.com/maps/search/?api=1&query=Jans+Park+%28Jatinangor+National+Park%29+Bandung+Jawa+Barat,5
P1,85,facility_verification,LOC-054,Lembang Wonderland,Rekreasi Keluarga,W_ACTIVE_FACILITY_VERIFICATION_SPARSE,parking_verified|wheelchair_accessible_verified|toilet_verified|mushola_verified|pet_friendly_verified,"Cek fasilitas utama: parkir, toilet, mushola, akses kursi roda, pet friendly bila relevan.",,,,"Belum diverifikasi. Cek fasilitas utama: parkir, toilet, mushola, akses kursi roda, dan pet friendly bila relevan dari ulasan/foto terbaru.",pending_manual_verification,facility_verified | sparse_evidence | uncertain,https://www.google.com/maps/search/?api=1&query=Lembang+Wonderland+Bandung+Jawa+Barat,5
P1,85,facility_verification,LOC-064,Nimo Highland,Rekreasi Keluarga,W_ACTIVE_FACILITY_VERIFICATION_SPARSE,parking_verified|wheelchair_accessible_verified|toilet_verified|mushola_verified|pet_friendly_verified,"Cek fasilitas utama: parkir, toilet, mushola, akses kursi roda, pet friendly bila relevan.",,,,"Belum diverifikasi. Cek fasilitas utama: parkir, toilet, mushola, akses kursi roda, dan pet friendly bila relevan dari ulasan/foto terbaru.",pending_manual_verification,facility_verified | sparse_evidence | uncertain,https://www.google.com/maps/search/?api=1&query=Nimo+Highland+Bandung+Jawa+Barat,5
P1,85,facility_verification,LOC-066,Pandiga Educreation Sports,Rekreasi Keluarga,W_ACTIVE_FACILITY_VERIFICATION_SPARSE,parking_verified|wheelchair_accessible_verified|toilet_verified|mushola_verified|pet_friendly_verified,"Cek fasilitas utama: parkir, toilet, mushola, akses kursi roda, pet friendly bila relevan.",,,,"Belum diverifikasi. Cek fasilitas utama: parkir, toilet, mushola, akses kursi roda, dan pet friendly bila relevan dari ulasan/foto terbaru.",pending_manual_verification,facility_verified | sparse_evidence | uncertain,https://www.google.com/maps/search/?api=1&query=Pandiga+Educreation+Sports+Bandung+Jawa+Barat,5
P1,85,facility_verification,LOC-067,Paris Van Java Resort Lifestyle Place,Tempat Belanja,W_ACTIVE_FACILITY_VERIFICATION_SPARSE,parking_verified|wheelchair_accessible_verified|toilet_verified|mushola_verified|pet_friendly_verified,"Cek fasilitas utama: parkir, toilet, mushola, akses kursi roda, pet friendly bila relevan.",,,,"Belum diverifikasi. Cek fasilitas utama: parkir, toilet, mushola, akses kursi roda, dan pet friendly bila relevan dari ulasan/foto terbaru.",pending_manual_verification,facility_verified | sparse_evidence | uncertain,https://www.google.com/maps/search/?api=1&query=Paris+Van+Java+Resort+Lifestyle+Place+Bandung+Jawa+Barat,5
P1,85,facility_verification,LOC-068,Pasar Cimindi,Tempat Belanja,W_ACTIVE_FACILITY_VERIFICATION_SPARSE,parking_verified|wheelchair_accessible_verified|toilet_verified|mushola_verified|pet_friendly_verified,"Cek fasilitas utama: parkir, toilet, mushola, akses kursi roda, pet friendly bila relevan.",,,,"Belum diverifikasi. Cek fasilitas utama: parkir, toilet, mushola, akses kursi roda, dan pet friendly bila relevan dari ulasan/foto terbaru.",pending_manual_verification,facility_verified | sparse_evidence | uncertain,https://www.google.com/maps/search/?api=1&query=Pasar+Cimindi+Bandung+Jawa+Barat,5
P1,85,facility_verification,LOC-074,Rumah Makan Sangu Liwet Ibu Ika Pasirjambu Ciwidey,Tempat Kuliner,W_ACTIVE_FACILITY_VERIFICATION_SPARSE,parking_verified|wheelchair_accessible_verified|toilet_verified|mushola_verified|pet_friendly_verified,"Cek fasilitas utama: parkir, toilet, mushola, akses kursi roda, pet friendly bila relevan.",,,,"Belum diverifikasi. Cek fasilitas utama: parkir, toilet, mushola, akses kursi roda, dan pet friendly bila relevan dari ulasan/foto terbaru.",pending_manual_verification,facility_verified | sparse_evidence | uncertain,https://www.google.com/maps/search/?api=1&query=Rumah+Makan+Sangu+Liwet+Ibu+Ika+Pasirjambu+Ciwidey+Bandung+Jawa+Barat,5
P1,85,facility_verification,LOC-097,Taman Lembah Dewata,Rekreasi Keluarga,W_ACTIVE_FACILITY_VERIFICATION_SPARSE,parking_verified|wheelchair_accessible_verified|toilet_verified|mushola_verified|pet_friendly_verified,"Cek fasilitas utama: parkir, toilet, mushola, akses kursi roda, pet friendly bila relevan.",,,,"Belum diverifikasi. Cek fasilitas utama: parkir, toilet, mushola, akses kursi roda, dan pet friendly bila relevan dari ulasan/foto terbaru.",pending_manual_verification,facility_verified | sparse_evidence | uncertain,https://www.google.com/maps/search/?api=1&query=Taman+Lembah+Dewata+Bandung+Jawa+Barat,5
P1,85,facility_verification,LOC-102,Terminal Wisata Grafika Cikole,Rekreasi Keluarga,W_ACTIVE_FACILITY_VERIFICATION_SPARSE,parking_verified|wheelchair_accessible_verified|toilet_verified|mushola_verified|pet_friendly_verified,"Cek fasilitas utama: parkir, toilet, mushola, akses kursi roda, pet friendly bila relevan.",,,,"Belum diverifikasi. Cek fasilitas utama: parkir, toilet, mushola, akses kursi roda, dan pet friendly bila relevan dari ulasan/foto terbaru.",pending_manual_verification,facility_verified | sparse_evidence | uncertain,https://www.google.com/maps/search/?api=1&query=Terminal+Wisata+Grafika+Cikole+Bandung+Jawa+Barat,5
P1,85,facility_verification,LOC-104,The Kings Shopping Centre,Tempat Belanja,W_ACTIVE_FACILITY_VERIFICATION_SPARSE,parking_verified|wheelchair_accessible_verified|toilet_verified|mushola_verified|pet_friendly_verified,"Cek fasilitas utama: parkir, toilet, mushola, akses kursi roda, pet friendly bila relevan.",,,,"Belum diverifikasi. Cek fasilitas utama: parkir, toilet, mushola, akses kursi roda, dan pet friendly bila relevan dari ulasan/foto terbaru.",pending_manual_verification,facility_verified | sparse_evidence | uncertain,https://www.google.com/maps/search/?api=1&query=The+Kings+Shopping+Centre+Bandung+Jawa+Barat,5
P1,85,facility_verification,LOC-105,The Lodge Maribaya,Rekreasi Keluarga,W_ACTIVE_FACILITY_VERIFICATION_SPARSE,parking_verified|wheelchair_accessible_verified|toilet_verified|mushola_verified|pet_friendly_verified,"Cek fasilitas utama: parkir, toilet, mushola, akses kursi roda, pet friendly bila relevan.",,,,"Belum diverifikasi. Cek fasilitas utama: parkir, toilet, mushola, akses kursi roda, dan pet friendly bila relevan dari ulasan/foto terbaru.",pending_manual_verification,facility_verified | sparse_evidence | uncertain,https://www.google.com/maps/search/?api=1&query=The+Lodge+Maribaya+Bandung+Jawa+Barat,5
P1,85,facility_verification,LOC-106,The Nice Park Bandung,Rekreasi Keluarga,W_ACTIVE_FACILITY_VERIFICATION_SPARSE,parking_verified|wheelchair_accessible_verified|toilet_verified|mushola_verified|pet_friendly_verified,"Cek fasilitas utama: parkir, toilet, mushola, akses kursi roda, pet friendly bila relevan.",,,,"Belum diverifikasi. Cek fasilitas utama: parkir, toilet, mushola, akses kursi roda, dan pet friendly bila relevan dari ulasan/foto terbaru.",pending_manual_verification,facility_verified | sparse_evidence | uncertain,https://www.google.com/maps/search/?api=1&query=The+Nice+Park+Bandung+Bandung+Jawa+Barat,5
P1,85,facility_verification,LOC-108,Trans Studio Bandung,Rekreasi Keluarga,W_ACTIVE_FACILITY_VERIFICATION_SPARSE,parking_verified|wheelchair_accessible_verified|toilet_verified|mushola_verified|pet_friendly_verified,"Cek fasilitas utama: parkir, toilet, mushola, akses kursi roda, pet friendly bila relevan.",,,,"Belum diverifikasi. Cek fasilitas utama: parkir, toilet, mushola, akses kursi roda, dan pet friendly bila relevan dari ulasan/foto terbaru.",pending_manual_verification,facility_verified | sparse_evidence | uncertain,https://www.google.com/maps/search/?api=1&query=Trans+Studio+Bandung+Bandung+Jawa+Barat,5
P1,85,facility_verification,LOC-109,Trans Studio Mall Bandung,Tempat Belanja,W_ACTIVE_FACILITY_VERIFICATION_SPARSE,parking_verified|wheelchair_accessible_verified|toilet_verified|mushola_verified|pet_friendly_verified,"Cek fasilitas utama: parkir, toilet, mushola, akses kursi roda, pet friendly bila relevan.",,,,"Belum diverifikasi. Cek fasilitas utama: parkir, toilet, mushola, akses kursi roda, dan pet friendly bila relevan dari ulasan/foto terbaru.",pending_manual_verification,facility_verified | sparse_evidence | uncertain,https://www.google.com/maps/search/?api=1&query=Trans+Studio+Mall+Bandung+Bandung+Jawa+Barat,5
P1,85,facility_verification,LOC-110,Upside Down World Bandung,Rekreasi Keluarga,W_ACTIVE_FACILITY_VERIFICATION_SPARSE,parking_verified|wheelchair_accessible_verified|toilet_verified|mushola_verified|pet_friendly_verified,"Cek fasilitas utama: parkir, toilet, mushola, akses kursi roda, pet friendly bila relevan.",,,,"Belum diverifikasi. Cek fasilitas utama: parkir, toilet, mushola, akses kursi roda, dan pet friendly bila relevan dari ulasan/foto terbaru.",pending_manual_verification,facility_verified | sparse_evidence | uncertain,https://www.google.com/maps/search/?api=1&query=Upside+Down+World+Bandung+Bandung+Jawa+Barat,5
P1,85,facility_verification,LOC-111,Venus Cimahi,Rekreasi Keluarga,W_ACTIVE_FACILITY_VERIFICATION_SPARSE,parking_verified|wheelchair_accessible_verified|toilet_verified|mushola_verified|pet_friendly_verified,"Cek fasilitas utama: parkir, toilet, mushola, akses kursi roda, pet friendly bila relevan.",,,,"Belum diverifikasi. Cek fasilitas utama: parkir, toilet, mushola, akses kursi roda, dan pet friendly bila relevan dari ulasan/foto terbaru.",pending_manual_verification,facility_verified | sparse_evidence | uncertain,https://www.google.com/maps/search/?api=1&query=Venus+Cimahi+Bandung+Jawa+Barat,5
P1,85,facility_verification,LOC-116,Wisata Kampoeng Ciherang,Rekreasi Keluarga,W_ACTIVE_FACILITY_VERIFICATION_SPARSE,parking_verified|wheelchair_accessible_verified|toilet_verified|mushola_verified|pet_friendly_verified,"Cek fasilitas utama: parkir, toilet, mushola, akses kursi roda, pet friendly bila relevan.",,,,"Belum diverifikasi. Cek fasilitas utama: parkir, toilet, mushola, akses kursi roda, dan pet friendly bila relevan dari ulasan/foto terbaru.",pending_manual_verification,facility_verified | sparse_evidence | uncertain,https://www.google.com/maps/search/?api=1&query=Wisata+Kampoeng+Ciherang+Bandung+Jawa+Barat,5
P1,85,facility_verification,LOC-117,Kiara Artha Park,Rekreasi Keluarga,W_ACTIVE_FACILITY_VERIFICATION_SPARSE,parking_verified|wheelchair_accessible_verified|toilet_verified|mushola_verified|pet_friendly_verified,"Cek fasilitas utama: parkir, toilet, mushola, akses kursi roda, pet friendly bila relevan.",,,,"Belum diverifikasi. Cek fasilitas utama: parkir, toilet, mushola, akses kursi roda, dan pet friendly bila relevan dari ulasan/foto terbaru.",pending_manual_verification,facility_verified | sparse_evidence | uncertain,https://www.google.com/maps/search/?api=1&query=Kiara+Artha+Park+Bandung+Jawa+Barat,5
P1,85,facility_verification,LOC-122,Peta Park,Rekreasi Keluarga,W_ACTIVE_FACILITY_VERIFICATION_SPARSE,parking_verified|wheelchair_accessible_verified|toilet_verified|mushola_verified|pet_friendly_verified,"Cek fasilitas utama: parkir, toilet, mushola, akses kursi roda, pet friendly bila relevan.",,,,"Belum diverifikasi. Cek fasilitas utama: parkir, toilet, mushola, akses kursi roda, dan pet friendly bila relevan dari ulasan/foto terbaru.",pending_manual_verification,facility_verified | sparse_evidence | uncertain,https://www.google.com/maps/search/?api=1&query=Peta+Park+Bandung+Jawa+Barat,5
P1,85,facility_verification,LOC-127,Sarae Hills,Rekreasi Keluarga,W_ACTIVE_FACILITY_VERIFICATION_SPARSE,parking_verified|wheelchair_accessible_verified|toilet_verified|mushola_verified|pet_friendly_verified,"Cek fasilitas utama: parkir, toilet, mushola, akses kursi roda, pet friendly bila relevan.",,,,"Belum diverifikasi. Cek fasilitas utama: parkir, toilet, mushola, akses kursi roda, dan pet friendly bila relevan dari ulasan/foto terbaru.",pending_manual_verification,facility_verified | sparse_evidence | uncertain,https://www.google.com/maps/search/?api=1&query=Sarae+Hills+Bandung+Jawa+Barat,5
P1,85,facility_verification,LOC-130,Fairy Garden by The Lodge,Rekreasi Keluarga,W_ACTIVE_FACILITY_VERIFICATION_SPARSE,parking_verified|wheelchair_accessible_verified|toilet_verified|mushola_verified|pet_friendly_verified,"Cek fasilitas utama: parkir, toilet, mushola, akses kursi roda, pet friendly bila relevan.",,,,"Belum diverifikasi. Cek fasilitas utama: parkir, toilet, mushola, akses kursi roda, dan pet friendly bila relevan dari ulasan/foto terbaru.",pending_manual_verification,facility_verified | sparse_evidence | uncertain,https://www.google.com/maps/search/?api=1&query=Fairy+Garden+by+The+Lodge+Bandung+Jawa+Barat,5
P1,85,facility_verification,LOC-135,Taman Main Mili-Mili & Hutan Mycelia,Rekreasi Keluarga,W_ACTIVE_FACILITY_VERIFICATION_SPARSE,parking_verified|wheelchair_accessible_verified|toilet_verified|mushola_verified|pet_friendly_verified,"Cek fasilitas utama: parkir, toilet, mushola, akses kursi roda, pet friendly bila relevan.",,,,"Belum diverifikasi. Cek fasilitas utama: parkir, toilet, mushola, akses kursi roda, dan pet friendly bila relevan dari ulasan/foto terbaru.",pending_manual_verification,facility_verified | sparse_evidence | uncertain,https://www.google.com/maps/search/?api=1&query=Taman+Main+Mili-Mili+%26+Hutan+Mycelia+Bandung+Jawa+Barat,5
P1,85,facility_verification,LOC-141,Taman Wisata Bougenville,Rekreasi Keluarga,W_ACTIVE_FACILITY_VERIFICATION_SPARSE,parking_verified|wheelchair_accessible_verified|toilet_verified|mushola_verified|pet_friendly_verified,"Cek fasilitas utama: parkir, toilet, mushola, akses kursi roda, pet friendly bila relevan.",,,,"Belum diverifikasi. Cek fasilitas utama: parkir, toilet, mushola, akses kursi roda, dan pet friendly bila relevan dari ulasan/foto terbaru.",pending_manual_verification,facility_verified | sparse_evidence | uncertain,https://www.google.com/maps/search/?api=1&query=Taman+Wisata+Bougenville+Bandung+Jawa+Barat,5
P1,85,facility_verification,LOC-144,Barusen Hills Ciwidey,Rekreasi Keluarga,W_ACTIVE_FACILITY_VERIFICATION_SPARSE,parking_verified|wheelchair_accessible_verified|toilet_verified|mushola_verified|pet_friendly_verified,"Cek fasilitas utama: parkir, toilet, mushola, akses kursi roda, pet friendly bila relevan.",,,,"Belum diverifikasi. Cek fasilitas utama: parkir, toilet, mushola, akses kursi roda, dan pet friendly bila relevan dari ulasan/foto terbaru.",pending_manual_verification,facility_verified | sparse_evidence | uncertain,https://www.google.com/maps/search/?api=1&query=Barusen+Hills+Ciwidey+Bandung+Jawa+Barat,5
P1,85,facility_verification,LOC-145,Palalangon Park,Rekreasi Keluarga,W_ACTIVE_FACILITY_VERIFICATION_SPARSE,parking_verified|wheelchair_accessible_verified|toilet_verified|mushola_verified|pet_friendly_verified,"Cek fasilitas utama: parkir, toilet, mushola, akses kursi roda, pet friendly bila relevan.",,,,"Belum diverifikasi. Cek fasilitas utama: parkir, toilet, mushola, akses kursi roda, dan pet friendly bila relevan dari ulasan/foto terbaru.",pending_manual_verification,facility_verified | sparse_evidence | uncertain,https://www.google.com/maps/search/?api=1&query=Palalangon+Park+Bandung+Jawa+Barat,5
P1,85,facility_verification,LOC-146,Taman Love Soreang,Rekreasi Keluarga,W_ACTIVE_FACILITY_VERIFICATION_SPARSE,parking_verified|wheelchair_accessible_verified|toilet_verified|mushola_verified|pet_friendly_verified,"Cek fasilitas utama: parkir, toilet, mushola, akses kursi roda, pet friendly bila relevan.",,,,"Belum diverifikasi. Cek fasilitas utama: parkir, toilet, mushola, akses kursi roda, dan pet friendly bila relevan dari ulasan/foto terbaru.",pending_manual_verification,facility_verified | sparse_evidence | uncertain,https://www.google.com/maps/search/?api=1&query=Taman+Love+Soreang+Bandung+Jawa+Barat,5
P1,85,facility_verification,LOC-147,Victory Waterpark Soreang,Wahana Air,W_ACTIVE_FACILITY_VERIFICATION_SPARSE,parking_verified|wheelchair_accessible_verified|toilet_verified|mushola_verified|pet_friendly_verified,"Cek fasilitas utama: parkir, toilet, mushola, akses kursi roda, pet friendly bila relevan.",,,,"Belum diverifikasi. Cek fasilitas utama: parkir, toilet, mushola, akses kursi roda, dan pet friendly bila relevan dari ulasan/foto terbaru.",pending_manual_verification,facility_verified | sparse_evidence | uncertain,https://www.google.com/maps/search/?api=1&query=Victory+Waterpark+Soreang+Bandung+Jawa+Barat,5
P1,85,facility_verification,LOC-165,Malabar Mountain Coffee Shop & Eatery,Tempat Kuliner,W_ACTIVE_FACILITY_VERIFICATION_SPARSE,parking_verified|wheelchair_accessible_verified|toilet_verified|mushola_verified|pet_friendly_verified,"Cek fasilitas utama: parkir, toilet, mushola, akses kursi roda, pet friendly bila relevan.",,,,"Belum diverifikasi. Cek fasilitas utama: parkir, toilet, mushola, akses kursi roda, dan pet friendly bila relevan dari ulasan/foto terbaru.",pending_manual_verification,facility_verified | sparse_evidence | uncertain,https://www.google.com/maps/search/?api=1&query=Malabar+Mountain+Coffee+Shop+%26+Eatery+Bandung+Jawa+Barat,5
P1,85,facility_verification,LOC-169,Dago Bakery Punclut,Tempat Kuliner,W_ACTIVE_FACILITY_VERIFICATION_SPARSE,parking_verified|wheelchair_accessible_verified|toilet_verified|mushola_verified|pet_friendly_verified,"Cek fasilitas utama: parkir, toilet, mushola, akses kursi roda, pet friendly bila relevan.",,,,"Belum diverifikasi. Cek fasilitas utama: parkir, toilet, mushola, akses kursi roda, dan pet friendly bila relevan dari ulasan/foto terbaru.",pending_manual_verification,facility_verified | sparse_evidence | uncertain,https://www.google.com/maps/search/?api=1&query=Dago+Bakery+Punclut+Bandung+Jawa+Barat,5
P1,85,facility_verification,LOC-171,D'Dieuland,Rekreasi Keluarga,W_ACTIVE_FACILITY_VERIFICATION_SPARSE,parking_verified|wheelchair_accessible_verified|toilet_verified|mushola_verified|pet_friendly_verified,"Cek fasilitas utama: parkir, toilet, mushola, akses kursi roda, pet friendly bila relevan.",,,,"Belum diverifikasi. Cek fasilitas utama: parkir, toilet, mushola, akses kursi roda, dan pet friendly bila relevan dari ulasan/foto terbaru.",pending_manual_verification,facility_verified | sparse_evidence | uncertain,https://www.google.com/maps/search/?api=1&query=D%27Dieuland+Bandung+Jawa+Barat,5
P1,85,facility_verification,LOC-172,Sudut Pandang Bandung,Tempat Kuliner,W_ACTIVE_FACILITY_VERIFICATION_SPARSE,parking_verified|wheelchair_accessible_verified|toilet_verified|mushola_verified|pet_friendly_verified,"Cek fasilitas utama: parkir, toilet, mushola, akses kursi roda, pet friendly bila relevan.",,,,"Belum diverifikasi. Cek fasilitas utama: parkir, toilet, mushola, akses kursi roda, dan pet friendly bila relevan dari ulasan/foto terbaru.",pending_manual_verification,facility_verified | sparse_evidence | uncertain,https://www.google.com/maps/search/?api=1&query=Sudut+Pandang+Bandung+Bandung+Jawa+Barat,5
P1,85,facility_verification,LOC-173,Cakrawala Nature Sparkling Restaurant,Tempat Kuliner,W_ACTIVE_FACILITY_VERIFICATION_SPARSE,parking_verified|wheelchair_accessible_verified|toilet_verified|mushola_verified|pet_friendly_verified,"Cek fasilitas utama: parkir, toilet, mushola, akses kursi roda, pet friendly bila relevan.",,,,"Belum diverifikasi. Cek fasilitas utama: parkir, toilet, mushola, akses kursi roda, dan pet friendly bila relevan dari ulasan/foto terbaru.",pending_manual_verification,facility_verified | sparse_evidence | uncertain,https://www.google.com/maps/search/?api=1&query=Cakrawala+Nature+Sparkling+Restaurant+Bandung+Jawa+Barat,5
P1,85,facility_verification,LOC-179,Mini Mania Lembang,Rekreasi Keluarga,W_ACTIVE_FACILITY_VERIFICATION_SPARSE,parking_verified|wheelchair_accessible_verified|toilet_verified|mushola_verified|pet_friendly_verified,"Cek fasilitas utama: parkir, toilet, mushola, akses kursi roda, pet friendly bila relevan.",,,,"Belum diverifikasi. Cek fasilitas utama: parkir, toilet, mushola, akses kursi roda, dan pet friendly bila relevan dari ulasan/foto terbaru.",pending_manual_verification,facility_verified | sparse_evidence | uncertain,https://www.google.com/maps/search/?api=1&query=Mini+Mania+Lembang+Bandung+Jawa+Barat,5
P1,85,facility_verification,LOC-181,Noah's Park Lembang,Rekreasi Keluarga,W_ACTIVE_FACILITY_VERIFICATION_SPARSE,parking_verified|wheelchair_accessible_verified|toilet_verified|mushola_verified|pet_friendly_verified,"Cek fasilitas utama: parkir, toilet, mushola, akses kursi roda, pet friendly bila relevan.",,,,"Belum diverifikasi. Cek fasilitas utama: parkir, toilet, mushola, akses kursi roda, dan pet friendly bila relevan dari ulasan/foto terbaru.",pending_manual_verification,facility_verified | sparse_evidence | uncertain,https://www.google.com/maps/search/?api=1&query=Noah%27s+Park+Lembang+Bandung+Jawa+Barat,5
P1,85,facility_verification,LOC-216,Panama Park 825,Rekreasi Keluarga,W_ACTIVE_FACILITY_VERIFICATION_SPARSE,parking_verified|wheelchair_accessible_verified|toilet_verified|mushola_verified|pet_friendly_verified,"Cek fasilitas utama: parkir, toilet, mushola, akses kursi roda, pet friendly bila relevan.",,,,"Belum diverifikasi. Cek fasilitas utama: parkir, toilet, mushola, akses kursi roda, dan pet friendly bila relevan dari ulasan/foto terbaru.",pending_manual_verification,facility_verified | sparse_evidence | uncertain,https://www.google.com/maps/search/?api=1&query=Panama+Park+825+Bandung+Jawa+Barat,5
P1,85,facility_verification,LOC-217,Karang Setra Waterland,Wahana Air,W_ACTIVE_FACILITY_VERIFICATION_SPARSE,parking_verified|wheelchair_accessible_verified|toilet_verified|mushola_verified|pet_friendly_verified,"Cek fasilitas utama: parkir, toilet, mushola, akses kursi roda, pet friendly bila relevan.",,,,"Belum diverifikasi. Cek fasilitas utama: parkir, toilet, mushola, akses kursi roda, dan pet friendly bila relevan dari ulasan/foto terbaru.",pending_manual_verification,facility_verified | sparse_evidence | uncertain,https://www.google.com/maps/search/?api=1&query=Karang+Setra+Waterland+Bandung+Jawa+Barat,5
P1,80,facility_verification,LOC-148,Pesona Nirwana Waterpark,Wahana Air,W_ACTIVE_FACILITY_VERIFICATION_SPARSE,parking_verified|wheelchair_accessible_verified|toilet_verified|mushola_verified|pet_friendly_verified,"Cek fasilitas utama: parkir, toilet, mushola, akses kursi roda, pet friendly bila relevan.",,,,"Belum diverifikasi. Cek fasilitas utama: parkir, toilet, mushola, akses kursi roda, dan pet friendly bila relevan dari ulasan/foto terbaru.",pending_manual_verification,facility_verified | sparse_evidence | uncertain,https://www.google.com/maps/search/?api=1&query=Pesona+Nirwana+Waterpark+Bandung+Jawa+Barat,5
P1,80,facility_verification,LOC-162,Rumah Putih Cukul,Rekreasi Keluarga,W_ACTIVE_FACILITY_VERIFICATION_SPARSE,parking_verified|wheelchair_accessible_verified|toilet_verified|mushola_verified|pet_friendly_verified,"Cek fasilitas utama: parkir, toilet, mushola, akses kursi roda, pet friendly bila relevan.",,,,"Belum diverifikasi. Cek fasilitas utama: parkir, toilet, mushola, akses kursi roda, dan pet friendly bila relevan dari ulasan/foto terbaru.",pending_manual_verification,facility_verified | sparse_evidence | uncertain,https://www.google.com/maps/search/?api=1&query=Rumah+Putih+Cukul+Bandung+Jawa+Barat,5
P1,80,facility_verification,LOC-167,Cicalengka Dreamland,Rekreasi Keluarga,W_ACTIVE_FACILITY_VERIFICATION_SPARSE,parking_verified|wheelchair_accessible_verified|toilet_verified|mushola_verified|pet_friendly_verified,"Cek fasilitas utama: parkir, toilet, mushola, akses kursi roda, pet friendly bila relevan.",,,,"Belum diverifikasi. Cek fasilitas utama: parkir, toilet, mushola, akses kursi roda, dan pet friendly bila relevan dari ulasan/foto terbaru.",pending_manual_verification,facility_verified | sparse_evidence | uncertain,https://www.google.com/maps/search/?api=1&query=Cicalengka+Dreamland+Bandung+Jawa+Barat,5
P1,80,facility_verification,LOC-174,Lereng Anteng Panoramic Coffee,Tempat Kuliner,W_ACTIVE_FACILITY_VERIFICATION_SPARSE,parking_verified|wheelchair_accessible_verified|toilet_verified|mushola_verified|pet_friendly_verified,"Cek fasilitas utama: parkir, toilet, mushola, akses kursi roda, pet friendly bila relevan.",,,,"Belum diverifikasi. Cek fasilitas utama: parkir, toilet, mushola, akses kursi roda, dan pet friendly bila relevan dari ulasan/foto terbaru.",pending_manual_verification,facility_verified | sparse_evidence | uncertain,https://www.google.com/maps/search/?api=1&query=Lereng+Anteng+Panoramic+Coffee+Bandung+Jawa+Barat,5
P1,80,facility_verification,LOC-177,Wahoo Waterworld,Wahana Air,W_ACTIVE_FACILITY_VERIFICATION_SPARSE,parking_verified|wheelchair_accessible_verified|toilet_verified|mushola_verified|pet_friendly_verified,"Cek fasilitas utama: parkir, toilet, mushola, akses kursi roda, pet friendly bila relevan.",,,,"Belum diverifikasi. Cek fasilitas utama: parkir, toilet, mushola, akses kursi roda, dan pet friendly bila relevan dari ulasan/foto terbaru.",pending_manual_verification,facility_verified | sparse_evidence | uncertain,https://www.google.com/maps/search/?api=1&query=Wahoo+Waterworld+Bandung+Jawa+Barat,5
P1,80,rating_sentiment_completion,LOC-029,Dusun Bambu,Rekreasi Keluarga,W_ACTIVE_RATING_MISSING|W_ACTIVE_SENTIMENT_UNAVAILABLE,avg_rating|sentiment_available|sentiment_model_source|sentiment_model_version,"Isi rating rata-rata dan/atau catatan jumlah review terbaru. Jika review minim, tulis low confidence.",,,,"Belum diambil dari sumber aktual. Cek rating rata-rata, jumlah/ulasan terbaru, dan tulis low confidence bila review minim.",pending_manual_verification,rating_filled | low_confidence | uncertain,https://www.google.com/maps/search/?api=1&query=Dusun+Bambu+Bandung+Jawa+Barat,4
P1,80,rating_sentiment_completion,LOC-134,Bukit Bintang Bandung (Patahan Lembang),Wisata Alam,W_ACTIVE_RATING_MISSING|W_ACTIVE_SENTIMENT_UNAVAILABLE,avg_rating|sentiment_available|sentiment_model_source|sentiment_model_version,"Isi rating rata-rata dan/atau catatan jumlah review terbaru. Jika review minim, tulis low confidence.",,,,"Belum diambil dari sumber aktual. Cek rating rata-rata, jumlah/ulasan terbaru, dan tulis low confidence bila review minim.",pending_manual_verification,rating_filled | low_confidence | uncertain,https://www.google.com/maps/search/?api=1&query=Bukit+Bintang+Bandung+%28Patahan+Lembang%29+Bandung+Jawa+Barat,4
P1,80,rating_sentiment_completion,LOC-152,Kebun Teh Rancabali,Wisata Alam,W_ACTIVE_RATING_MISSING|W_ACTIVE_SENTIMENT_UNAVAILABLE,avg_rating|sentiment_available|sentiment_model_source|sentiment_model_version,"Isi rating rata-rata dan/atau catatan jumlah review terbaru. Jika review minim, tulis low confidence.",,,,"Belum diambil dari sumber aktual. Cek rating rata-rata, jumlah/ulasan terbaru, dan tulis low confidence bila review minim.",pending_manual_verification,rating_filled | low_confidence | uncertain,https://www.google.com/maps/search/?api=1&query=Kebun+Teh+Rancabali+Bandung+Jawa+Barat,4
P1,80,rating_sentiment_completion,LOC-162,Rumah Putih Cukul,Rekreasi Keluarga,W_ACTIVE_RATING_MISSING|W_ACTIVE_SENTIMENT_UNAVAILABLE,avg_rating|sentiment_available|sentiment_model_source|sentiment_model_version,"Isi rating rata-rata dan/atau catatan jumlah review terbaru. Jika review minim, tulis low confidence.",,,,"Belum diambil dari sumber aktual. Cek rating rata-rata, jumlah/ulasan terbaru, dan tulis low confidence bila review minim.",pending_manual_verification,rating_filled | low_confidence | uncertain,https://www.google.com/maps/search/?api=1&query=Rumah+Putih+Cukul+Bandung+Jawa+Barat,4
P1,80,rating_sentiment_completion,LOC-174,Lereng Anteng Panoramic Coffee,Tempat Kuliner,W_ACTIVE_RATING_MISSING|W_ACTIVE_SENTIMENT_UNAVAILABLE,avg_rating|sentiment_available|sentiment_model_source|sentiment_model_version,"Isi rating rata-rata dan/atau catatan jumlah review terbaru. Jika review minim, tulis low confidence.",,,,"Belum diambil dari sumber aktual. Cek rating rata-rata, jumlah/ulasan terbaru, dan tulis low confidence bila review minim.",pending_manual_verification,rating_filled | low_confidence | uncertain,https://www.google.com/maps/search/?api=1&query=Lereng+Anteng+Panoramic+Coffee+Bandung+Jawa+Barat,4
P1,80,rating_sentiment_completion,LOC-176,Padepokan Dayang Sumbi,Tempat Belajar,W_ACTIVE_RATING_MISSING|W_ACTIVE_SENTIMENT_UNAVAILABLE,avg_rating|sentiment_available|sentiment_model_source|sentiment_model_version,"Isi rating rata-rata dan/atau catatan jumlah review terbaru. Jika review minim, tulis low confidence.",,,,"Belum diambil dari sumber aktual. Cek rating rata-rata, jumlah/ulasan terbaru, dan tulis low confidence bila review minim.",pending_manual_verification,rating_filled | low_confidence | uncertain,https://www.google.com/maps/search/?api=1&query=Padepokan+Dayang+Sumbi+Bandung+Jawa+Barat,4
P1,80,rating_sentiment_completion,LOC-192,Curug Ngebul Gununghalu,Wisata Alam,W_ACTIVE_RATING_MISSING|W_ACTIVE_SENTIMENT_UNAVAILABLE,avg_rating|sentiment_available|sentiment_model_source|sentiment_model_version,"Isi rating rata-rata dan/atau catatan jumlah review terbaru. Jika review minim, tulis low confidence.",,,,"Belum diambil dari sumber aktual. Cek rating rata-rata, jumlah/ulasan terbaru, dan tulis low confidence bila review minim.",pending_manual_verification,rating_filled | low_confidence | uncertain,https://www.google.com/maps/search/?api=1&query=Curug+Ngebul+Gununghalu+Bandung+Jawa+Barat,4
P1,80,rating_sentiment_completion,LOC-213,Taman Cibeunying,Taman Kota,W_ACTIVE_RATING_MISSING|W_ACTIVE_SENTIMENT_UNAVAILABLE,avg_rating|sentiment_available|sentiment_model_source|sentiment_model_version,"Isi rating rata-rata dan/atau catatan jumlah review terbaru. Jika review minim, tulis low confidence.",,,,"Belum diambil dari sumber aktual. Cek rating rata-rata, jumlah/ulasan terbaru, dan tulis low confidence bila review minim.",pending_manual_verification,rating_filled | low_confidence | uncertain,https://www.google.com/maps/search/?api=1&query=Taman+Cibeunying+Bandung+Jawa+Barat,4
P1,80,rating_sentiment_completion,LOC-220,Nimo Jungle Hot Spring,Wisata Alam,W_ACTIVE_RATING_MISSING|W_ACTIVE_SENTIMENT_UNAVAILABLE,avg_rating|sentiment_available|sentiment_model_source|sentiment_model_version,"Isi rating rata-rata dan/atau catatan jumlah review terbaru. Jika review minim, tulis low confidence.",,,,"Belum diambil dari sumber aktual. Cek rating rata-rata, jumlah/ulasan terbaru, dan tulis low confidence bila review minim.",pending_manual_verification,rating_filled | low_confidence | uncertain,https://www.google.com/maps/search/?api=1&query=Nimo+Jungle+Hot+Spring+Bandung+Jawa+Barat,4
