penginapan_id,name,property_type_final_after_p3,latitude,longitude,region_validation_label,price_lowest,price_display,overall_rating,reviews,hotel_review_count_analyzed,hotel_adjusted_sentiment_score,hotel_sentiment_label,amenities,primary_image_url,link,data_quality_score,primary_dedupe_status,primary_dedupe_merged_from_ids,data_focus_manual_decision,data_focus_manual_note,data_focus_merge_target_id,completion_priority_order,completion_priority_data_focus,completion_flags_data_focus,completion_route_data_focus,completion_score_data_focus,review_completion_rating_reviews_filled,review_completion_sentiment_filled,review_completion_price_candidate_available,review_completion_note,google_hotels_price_apply_status,google_hotels_price_apply_note,google_hotels_price_source_query,google_hotels_price_source_file,google_hotels_price_property_token
LODGE-00037,Homestay Budihouse,guest_house,-6.8908,107.5589,bandung_raya_valid,193998.0,Rp 193.998,4.1,576.0,0,,Belum tersedia,Free Wi-Fi; Free parking; Air conditioning; Restaurant; Kitchen in some rooms; Airport shuttle; Full-service laundry; Accessible; Kid-friendly; Smoke-free property,https://lh3.googleusercontent.com/gps-cs-s/APNQkAGahLcOzshrIwgnFBviOn1kYeCSm_YH6C_f-zkmNft2c_xzWHgBgWDWOd-DpdbBK8665ko8tHG8f23m29qpVc3BnKYTcRQWwj3OaSuAi_NwKNLHTD12surY7gWXv3qI8-6MA_eaCKoP8I7d=s10000,http://www.budihouse.id/,1.0,unique_primary,,,,,4,P2_sentiment_missing,missing_sentiment,scrape_reviews_for_sentiment,5,False,False,False,,,,,,
LODGE-00895,Cozy Homestay,guest_house,-6.8896,107.5849,bandung_raya_valid,141103.0,Rp 141.103,4.5,32.0,0,,Belum tersedia,Free Wi-Fi; Free parking; Air conditioning,https://lh3.googleusercontent.com/gps-cs-s/APNQkAHe7Mt7kupE-z3WaQHbqqO6_BymJ3jUT8M74bf44PNZRc-c5ESCpzpisRvFLwb4tHZ0pGBS2JztvA4QqPTY4haYBGx5G32J6Fz_eDkzNov7IBaNIZUsnNREiLDHAh5wHaAb0bt5nw=s10000,https://www.reddoorz.com/en-ph/hotel/indonesia/bandung/sukajadi/sukagalih/cozy-homestay?utm_campaign=webclick&utm_medium=mybusiness&utm_source=google,1.0,unique_primary,,,,,4,P2_sentiment_missing,missing_sentiment,scrape_reviews_for_sentiment,5,False,False,False,,,,,,
LODGE-00905,G10 Guest House Near Asia Afrika Bandung,guest_house,-6.9296,107.6152,bandung_raya_valid,315247.0,Rp 315.247,4.585,23.0,0,,Belum tersedia,Jemputan bandara; Bebas asap rokok; Parkir gratis; Wi-Fi gratis,https://p.fih.io/v2/nSr0o-3gbZN8o1xMecXCcG-BkDeQVo3k-wOeVogkTe7ajuFOX7O-WA8aRWhXz1jsToZif_TsA_xCWfhWRa0ZjquKsyc71kw6DQmFF7Jn-h3mr3zpGuGIqjT-B4npiIqQKxF75uj3MVHlFzF4en3ketkYyx1j1dLbUfhlOgkNcIcn9PwNtk_AU2csbUk6dd9sAqAHbCDMwTwIOo0X-dpRpY0tdfs3OwwxOS_5D8V9vcybqAtA32aV4_4nfcPa23gaeuxSyAYc8ejpgaVDL2aj8MKX8qecSERP8tBUtfWPZ3J-FwAKETeIYL49a-F4UB9A-xFAd1xnN3WrankP_GKD6IL4AQZ7PFqnNsSjH2_N22zj5rUFwGNO6LGvvssL,https://deals.vio.com?sig=73aca13c7f952d2641c156f3e69125e1eb497c325f122828ee5aa8797168b9a12d32303331333438363233&turl=https%3A%2F%2Fwww.vio.com%2FHotel%2FSearch%3FhotelId%3D74484909%26utm_source%3Dgha-vr%26utm_campaign%3Dstatic%26openHotelDetails%3D1,1.0,unique_primary,,,,,4,P2_sentiment_missing,missing_sentiment,scrape_reviews_for_sentiment,5,False,False,False,,,,,,
LODGE-01133,Hotel Doorman Guest House,guest_house,-6.9175,107.5997,bandung_raya_valid,203064.0,Rp 203.064,4.6,337.0,0,,Belum tersedia,Free Wi-Fi; Free parking; Air conditioning; Restaurant; Kid-friendly,https://lh3.googleusercontent.com/gps-cs-s/APNQkAEQY6KuDwLGnjCACW1BgzcCmnLJFyKd9tpWotL_bCuAMZmGftGKauZpth2GKCwx67Kux2E0II62foUfjPIigzjnPTD8jZCdnpbITqOtUuYAnjg5UnNyQZIqFGYGApw6-ZEc0HAn=s10000,https://www.oyorooms.com/h/59016?utm_source=Google_gmb_ID&utm_medium=Organic&utm_campaign=ID_BDG061&latitude=-6.91797&longitude=107.5996&locale=id,0.95,unique_primary,,,,,4,P2_sentiment_missing,missing_sentiment,scrape_reviews_for_sentiment,5,False,False,False,,,,,,
LODGE-00070,OYO 3463 Cimahi Guest House,guest_house,-6.8982,107.5613,bandung_raya_valid,130628.0,Rp 130.628,3.7,323.0,0,,Belum tersedia,Free Wi-Fi; Free parking; Air conditioning,https://lh3.googleusercontent.com/gps-cs-s/APNQkAEB1NEb4X-DGKjkIq2KQnvM8mLhP5DquKHDxeggagqnHKdzGWzE4utQHTr-Vk62jyuuYYEP-r-nXuAtkHPP1tSp2W6qPizQ4BhsYYohSXYv4_EGTFPrlo_vU96YJt1lY_V4E83SvQ=s10000,https://www.oyorooms.com/ID/101591/,0.95,keep_primary_deduped,LODGE-00371,,,,4,P2_sentiment_missing,missing_sentiment,scrape_reviews_for_sentiment,5,False,False,False,,,,,,
LODGE-00080,Cottonwood Bed & Breakfast House Bandung,guest_house,-6.8863181,107.577594,bandung_raya_valid,395152.0,Rp 395.152,4.6,853.0,0,,Belum tersedia,"Free Wi-Fi, Free parking, Pool, Air conditioning, Restaurant, Room service, Full-service laundry, Kid-friendly",https://lh3.googleusercontent.com/gps-cs-s/APNQkAGamNJVI6kt983RU1Zh6C2ipC6zXs7mxm-Vk0X0K9gXmeEJ4y6W1PWLrWc7j4_lyq8Jrpqr90YWNeseelOubhOumoz6WZrsdmAuAML-W4met3n9l8HwYeqZLlN6iE1XLKQkZSTB=s10000,https://www.instagram.com/cottonwoodstays,0.94,unique_primary,,,,,4,P2_sentiment_missing,missing_sentiment,scrape_reviews_for_sentiment,5,False,False,False,,,,,,
LODGE-00081,LN9 Bandung Guest House,guest_house,-6.8823948,107.5793923,bandung_raya_valid,154062.0,Rp 154.062,4.3,585.0,0,,Belum tersedia,"Free Wi-Fi, Free parking, Air conditioning, Pet-friendly, Full-service laundry, Kid-friendly, Smoke-free property",https://lh3.googleusercontent.com/gps-cs-s/APNQkAH0ukW0sahK6TzBAfk_nvMU7rKBk5Q6hqJzfVy7U75FRc7UyEB8tDQel8Fu_R3CGlgg1QNNG6qbDljDFdHHfoN8rXwCp4V3uQBEeSsYam_xJ4Vrt8yxpXTRadKUpQ9ko58tREDq=s10000,,0.94,unique_primary,,,,,4,P2_sentiment_missing,missing_sentiment|missing_source_link,scrape_reviews_for_sentiment,4,False,False,False,,,,,,
LODGE-00114,Micasa Guest House Bandung,guest_house,-6.8892,107.5795,bandung_raya_valid,98135.0,Rp 98.135,3.3,302.0,0,,Belum tersedia,Free Wi-Fi; Free parking; Pool; Air conditioning; Kid-friendly,https://lh5.googleusercontent.com/proxy/TP6FMbgGvK1yDix8f6I_0baLAiMlbMFGNsqZra7Fruk1mupOLyRpoODkdgAl3G5z2ILpWG4CQxmP3NWpRCRjFJsEGOpuvQTEBd_b3HRk_lt060TqqQga3DFRpOjBF-BP8V7r7rhWihKF5bYVSRHFiCSumKEkhy47KypDPRgNWQ=s10000,,0.85,unique_primary,,,,,4,P2_sentiment_missing,missing_sentiment|missing_source_link,scrape_reviews_for_sentiment,4,False,False,False,,,,,,
LODGE-01383,Nice Guest House,guest_house,-6.8722,107.5987,bandung_raya_valid,135064.0,Rp 135.064,4.3,258.0,0,,Belum tersedia,Free Wi-Fi; Free parking; Air conditioning; Restaurant; Kid-friendly,https://cdn.worldota.net/t/1024x768/content/54/7a/547af70f43d90c423f2511a85b825526314af56a.jpeg,,0.85,unique_primary,,,,,4,P2_sentiment_missing,missing_sentiment|missing_source_link,scrape_reviews_for_sentiment,4,False,False,False,,,,,,
LODGE-00222,Calda Homestay Syariah,guest_house,-6.8685,107.5728,bandung_raya_valid,522900.0,Rp 522.900,4.7,86.0,0,,Belum tersedia,,https://cdn.worldota.net/t/1024x768/content/f7/10/f71014253bb9f23d7e765a935d062a13c6834701.JPEG,,0.7,unique_primary,,,,,4,P2_sentiment_missing,missing_sentiment|missing_source_link|missing_amenities,scrape_reviews_for_sentiment,3,False,False,False,,,,,,
LODGE-00449,Seven Homestay,guest_house,-6.8567287,107.5718447,bandung_raya_valid,343852.0,Rp 343.852,4.8,40.0,0,,Belum tersedia,,https://lh3.googleusercontent.com/gps-cs-s/APNQkAFOMH7fiq1m9DB_i7zgMoQ6q9P273acFmMd0_Rhxza21PIlu3Qhh_pEVXGqkobkCQSNkH2Yt8SczXOdD3Fg5ULGou1WbchibUxBtpM3JTtBiGbtEFeJv2v-rssyO0K5dQsKnwIS=s10000,,0.44,unique_primary,,,,,4,P2_sentiment_missing,missing_sentiment|missing_source_link|missing_amenities,scrape_reviews_for_sentiment,3,False,False,False,,applied_price,price_lowest diisi dari Google Hotels safe candidate,"hotel in Cimahi, Jawa Barat",dataset_google-hotels-search-scraper_2026-06-13_10-48-22-530.json,ChkI7buhhOudwsFGGg0vZy8xMWgyamIwYl96EAE
LODGE-00866,Aston Pasteur,hotel,-6.8936,107.5872,bandung_raya_valid,807974.0,Rp 807.974,4.6,16164.0,0,,Belum tersedia,Breakfast; Free Wi-Fi; Free parking; Outdoor pool; Hot tub; Air conditioning; Fitness center; Spa; Restaurant; Room service; Airport shuttle; Full-service laundry; Accessible; Business center; Kid-friendly,https://photos.hotelbeds.com/giata/original/50/508461/508461a_hb_ro_012.jpg,https://pasteur.astonhotelsinternational.com/,1.0,unique_primary,,,,,4,P2_sentiment_missing,missing_sentiment,scrape_reviews_for_sentiment,5,False,False,False,,,,,,
LODGE-00906,GH Universal Hotel,hotel,-6.8506,107.5981,bandung_raya_valid,929152.0,Rp 929.152,4.7,11824.0,0,,Belum tersedia,Breakfast; Free Wi-Fi; Free parking; Outdoor pool; Air conditioning; Fitness center; Spa; Bar; Restaurant; Room service; Airport shuttle; Full-service laundry; Accessible; Business center; Kid-friendly,https://lh3.googleusercontent.com/gps-cs-s/APNQkAHormR5l6BK01Z0m_b6UUsSd9j_bR8K2-9kbCxUUvMUxy8fpLNLJYlhhufA37ueeDRkobBpl8yS0qTq-S8Wq-iz6utT-_e_HSnkPaDKgIM_cL03tA_-cvk2CVfRZM0wO0vgQVKCryv46Pm9=s10000,https://ghuniversal.com/,1.0,unique_primary,,,,,4,P2_sentiment_missing,missing_sentiment,scrape_reviews_for_sentiment,5,False,False,False,,,,,,
LODGE-00889,Clove Garden Hotel Bandung,hotel,-6.8727,107.6426,bandung_raya_valid,522967.0,Rp 522.967,4.6,11739.0,0,,Belum tersedia,Free breakfast; Free Wi-Fi; Free parking; Outdoor pool; Hot tub; Air conditioning; Fitness center; Spa; Restaurant; Room service; Airport shuttle; Full-service laundry; Accessible; Kid-friendly,https://dynamic-media-cdn.tripadvisor.com/media/photo-o/0a/cc/c4/be/jogging-track.jpg?w=1300&h=900&s=1,http://www.clovehotel.com/,1.0,unique_primary,,,,,4,P2_sentiment_missing,missing_sentiment,scrape_reviews_for_sentiment,5,False,False,False,,,,,,
LODGE-00913,Grand Hotel Preanger,hotel,-6.921,107.6119,bandung_raya_valid,579606.0,Rp 579.606,4.5,7805.0,0,,Belum tersedia,Free breakfast; Free Wi-Fi; Free parking; Outdoor pool; Air conditioning; Fitness center; Spa; Bar; Restaurant; Room service; Kitchen in some rooms; Airport shuttle; Full-service laundry; Accessible; Business center; Kid-friendly,https://lh3.googleusercontent.com/gps-cs-s/APNQkAFNr6hoOuBXR5eerhq8jpTmKRufkFUGOu5O7E3HPzYyDiqsyq1AHUsCyD726lW66_J9keLfNiEecNTjaUUfdhG1WWdgyE2uHDHTjQTZ92RveBJRTs9SoHLIHThyj1qoPOVBKxQZ=s10000,https://grandhotelpreanger.com/,1.0,unique_primary,,,,,4,P2_sentiment_missing,missing_sentiment,scrape_reviews_for_sentiment,5,False,False,False,,,,,,
LODGE-00909,Golden Flower Hotel,hotel,-6.9204,107.6049,bandung_raya_valid,371176.0,Rp 371.176,4.3,7134.0,0,,Belum tersedia,Breakfast; Free Wi-Fi; Parking; Outdoor pool; Air conditioning; Fitness center; Spa; Restaurant; Room service; Full-service laundry; Accessible; Kid-friendly,https://lh3.googleusercontent.com/gps-cs-s/APNQkAEXMeIaYa0GtUkkn6VZYgl8YcypkHKwyXYHwLRtKa9qOaf-W_txt7CCj1Zr33wihyy6h-1BCixGs6a9nM8l-ajqnC5LHG4LuBBbUsXYB9QcOZStRvtfK359_PPhvo8UBKMCUFJxmw=s10000,https://booking.kagumhotels.com/offers?hotel=GFLW,1.0,unique_primary,,,,,4,P2_sentiment_missing,missing_sentiment,scrape_reviews_for_sentiment,5,False,False,False,,,,,,
LODGE-00908,Gino Feruci Braga Hotel,hotel,-6.9178,107.6091,bandung_raya_valid,678699.0,Rp 678.699,4.3,6214.0,0,,Belum tersedia,Breakfast; Free Wi-Fi; Parking; Outdoor pool; Air conditioning; Spa; Bar; Restaurant; Room service; Full-service laundry; Accessible; Kid-friendly,https://lh3.googleusercontent.com/gps-cs-s/APNQkAHU223j2X7XJN8kGonX01u9kXobXuQlJuNz_xa5VwoCnNJfMeImQoqYbSY304ZYHXnGJlGAhZL-ByC8b9yfT1K6v1cikcl0hiHJsrTB7tt9f02B8RkOB1OrnSfF0eJmwMQVUpk=s10000,https://booking.kagumhotels.com/offers?hotel=GFBR,1.0,unique_primary,,,,,4,P2_sentiment_missing,missing_sentiment,scrape_reviews_for_sentiment,5,False,False,False,,,,,,
LODGE-00973,POP! Hotel Festival Citylink Bandung,hotel,-6.9295,107.5862,bandung_raya_valid,350000.0,Rp 350.000,4.3,5170.0,0,,Belum tersedia,Breakfast ($); Free Wi-Fi; Free parking; Air conditioning; Fitness center; Spa; Restaurant; Room service; Full-service laundry; Accessible; Kid-friendly; Smoke-free property,https://images.trvl-media.com/lodging/5000000/4830000/4821900/4821818/b6143d4a_z.jpg,https://www.discoverasr.com/en/booking/property-listing/booking-journey?hotel=34576,1.0,unique_primary,,,,,4,P2_sentiment_missing,missing_sentiment,scrape_reviews_for_sentiment,5,False,False,False,,,,,,
LODGE-00912,Grand Dafam Braga Bandung,hotel,-6.9168,107.609,bandung_raya_valid,641632.0,Rp 641.632,4.8,4516.0,0,,Belum tersedia,Free breakfast; Free Wi-Fi; Free parking; Outdoor pool; Hot tub; Air conditioning; Fitness center; Spa; Bar; Restaurant; Room service; Kitchen in some rooms; Airport shuttle; Full-service laundry; Business center,https://lh3.googleusercontent.com/gps-cs-s/APNQkAGQOQbhmBxwT4oN3w3ypKL0ej-M5jg3ZS32JuQBub4lqFCI8dMIhi2j3GwgIj1nyCyxTKvpxM0tqICKkbzWlKo9bAyDpQ67xEvxRk1UW4v_DCKfrQY9FAuszBYR5nw8T6ZmKXzLiU_UZYY=s10000,https://granddafambraga.com/,1.0,unique_primary,,,,,4,P2_sentiment_missing,missing_sentiment,scrape_reviews_for_sentiment,5,False,False,False,,,,,,
LODGE-00915,Grand Pacific Hotel,hotel,-6.9088,107.5979,bandung_raya_valid,334688.0,Rp 334.688,4.4,2978.0,0,,Belum tersedia,Breakfast; Free Wi-Fi; Free parking; Outdoor pool; Air conditioning; Spa; Restaurant; Room service; Airport shuttle; Full-service laundry; Accessible; Business center; Kid-friendly,https://lh3.googleusercontent.com/gps-cs-s/APNQkAEk1CyA4SYaLIHCaYUfp-BUbq765qFKF4h14VdD0VTpcyvPVAXXBkPjlOUg_hq42HeSs82yNVDuVV7IK2N71eGpJyTq640XKIVqe7wxk3U57IjfQNRfpa8PsZ9wG4ZVBIMneltK=s10000,http://www.grandpacifichotel.co.id/,1.0,unique_primary,,,,,4,P2_sentiment_missing,missing_sentiment,scrape_reviews_for_sentiment,5,False,False,False,,,,,,
LODGE-01086,Zodiak,hotel,-6.9123,107.5994,bandung_raya_valid,267908.0,Rp 267.908,3.7,2708.0,0,,Belum tersedia,Breakfast; Free Wi-Fi; Free parking; Air conditioning; Restaurant; Room service; Airport shuttle; Full-service laundry; Kid-friendly,https://images.trvl-media.com/lodging/9000000/8260000/8256100/8256038/a2c8c346_z.jpg,https://booking.kagumhotels.com/offers?hotel=ZKBK,1.0,unique_primary,,,,,4,P2_sentiment_missing,missing_sentiment,scrape_reviews_for_sentiment,5,False,False,False,,,,,,
LODGE-01087,Zodiak - Taurus,hotel,-6.9115,107.5982,bandung_raya_valid,223601.0,Rp 223.601,4.0,1796.0,0,,Belum tersedia,Free breakfast; Free Wi-Fi; Free parking; Air conditioning; Kid-friendly,https://lh3.googleusercontent.com/gps-cs-s/APNQkAGwePb1Cp3AKh00z-CBZYGXfa5g7sHoOKYH2Chlqyp4MaSdB2HrApSa4WiJnaPeyJAQODVVBYLd5DWgxk5CN1Hm3APHDkUj_0O54qDv3AqTye-IPvBaoufvpSP5xtHxf9cBNXk=s10000,https://kagum-hotel.com/hotel/zodiakpaskal?community_code=kagumhotel&checkin=2024-11-01&checkout=2024-11-02&adult=1&child=0&infant=0,1.0,unique_primary,,,,,4,P2_sentiment_missing,missing_sentiment,scrape_reviews_for_sentiment,5,False,False,False,,,,,,
LODGE-00907,Geary Hotel,hotel,-6.9125,107.6033,bandung_raya_valid,381717.0,Rp 381.717,4.5,1716.0,0,,Belum tersedia,Breakfast ($); Free Wi-Fi; Free parking; Air conditioning; Spa; Restaurant; Room service; Accessible; Kid-friendly,https://lh3.googleusercontent.com/gps-cs-s/APNQkAENpq5YVeBCP8DK1UWj4acL6Bmhhd-zQkgW5CkN3S8V9cqAVRYkZTzF0VRxQvkR-uwSqhI7MnJ_tIfpuRY8Q4XD9SuZ-FiaJUC_yh8REcbQ_cLZGyt08dTIu93ZxoV4sGt5Ah7d9cXhD1Yo=s10000,http://www.gearyhotelbdg.com/,1.0,unique_primary,,,,,4,P2_sentiment_missing,missing_sentiment,scrape_reviews_for_sentiment,5,False,False,False,,,,,,
LODGE-00884,Cherry Homes Hotel & Residence,hotel,-6.887,107.5843,bandung_raya_valid,203198.0,Rp 203.198,4.2,1624.0,0,,Belum tersedia,Breakfast; Free Wi-Fi; Free parking; Air conditioning; Restaurant; Room service; Kitchen in some rooms; Airport shuttle; Full-service laundry; Kid-friendly; Smoke-free property,https://lh3.googleusercontent.com/gps-cs-s/APNQkAF4VCDEqDPLzr8bzXmb4kcX5qFcbx6CzJ-_XTofCdFh2uoAKOxoerwv2QVllCr6XCUkLn6J7-Ql6-H6NSDNBq5xCurnVsITqza89rTPqQH1xszf3nV8JbOoA89HZPO7iR73mZM8Ew=s10000,http://www.cherry-homes.net/,1.0,unique_primary,,,,,4,P2_sentiment_missing,missing_sentiment,scrape_reviews_for_sentiment,5,False,False,False,,,,,,
LODGE-00950,Kollektiv,hotel,-6.878,107.5868,bandung_raya_valid,740775.0,Rp 740.775,4.7,1486.0,0,,Belum tersedia,Free breakfast; Free Wi-Fi; Free parking; Air conditioning; Restaurant; Room service; Kid-friendly,https://lh3.googleusercontent.com/gps-cs-s/APNQkAFXx6GPF6Lk31-ygQbqWIeJPjpRPWr4zNI4K0n-4Zaei00AujymfPpQ8hAiVg0GCHgQTtPsg1IWTQyTykDVARjJzxvLJFQJ_TBvZNOJHy6wA1v3tCcAoyjo-bQgTqpAvZf1qjmPxA=s10000,https://www.kollektivhotel.com/,1.0,unique_primary,,,,,4,P2_sentiment_missing,missing_sentiment,scrape_reviews_for_sentiment,5,False,False,False,,,,,,
LODGE-00937,Hotel Sabang,hotel,-6.9095,107.6239,bandung_raya_valid,138369.0,Rp 138.369,4.4,744.0,0,,Belum tersedia,Parking; Air conditioning; Restaurant; Room service; Full-service laundry; Kid-friendly,https://lh3.googleusercontent.com/gps-cs-s/APNQkAHONRE45-juPlMZGyZbpSb7FJnylmNT7noEhAMwiOXFLpd9byhncPP30A6i6ycKEzL7kXcAkRh2iCf05wCmC7JaPJF9GT6z4Tq8uhJK-fHlmQK6FKHuH_9lsP-4SDzmZ3u34bmj=s10000,https://www.oyorooms.com/48844/,1.0,unique_primary,,,,,4,P2_sentiment_missing,missing_sentiment,scrape_reviews_for_sentiment,5,False,False,False,,,,,,
LODGE-00886,Cihampelas Hotel 1 - Bandung,hotel,-6.889,107.6042,bandung_raya_valid,188279.0,Rp 188.279,4.0,631.0,0,,Belum tersedia,Free Wi-Fi; Free parking; Air conditioning; Kid-friendly,https://lh3.googleusercontent.com/gps-cs-s/APNQkAGPKTyk0DtMuqAQqzc9BPQjMtIXZmas7YK5MAV8tTFLslPHAVO_I-73-1i95FXA7iJW-w4xI7MbMTNW_8MZ5w7rgYwTKtpcv_WPcnLy-bz9mNdW9eI9UbM7U2EmG0duBsu6Tr2wjkQnLjew=s10000,https://www.agoda.com/id-id/hotel-cihampelas-1/hotel/bandung-id.html?cid=1844104&ds=Rx1sHHbxpyubd%2FKR,1.0,unique_primary,,,,,4,P2_sentiment_missing,missing_sentiment,scrape_reviews_for_sentiment,5,False,False,False,,,,,,
LODGE-01013,RedDoorz near Telkom Corporate University,hotel,-6.8724,107.5903,bandung_raya_valid,108694.0,Rp 108.694,2.9,385.0,0,,Belum tersedia,Free Wi-Fi; Free parking; Air conditioning,https://lh3.googleusercontent.com/gps-cs-s/APNQkAEldFzaUb-F36sdtPuBg8BGYOHGKL3P5Fp2xdF22d9MLUKHjoPcZ1tAgMspPmCsiVDhKtCE2VFoVIeLsiVD18QYbWmosewwirfz8o_4I7E_vyTq8H3pG8aZ8-12rnpqi-Nm6ABM=s10000,https://www.reddoorz.com/id-id/hotel/indonesia/bandung/geger-kalong/sukasari/reddoorz-plus-near-telkom-corporate-university?utm_campaign=webclick&utm_medium=mybusiness&utm_source=google,1.0,unique_primary,,,,,4,P2_sentiment_missing,missing_sentiment,scrape_reviews_for_sentiment,5,False,False,False,,,,,,
LODGE-00897,Daun Residence,hotel,-6.8899,107.6136,bandung_raya_valid,440080.0,Rp 440.080,4.5,382.0,0,,Belum tersedia,Free Wi-Fi; Free parking; Air conditioning; Kitchen in some rooms; Smoke-free property,https://lh3.googleusercontent.com/gps-cs-s/APNQkAEvnT-FowmXZcuZoJ5WeMJ7xtZ9X61J3p7S173Pl2dVpwA7S8DfZemKmeHTErNEJyf45Vl3tB6-Uy9hrk2ViCqRVGEXjN0urZhl1lTG_J9nD_dd60e9UDK4RvYQYvfAFV-24WZbrw=s10000,http://www.daunresidencebandung.com/,1.0,unique_primary,,,,,4,P2_sentiment_missing,missing_sentiment,scrape_reviews_for_sentiment,5,False,False,False,,,,,,
LODGE-01094,youre.at - Ciumbuleuit 1,hotel,-6.8809,107.6049,bandung_raya_valid,842314.0,Rp 842.314,4.9,301.0,0,,Belum tersedia,Free Wi-Fi; Parking ($); Outdoor pool; Air conditioning; Fitness center; Kitchen; Accessible; Kid-friendly; Smoke-free property,https://lh3.googleusercontent.com/gps-cs-s/APNQkAF6r_I6IaT5229ct0CBR6FwUbmhlYJ3wgcI7h87b_ha2PHN-TwANU0quJgUVvC_bCLd8hcHvAAlgj-v48tO2_BfNvIDu9mg-lJlxB3HBQ8TygDfaDFMOfJKKiaFAmNyy3FQ9TiIxw=s10000,http://youre.at/gca1,1.0,unique_primary,,,,,4,P2_sentiment_missing,missing_sentiment,scrape_reviews_for_sentiment,5,False,False,False,,,,,,
LODGE-00993,RedDoorz Plus near Surapati Core,hotel,-6.9017,107.652,bandung_raya_valid,168992.0,Rp 168.992,3.1,236.0,0,,Belum tersedia,Free Wi-Fi; Free parking; Air conditioning,https://cdn.worldota.net/t/1024x768/content/07/e2/07e26aa8978e50c01bb4a9cc492c83b8a03572c1.jpeg,https://www.reddoorz.com/id-id/hotel/indonesia/bandung/cibeunying-kidul/cibeunying-kidul/reddoorz-plus-near-surapati-core?utm_source=google&utm_medium=mybusiness&utm_campaign=webclick,1.0,unique_primary,,,,,4,P2_sentiment_missing,missing_sentiment,scrape_reviews_for_sentiment,5,False,False,False,,,,,,
LODGE-01000,RedDoorz near Exit Toll Pasteur 5,hotel,-6.8862,107.5841,bandung_raya_valid,123736.0,Rp 123.736,3.3,233.0,0,,Belum tersedia,Free Wi-Fi; Free parking; Air conditioning; Kid-friendly,https://cdn.worldota.net/t/1024x768/content/20/d7/20d7709c22550cee99fe8d9fe2a52ceda4a5aa8d.JPEG,https://www.reddoorz.com/id-id/hotel/indonesia/bandung/sukajadi/home-33-bandung?utm_source=google+&utm_medium=mybusiness&utm_campaign=webclick,1.0,unique_primary,,,,,4,P2_sentiment_missing,missing_sentiment,scrape_reviews_for_sentiment,5,False,False,False,,,,,,
LODGE-00890,Collection O Kebon Jeruk Near Paskal 23 Formerly Sentral Paskal,hotel,-6.9154,107.5972,bandung_raya_valid,273750.0,Rp 273.750,3.6,212.0,0,,Belum tersedia,Free Wi-Fi; Free parking; Air conditioning,https://lh3.googleusercontent.com/gps-cs-s/APNQkAHHbrP5yWZYLClK48HzwLOZmblx50XEyzV3N8Ry6dZBL43JRmOJk9PjCGVVOaByJiPdFhOJytEAFk5Cl5PuGlIEa-TWrZx3NOPIrp97OZ92WhAaON3d6j40uCjSbmMLBtXOBTJQUPlRiZle=s10000,https://www.oyorooms.com/ID/101401/,1.0,unique_primary,,,,,4,P2_sentiment_missing,missing_sentiment,scrape_reviews_for_sentiment,5,False,False,False,,,,,,
LODGE-00901,Elephant Eleven Residence Buah Batu Kota Bandung,hotel,-6.9334,107.6217,bandung_raya_valid,181498.0,Rp 181.498,4.5,86.0,0,,Belum tersedia,Breakfast ($); Free Wi-Fi; Free parking; Air conditioning; Bar; Room service; Business center; Kid-friendly,https://lh3.googleusercontent.com/gps-cs-s/APNQkAE6HbBAiYJ4UmM6Tpoqrv11GsW_phC8f6_v_Ah05mCvmr6U99xtSQmrQrnhmqCeSxH-qzN840SC8HQ-pZ-o4LEueWpOkOpoWJHnmXPmDLSbnVhuogzgy1T-S9lnsbHeByFC9Cg=s10000,https://www.reddoorz.com/id-id/hotel/indonesia/bandung/lengkong/malabar/elephant-eleven-residen?utm_campaign=webclick&utm_medium=mybusiness&utm_source=google,1.0,unique_primary,,,,,4,P2_sentiment_missing,missing_sentiment,scrape_reviews_for_sentiment,5,False,False,False,,,,,,
LODGE-00888,Ciparay Residence,hotel,-6.9592,107.6424,bandung_raya_valid,233586.0,Rp 233.586,4.275,43.0,0,,Belum tersedia,Bebas asap rokok; Wi-Fi gratis,https://p.fih.io/v2/nSr0o-3gbZN8o1xMecXCcG-BkDeQVo3k-wOeVogkTe7ajuFOX7O-WA8aRWhXz1jsToZif_TsA_xCWfhWRa0Zn4ux4hsbyVkdEUifSNsSsQvMjF2PJJW6j0-acZb0jZKtPhUdxrzILWK2PTF4en3ketkYyx1j1dLbUfhlOgkNcIcn9PwNtk_AU2csYWt6dZQ5HrU9YH_Mi1sOBJIp-_VR0o0tdfMtAxxDIiyYD4BSyNiZqAt1xXDKjOEhYqjEzXNlZvlZr3swz7jSt5pcP2G4isC4h7-DTktP9tNbouiPaQZ4OCFwEhjRY-A8ePJ9Uldy4T87SVhJaCmoaWk-_3XmyoPAZE8kPHeod_SAAmf4E-CeBPDhsV0zjwUDu5-t5UVY5R_5RRfFEiFjkRkZ1hssNTJxnWKoeBgFzFLSxF1vxDHzortMNIZm3oNluv-3gWo9IXK-5eiG9GrLyj66lzTm34rODA_bkqlX82Sa8Gr3YnX-t8RuMpKRG_D_ID4oEkvkaw_XbdLV0xnUBOcoDxsmHkaYwsoqZq-9,https://deals.vio.com?sig=73aca13c7f952d2641c156f3e69125e1eb497c325f122828ee5aa8797168b9a12d32303331333438363233&turl=https%3A%2F%2Fwww.vio.com%2FHotel%2FSearch%3FhotelId%3D101916886%26utm_source%3Dgha-vr%26utm_campaign%3Dstatic%26openHotelDetails%3D1,1.0,unique_primary,,,,,4,P2_sentiment_missing,missing_sentiment,scrape_reviews_for_sentiment,5,False,False,False,,,,,,
LODGE-00956,Manta Living Bandung RedPartner,hotel,-6.864,107.5878,bandung_raya_valid,216399.0,Rp 216.399,4.9,43.0,0,,Belum tersedia,Free Wi-Fi; Free parking; Air conditioning; Fitness center; Accessible; Smoke-free property,https://lh3.googleusercontent.com/gps-cs-s/APNQkAHcr_tgRe046i4QybD7hNhs39FGN3W5XPOffcHnStzZnZXB3VFQOUEQnYlvI1gsXJr9rNVdNp1aZ_R3PsZB9XRigwN6SIfpCG1Dq7-oQPaUe9e8uyW5qjtUTMkkrqXlJOJtuog=s10000,https://www.reddoorz.com/id-id/hotel/indonesia/bandung/sukasari/gegerkalong/manta-living-bandung-redpartner?utm_campaign=webclick&utm_medium=mybusiness&utm_source=google,1.0,unique_primary,,,,,4,P2_sentiment_missing,missing_sentiment,scrape_reviews_for_sentiment,5,False,False,False,,,,,,
LODGE-01047,TechieRoom Swift at Clove Garden Residence,hotel,-6.8729,107.6404,bandung_raya_valid,477693.0,Rp 477.693,4.2,8.0,0,,Belum tersedia,Ber-AC; Balkon; Cocok untuk anak; Elevator; Papan setrika; Dapur; Kolam renang luar; Kompor; Bebas asap rokok; TV Kabel; Dapat diakses pengguna kursi roda; Parkir gratis,https://freecancellationscdn-hsbgcwfragasdpfe.z01.azurefd.net/remote/static.cupid.travel/hotels/104709817.jpg?w=1024&h=683&mode=crop&scale=both&anchor=middlecenter&quality=80,https://beds24.com/booking.php?propid=44636&sr1-best=1&apisource=58&referer=googlehpa,1.0,unique_primary,,,,,4,P2_sentiment_missing,missing_sentiment,scrape_reviews_for_sentiment,5,False,False,False,,,,,,
LODGE-00824,Grand Panorama Lembang,hotel,-6.8104,107.6249,bandung_raya_valid,356894.0,Rp 356.894,4.2,2082.0,0,,Belum tersedia,Free breakfast; Free Wi-Fi; Free parking; Outdoor pool; Air conditioning; Restaurant; Room service; Kitchen in some rooms; Full-service laundry; Accessible; Kid-friendly,https://lh3.googleusercontent.com/gps-cs-s/APNQkAEgq8-lY8_-9X_oZwv6cn4b4Az4miepdbsPXQy3s0oZ_K0hmkY_llVrCLhOObq7-pXcrG02a-oqfinRi6CWOwuLP9J51WLLY4E1_97mlccvpxq9T6moCe4w9TrtWPI1bqFkfT8=s10000,https://booking.bedshero.com/en/offers?hotel=823dd043,0.95,unique_primary,,,,,4,P2_sentiment_missing,missing_sentiment,scrape_reviews_for_sentiment,5,False,False,False,,,,,,
LODGE-01183,Sartika Hotel,hotel,-6.9302,107.626,bandung_raya_valid,138180.0,Rp 138.180,3.6,222.0,0,,Belum tersedia,Free Wi-Fi; Free parking; Air conditioning,https://lh3.googleusercontent.com/gps-cs-s/APNQkAFOnYVFZFQoqxGdHwUX5ZcBM4TpXNYrzw_XA0Au-aZInA9_6hBgwy1iHKMH8yVnlf3WEWcR3voDb0P6xf2MEvedaDuYb9WomFcmtogmdGjRY63JTJDLq2OBetipZGpGzTQlqmh_5TQ-9Eve=s10000,https://rehat.co.id/hotel/sartika-hotel/,0.95,unique_primary,,,,,4,P2_sentiment_missing,missing_sentiment,scrape_reviews_for_sentiment,5,False,False,False,,,,,,
LODGE-00079,Zona Bobo | Muslim Friendly | by Belgareti,hotel,-6.8631,107.504,bandung_raya_valid,291892.0,Rp 291.892,4.9,27.0,0,,Belum tersedia,Free Wi-Fi; Parking; Air conditioning; Kitchen,https://lh3.googleusercontent.com/gps-cs-s/APNQkAFMndKD9LwhfwdRhrChiE0DbOzWhjEmzzwoZcltkYkfz2p7Kmd9BiwuWsC03FKEUHJdqShVCRSW070hIS_K0a0CXOq3dvJVRVIIQ-IKWDDvJ0svy7wJlbJ_ZN91KScVuWePlxNA7WNYA6Pc=s10000,https://belgareti.com/,0.95,unique_primary,,,,,4,P2_sentiment_missing,missing_sentiment,scrape_reviews_for_sentiment,5,False,False,False,,,,,,
LODGE-01159,Oslandmark Residence,hotel,-6.9127,107.5925,bandung_raya_valid,791818.0,Rp 791.818,4.6,8.0,0,,Belum tersedia,Ber-AC; Elevator; Bebas asap rokok,https://xx.bstatic.com/xdata/w/hotel/840x460_watermarked_standard/UlbWNZwXU4abzM3ilQdgNN34WLaEyNjJjWPtqnTEn_sMjkb8pc44qMJdtcgX_YAYsk_Km3Grd0RIiARMiosL61vuHECmy1tDzJt4GJnDR8B3VLtBDohOOw==.jpg,https://www.booking.com/hotel/id/oslandmark-residence.en-gb.html?aid=2068758&utm_source=seogooglelocal&utm_medium=description&utm_term=hotel-13357467&utm_campaign=en-gb&label=seogooglelocal-link-imagesaow-hotel-13357467_grp-3_gendate-20260524,0.95,unique_primary,,,,,4,P2_sentiment_missing,missing_sentiment,scrape_reviews_for_sentiment,5,False,False,False,,,,,,
LODGE-01234,Chara Hotel,hotel,-6.9225,107.6197,bandung_raya_valid,460736.0,Rp 460.736,4.0,1386.0,0,,Belum tersedia,Breakfast; Free Wi-Fi; Free parking; Air conditioning; Spa; Restaurant; Room service; Full-service laundry; Kid-friendly,https://images.trvl-media.com/lodging/103000000/102560000/102557800/102557777/3d701fab_z.jpg,,0.9,unique_primary,,,,,4,P2_sentiment_missing,missing_sentiment|missing_source_link,scrape_reviews_for_sentiment,4,False,False,False,,,,,,
LODGE-01272,Hotel Victory,hotel,-6.9068,107.5958,bandung_raya_valid,340057.0,Rp 340.057,4.1,386.0,0,,Belum tersedia,Breakfast; Free Wi-Fi; Free parking; Air conditioning; Restaurant; Room service; Airport shuttle; Full-service laundry; Kid-friendly,https://lh3.googleusercontent.com/gps-cs-s/APNQkAES5szlzH-sUpHA3Zv7ujaCErVAya8EfaTtVut0ClM8WJ-Ou_cyb2jq96ZIwbTmRFyiV0nGD_lFyFOmKYED7CuY6fnKlbNxqUXPVZmKDwPneoTG77DpoL4_4UC7caU48vHVsbhONzdT4gBx=s10000,,0.9,unique_primary,,,,,4,P2_sentiment_missing,missing_sentiment|missing_source_link,scrape_reviews_for_sentiment,4,False,False,False,,,,,,
LODGE-00085,Asthaloka,hotel,-6.8939,107.5735,bandung_raya_valid,302208.0,Rp 302.208,4.9,364.0,0,,Belum tersedia,Free Wi-Fi; Free parking; Air conditioning; Accessible,https://lh3.googleusercontent.com/gps-cs-s/APNQkAER2_bh77HdEl2NeupbN7cgOBMnMmPaFxY_wzGzJCGNOai7-T0zX9UUJcgOEIKqBeUlLMXbCrEbuhWCCuNe8O3qeQHccmlrt9ZdtLKmhzXkttmQXb6S2gzlqHIwyse9LYQDTFu-QBKznvA=s10000,,0.9,unique_primary,,,,,4,P2_sentiment_missing,missing_sentiment|missing_source_link,scrape_reviews_for_sentiment,4,False,False,False,,,,,,
LODGE-01289,Mypodroom,hotel,-6.9229,107.6093,bandung_raya_valid,275311.0,Rp 275.311,4.7,362.0,0,,Belum tersedia,Free breakfast; Free Wi-Fi; Air conditioning; Room service,https://lh3.googleusercontent.com/gps-cs-s/APNQkAE58jpSyt4NnUuZPQXiiEOWDRo8zixS1vi1JiZ8V6dnhbmO5e7EYA4UprMQZ4HcAVanXgRzuah672Ppq0MF_2-EStXhycsV4hWyG2hFSac3LVCg1AMfD0T_9BRaWu0TNxLKX2RNmQ=s10000,,0.9,unique_primary,,,,,4,P2_sentiment_missing,missing_sentiment|missing_source_link,scrape_reviews_for_sentiment,4,False,False,False,,,,,,
LODGE-01267,Hotel Kurnia,hotel,-6.9284,107.6167,bandung_raya_valid,122727.0,Rp 122.727,3.6,312.0,0,,Belum tersedia,Free Wi-Fi; Free parking; Air conditioning,https://cdn.worldota.net/t/1024x768/content/2c/d1/2cd158304bcc61745c00e6b7cdc50d9eea21c4ba.jpeg,,0.9,unique_primary,,,,,4,P2_sentiment_missing,missing_sentiment|missing_source_link,scrape_reviews_for_sentiment,4,False,False,False,,,,,,
LODGE-01355,Feby Maisonatte by OYO Rooms,hotel,-6.8897,107.5826,bandung_raya_valid,182055.0,Rp 182.055,3.115,421.0,0,,Belum tersedia,,https://p.fih.io/v2/nSr0o-3gbZN8o1xMecXCcG-BkDeQVo3k-wOeVogkTe7ajuFOX7O-WA8aRWhXz1jsToZif_TsA_xCWfhWRa0Zhpjt4XcGv1E1HQ-EWZETzDbkgFnMFpCT_h3rEIj0u5ubPi0TybPhVHfoITF4en3ketkYyx1j1dLbUfhlOgkNcIcn9PwNtk_AU2csbUk6dd9sEIgtPWr2pQoMEqcf5fQOj4gVcYQwOAM6IiyYD4BSyNyblRtH2nCutuIacvXA9EltddFd0EQk0IHphIg_aV-8ws64z7TWYUhi-v9HkOKaa3Z8FwNnXzeIdPQ9VfJobww_5j9PZENvdSC7onf_vi0EfOQK9m59FI6sJw,https://deals.vio.com?sig=73aca13c7f952d2641c156f3e69125e1eb497c325f122828ee5aa8797168b9a12d32303331333438363233&turl=https%3A%2F%2Fwww.vio.com%2FHotel%2FSearch%3FhotelId%3D5237209%26utm_source%3Dgha-vr%26utm_campaign%3Dstatic%26openHotelDetails%3D1,0.85,unique_primary,,,,,4,P2_sentiment_missing,missing_sentiment|missing_amenities,scrape_reviews_for_sentiment,4,False,False,False,,,,,,
LODGE-01359,Graha Asri Hotel,hotel,-6.8493,107.5978,bandung_raya_valid,249386.0,Rp 249.386,3.4,115.0,0,,Belum tersedia,Wi-Fi; Free parking; Kid-friendly,https://images.trvl-media.com/lodging/110000000/109280000/109275900/109275835/5d30d5a0_z.jpg,,0.85,unique_primary,,,,,4,P2_sentiment_missing,missing_sentiment|missing_source_link,scrape_reviews_for_sentiment,4,False,False,False,,,,,,
LODGE-00139,The Cluster Harris,hotel,-6.8948241,107.5397126,bandung_raya_valid,293936.0,Rp 293.936,4.5,57.0,0,,Belum tersedia,"Breakfast ($), Free Wi-Fi, Free parking, Air conditioning, Restaurant, Room service, Full-service laundry, Smoke-free property",https://lh3.googleusercontent.com/gps-cs-s/APNQkAFd8t2l5_NBVLh2I_nnz0EH9fqNX1XAF8rYevQDgVX-zcWiLNnt4f0AdkLu_ICtbgC4KrDSQ3k9-9IXTiakM8myc0tqNeVhUJUSXSIWbsZdpFo5w3gJOEo2-iME9s6pzE468IDjKQ=s10000,http://bit.ly/TheClusterHarris,0.84,manual_resolved_keep_with_merge,LODGE-00176,,,,4,P2_sentiment_missing,missing_sentiment,scrape_reviews_for_sentiment,5,False,False,False,,,,,,
LODGE-01433,Cove Vaia - Coliving Bandung,hotel,-6.9366,107.6151,bandung_raya_valid,276832.0,Rp 276.832,4.9,253.0,0,,Belum tersedia,,https://lh3.googleusercontent.com/gps-cs-s/APNQkAGcrvnfjlBWr1t-ydVuiZwlblqdUBsw9OJYkwwfjzJEs_QLoZk3sN8PL85il71ZK3gxch1ms5voUevBTkO2LH2SEYaaQLfvbqb46nzttQ8ghzWL9nwFT9R76h_xhYfNLrL0DjzNF_I5XQ1e=s10000,https://cove.id/properties/cove-vaia?utm_source=gmb&utm_medium=website_button,0.8,unique_primary,,,,,4,P2_sentiment_missing,missing_sentiment|missing_amenities,scrape_reviews_for_sentiment,4,False,False,False,,,,,,
LODGE-01442,Dancenter Promenade Near Cihampelas Walk,hotel,-6.8969,107.6036,bandung_raya_valid,354569.0,Rp 354.569,2.2,41.0,0,,Belum tersedia,,https://lh3.googleusercontent.com/gps-cs-s/APNQkAHzEFWdYxB3QNCjSqGYiW1apj5QWVkcCNpV9OrtHnPbuuor9KsITAp3ZotZLualylnrjYBECH8o_sFYf4JNBGTbMyuGKnC9qxEagyxDYnJlU-xBHLFEDmceIXsMaI0mHxu6YZhzi05nesP7=s10000,https://www.oyorooms.com/ID/304924/,0.8,unique_primary,,,,,4,P2_sentiment_missing,missing_sentiment|missing_amenities,scrape_reviews_for_sentiment,4,False,False,False,,,,,,
LODGE-01556,Teratai,hotel,-6.8879,107.582,bandung_raya_valid,81251.0,Rp 81.251,4.1,95.0,0,,Belum tersedia,Free Wi-Fi; Free parking; Air conditioning; Smoke-free property,https://cdn.worldota.net/t/1024x768/content/9b/70/9b702dabe7c789ee1956b54b3937c8d90bbb2a8f.JPEG,,0.75,unique_primary,,,,,4,P2_sentiment_missing,missing_sentiment|missing_source_link,scrape_reviews_for_sentiment,4,False,False,False,,applied_price,price_lowest diisi dari Google Hotels safe candidate,"penginapan murah in Bandung, Jawa Barat",dataset_google-hotels-search-scraper_2026-06-13_10-46-16-156.json,ChkI49T8s6TVhbkDGg0vZy8xMWoxbTExdzAwEAE
LODGE-01576,MOONSTONE,hotel,-6.8875,107.5837,bandung_raya_valid,377399.0,Rp 377.399,4.5,70.0,0,,Belum tersedia,,https://lh3.googleusercontent.com/gps-cs-s/APNQkAHbuIR_Nqkf_aLMK8VXoW9nOHe8xuYLIO77qz5iS3yNf88_nl661O3kb-B1KDPCek00M_anXLlE8_nuC4dZeW67J_uoci_bk0E4qQNMAGRvb7wpKNxS0N5yup5RmjrMZChv4np-vqfIndiB=s10000,,0.7,unique_primary,,,,,4,P2_sentiment_missing,missing_sentiment|missing_source_link|missing_amenities,scrape_reviews_for_sentiment,3,False,False,False,,,,,,
LODGE-01610,Favehotel Hyper Square,hotel,-6.9162,107.5946,bandung_raya_valid,396992.0,Rp 396.992,4.4,6458.0,0,,Belum tersedia,Spa; Kid-friendly; Restaurant; Parking; Room service; Airport shuttle; Free Wi-Fi; Free breakfast; Air conditioning,,https://www.google.com/aclk?sa=l&ai=DChsSEwias5mIluWUAxXLLtQBHWkVDu0YACICCAEQBxoCb2E&co=1&gclid=EAIaIQobChMImrOZiJbllAMVyy7UAR1pFQ7tEA0YByABEgIUjfD_BwE&cid=CAASugHkaA9G-YpBHdfk6sOXZO6crxW1XtxhbnVSyF8f-EXzZUwIgpP-bcV17lobjN4sgWGHSIaR4C2oVKmwfLqfYojGj-gOx3A8O-fitHs37sLb-rr-snRh8Kwu6wuyk6jBBalhEzVYP4WRjfWpJu2_VBmO2tVl0-ihAp0f80XA_y6FXAn-d6XGB2Xqk3nJdxHRF661D8suIsq9FDXyaIzjDp0nSZccXZQ2bnwh1UuTcdCwIx1fyZvcWfWd20g&sig=AOD64_3Kn-LqcQZFgIZ1R5dfT__L6OMdSw&adurl=,0.6,unique_primary,,,,,4,P2_sentiment_missing,missing_sentiment|missing_image,scrape_reviews_for_sentiment,4,False,False,False,,applied_price,price_lowest diisi dari Google Hotels safe candidate,"guest house in Kota Bandung, Jawa Barat",dataset_google-hotels-search-scraper_2026-06-13_10-43-42-412.json,ChgIhoTH4rzHkrIbGgwvZy8xcTZral9wMTEQAQ
LODGE-00774,Hotel Soreang,hotel,-7.014,107.5311,bandung_raya_valid,260379.0,Rp 260.379,4.3,728.0,0,,Belum tersedia,Free parking; Parking; Free Wi-Fi; Wi-Fi,,https://www.google.com/aclk?sa=l&ai=DChsSEwi45Leq3eeUAxWNhVoFHTg1BogYACICCAEQBxoCdnU&co=1&ase=2&gclid=EAIaIQobChMIuOS3qt3nlAMVjYVaBR04NQaIEA0YAyABEgKecfD_BwE&cid=CAASugHkaBDuOMAIatyLAgffK9cK1AkUjQW9LH4orDZ0O9H0sQfncHsU8OSHv8_e018ioU6vazqdYUagu8GGTWzzR8mE4IIKo3req7BqnBtigUECn7743azfksMf0SspbaCP634pmulAhw01Dy3DHj_gLsNEQ2zV_Q9fgUOL_SpvEh08lieKOC4pYwq5XPs81eGR-kyPdR0YEkOMeWhX-yIYHZ3uIO9vrMSIZIpNz3fkNbkpGReNH99jid5R1Nw&category=acrcp_v1_48&sig=AOD64_1EPY3eKKw7k07wP2UYyUGo36qvGw&adurl=,0.6,unique_primary,,,,,4,P2_sentiment_missing,missing_sentiment|missing_image,scrape_reviews_for_sentiment,4,False,False,False,,applied_price,price_lowest diisi dari Google Hotels safe candidate,"penginapan in Kabupaten Bandung, Jawa Barat",dataset_google-hotels-search-scraper_2026-06-13_10-51-18-035.json,ChoIkOOvjpGg4aW3ARoNL2cvMTFoeV9ybjJxdhAB
LODGE-00778,PURNAMA,hotel,-7.1069,107.4558,bandung_raya_valid,170371.0,Rp 170.371,3.6,134.0,0,,Belum tersedia,Free parking; Parking; Free Wi-Fi; Wi-Fi,,https://www.google.com/aclk?sa=l&ai=DChsSEwia_J6B3-eUAxWPMwgFHQf5EHAYACICCAEQCRoCbWQ&co=1&gclid=EAIaIQobChMImvyegd_nlAMVjzMIBR0H-RBwEA0YBiABEgJQJvD_BwE&cid=CAASugHkaPA6wNkLCGFS_aY-fcjEWRS4-njKqT6i5bn8HzSsPhGkJBYoaNQbwAIUvOy9qnmLUYJuOvtpM1KWIcc-l1ck_aixWptMSIiZ1FdOtpAtNyvRo5uHTnyZza8rr7ruI3eKNq93awmmsLdxTWB2_rSSxU3rWZ3UGyP04T8d6vmICijx2RIyHzb8CBHp3TTi_KrX1vWUCKU4auY7NtQLywYeYKe2BzSPW8i_G1i3vSqzShD459iU39Jj_5Q&sig=AOD64_3YU45vaU_JmOsiFtAa4bSfe28lpA&adurl=,0.6,unique_primary,,,,,4,P2_sentiment_missing,missing_sentiment|missing_image,scrape_reviews_for_sentiment,4,False,False,False,,applied_price,price_lowest diisi dari Google Hotels safe candidate,"penginapan in Kabupaten Bandung, Jawa Barat",dataset_google-hotels-search-scraper_2026-06-13_10-51-18-035.json,ChkIksba3sHwmfhrGg0vZy8xMWhidDV4bnBoEAE
LODGE-00770,Ciwidey Jungle Camp,hotel,-7.126,107.5147,bandung_raya_valid,318938.0,Rp 318.938,4.4,64.0,0,,Belum tersedia,Free Wi-Fi,,https://www.google.com/aclk?sa=l&ai=DChsSEwiYj-K84eeUAxV6J9QBHWbAAP0YACICCAEQCRoCb2E&co=1&ase=2&gclid=EAIaIQobChMImI_ivOHnlAMVeifUAR1mwAD9EA0YCCABEgLMLvD_BwE&cid=CAASugHkaKfySVnbk3Aml6u8tNYO2jxVkSCwnDHPjvmAL5OH-XmgXw2vmRw61qW42TFvqzP1zFYBBdMu4-3hwtcMwccX-swlPjfaUNVr-FEx3S3VJVLOAfIHH4xeQdsQlGJEpmIVUesMxuSos-wI4AJTosnKTs8lfblHgbM47Pv6rygq6OhjpIRn1rGZb6HufDn7ttE5F1sWkHCFKbMVUQdyUVdk32yCb5YlRfvSIPH9if9VbCAgmUisMkCZfK8&category=acrcp_v1_48&sig=AOD64_2tO4q2d6wjCXC1lbtv_uMLBkylmw&adurl=,0.6,unique_primary,,,,,4,P2_sentiment_missing,missing_sentiment|missing_image,scrape_reviews_for_sentiment,4,False,False,False,,applied_price,price_lowest diisi dari Google Hotels safe candidate,"penginapan in Kabupaten Bandung, Jawa Barat",dataset_google-hotels-search-scraper_2026-06-13_10-51-18-035.json,ChkI8typgsOamLhdGg0vZy8xMXM0el9fbnJkEAE
LODGE-00392,C Family Hotel,hotel,-6.877606,107.548351,bandung_raya_valid,500928.0,Rp 500.928,4.8,77.0,0,,Belum tersedia,,https://lh3.googleusercontent.com/gps-cs-s/APNQkAG8Vf-Mcrfajrihk0H3dgVfBZye99O5sMa-UqCNSw_PQ_IRNQrW8gRgYdjaKtd5_S38bXVClAavNHRVR49FmxQarpkYPHXfIr47APPv3VqYDROt0BmWcDPwTPvsIbiiChpjSR-v6xY8kAfb=s10000,,0.58,unique_primary,,,,,4,P2_sentiment_missing,missing_sentiment|missing_source_link|missing_amenities,scrape_reviews_for_sentiment,3,False,False,False,,,,,,
LODGE-00435,Bobo inn Baros,hotel,-6.8986029,107.5368741,bandung_raya_valid,299250.0,Rp 299.250,4.0,1.0,0,,Belum tersedia,,https://lh3.googleusercontent.com/gps-cs-s/APNQkAEdUTThndecbj_0rUD20fT1ybnD6DrQxZvAHiVUdLcMRMeuiyxon5JXGS0K4IMuFXngKcoYRO7t0gA1iNE-F8uOTIU_1CDUnvjriWEA5Hjozh2kJeH7Bi7nJsM8EbY2lH2wUSt8=s10000,,0.44,unique_primary,,,,,4,P2_sentiment_missing,missing_sentiment|missing_source_link|missing_amenities,scrape_reviews_for_sentiment,3,False,False,False,,applied_price,price_lowest diisi dari Google Hotels safe candidate,"hotel in Cimahi, Jawa Barat",dataset_google-hotels-search-scraper_2026-06-13_10-48-22-530.json,ChkIppP16P-y6M98Gg0vZy8xMWx0ZnFrbGd3EAE
LODGE-00049,Twelve Stones at Wahoo KBP,vacation_rental,-6.8692,107.4562,bandung_raya_valid,2250001.0,Rp 2.250.001,4.65,3.0,0,,Belum tersedia,Ber-AC; Dapur; Bebas asap rokok,https://xx.bstatic.com/xdata/w/hotel/840x460_watermarked_standard/UlbWNZwXU4abzNMV2hr0HNyyd9Y-_We3hL4Uau4zQk3IGFCvo9zgq3cEIuLOr-y5vYd-MKLNoXGfdvUIWvoqq-FhyuB3KOwwJLmVJTymnSILzVn4ORHtHg==.jpg,https://www.booking.com/hotel/id/twelve-stones-at-wahoo-kbp.en-gb.html?aid=2068758&utm_source=seogooglelocal&utm_medium=description&utm_term=hotel-10895628&utm_campaign=en-gb&label=seogooglelocal-link-imagesaow-hotel-10895628_grp-0_gendate-20260524,1.0,unique_primary,,,,,4,P2_sentiment_missing,missing_sentiment,scrape_reviews_for_sentiment,5,False,False,False,,,,,,
LODGE-00067,"Kyoto House - KBP with Onsen style pool, Warm water, Near Parahyangan Golf",vacation_rental,-6.8735,107.4698,bandung_raya_valid,3068160.0,Rp 3.068.160,4.85,10.0,0,,Belum tersedia,Ber-AC; Dapur; Bebas asap rokok; Mesin cuci,https://xx.bstatic.com/xdata/w/hotel/840x460_watermarked_standard/UlYG65CxyC0DxVg2mdvCTLG_QAnJsl2DRxS-tXQCYXjipwXIfHt-hvBOqKHaKDffJhEcYQonwJkdlMhCRxdmczHPxP0JM1pqwuKJY2QlFg3NTXdhYgIRKA==.jpg,https://www.booking.com/hotel/id/kyoto-house-kbp.en-gb.html?aid=2068758&utm_source=seogooglelocal&utm_medium=description&utm_term=hotel-13288412&utm_campaign=en-gb&label=seogooglelocal-link-imagesaow-hotel-13288412_grp-0_gendate-20260524,0.95,unique_primary,,,,,4,P2_sentiment_missing,missing_sentiment,scrape_reviews_for_sentiment,5,False,False,False,,,,,,
LODGE-01186,Skara by Kozystay - Bandung,vacation_rental,-6.9093,107.6101,bandung_raya_valid,697555.0,Rp 697.555,3.8,9.0,0,,Belum tersedia,Ber-AC; Elevator; Gym; Dapur; Microwave; Kompor; Boleh bawa hewan peliharaan; Bebas asap rokok,https://xx.bstatic.com/xdata/w/hotel/840x460_watermarked_standard/UlbWNZwXU4abzBPDqenYMO-hlvmld_HWujYLzCz2-oR-jO3x1pk0-c8AjIYqa5hTTS1q04JCTIkdvXA6VNDEG5Xyn0soQunEKveOi8DAzDpnV-a-AJ477g==.jpg,https://www.booking.com/hotel/id/skara-by-kozystay-bandung.en-gb.html?aid=2068758&utm_source=seogooglelocal&utm_medium=description&utm_term=hotel-13903311&utm_campaign=en-gb&label=seogooglelocal-link-imagesaow-hotel-13903311_grp-3_gendate-20260524,0.95,keep_primary_deduped,LODGE-01315,,,,4,P2_sentiment_missing,missing_sentiment,scrape_reviews_for_sentiment,5,False,False,False,,,,,,
LODGE-01184,Scandinavian Asia Afrika,vacation_rental,-6.9238,107.6182,bandung_raya_valid,341136.0,Rp 341.136,3.75,8.0,0,,Belum tersedia,Ber-AC; Elevator; Dapur; Kompor; Teras; Boleh bawa hewan peliharaan; TV Kabel; Dapat diakses pengguna kursi roda,https://xx.bstatic.com/xdata/w/hotel/840x460_watermarked_standard/UlbWNZwXU4abzJSiI2LOnleeP4Oj5blSxwI7aIjryKGsXCjx7KhB0gdOkFrF4xQ_Dy172Nj5ptFGs7wqIjYp15UkMDaLy4GB8Z7NO5s49k_TUHjhC5Hx_g==.jpg,https://www.booking.com/hotel/id/grand-asia-afrika-residence-bandung12.en-gb.html?aid=2068758&utm_source=seogooglelocal&utm_medium=description&utm_term=hotel-3984322&utm_campaign=en-gb&label=seogooglelocal-link-imagesaow-hotel-3984322_grp-2_gendate-20260524,0.95,unique_primary,,,,,4,P2_sentiment_missing,missing_sentiment,scrape_reviews_for_sentiment,5,False,False,False,,,,,,
LODGE-01138,"Jardin A22, City View, Netflix & WIFI",vacation_rental,-6.8923,107.6049,bandung_raya_valid,287182.0,Rp 287.182,4.4,4.0,0,,Belum tersedia,Ber-AC; Elevator; Dapur; Kompor; Bebas asap rokok; TV Kabel,https://xx.bstatic.com/xdata/w/hotel/840x460_watermarked_standard/UlbWNZwXU4abzPXN1C-JKOD4xTuZG69Y-R0hpRax9iALhI4XnsBqN_Y4--XY_ZVnPKizf7U1zs4ZoeWePcCFbfeNNRKZjyqCO5mgiUiNBtCReD44w4PKlQ==.jpg,https://www.booking.com/hotel/id/jardin-city-view-netflix-amp-wifi.en-gb.html?aid=2068758&utm_source=seogooglelocal&utm_medium=description&utm_term=hotel-13428647&utm_campaign=en-gb&label=seogooglelocal-link-imagesaow-hotel-13428647_grp-3_gendate-20260524,0.95,unique_primary,,,,,4,P2_sentiment_missing,missing_sentiment,scrape_reviews_for_sentiment,5,False,False,False,,,,,,
LODGE-01110,Bandung Scenic View W Pool,vacation_rental,-6.8833,107.5812,bandung_raya_valid,286364.0,Rp 286.364,4.85,3.0,0,,Belum tersedia,Ber-AC; Penghangat; Dapur; Boleh bawa hewan peliharaan; Bebas asap rokok; TV Kabel,https://xx.bstatic.com/xdata/w/hotel/840x460_watermarked_standard/UlYG65CxyC0DxZuAoMU_tH64dKIskUfOw14CCL_ovngMhOib5ROmqgzdr6rwafuMS4_R6PeeOaxYxZ3sZxgGtu0HDIpbXyI85J_9Ms2yNqbyFZPwMtXRow==.jpg,https://www.booking.com/hotel/id/bandung-scenic-view-w-pool.en-gb.html?aid=2068758&utm_source=seogooglelocal&utm_medium=description&utm_term=hotel-13421004&utm_campaign=en-gb&label=seogooglelocal-link-imagesaow-hotel-13421004_grp-0_gendate-20260524,0.95,keep_primary_deduped,LODGE-01424,,,,4,P2_sentiment_missing,missing_sentiment,scrape_reviews_for_sentiment,5,False,False,False,,,,,,
LODGE-01168,Rarasa by Kozystay - Bandung,vacation_rental,-6.8697,107.6408,bandung_raya_valid,1823830.0,Rp 1.823.830,4.0,3.0,0,,Belum tersedia,Ber-AC; Elevator; Dapur; Microwave; Kompor; Boleh bawa hewan peliharaan; Bebas asap rokok; TV Kabel; Mesin cuci,https://xx.bstatic.com/xdata/w/hotel/840x460_watermarked_standard/UlbWNZwXU4abzHzQRAc-wbeJRhj2pLke8t_jsuM_AsLbiDBUuHhZL5t1aUPjYYmimB-FFycUOHSA_8I11w2wGq9pUuJdVLJx3tBiiqW6wHAWXcCUEWGddw==.jpg,https://www.booking.com/hotel/id/rarasa-by-kozystay-bandung.en-gb.html?aid=2068758&utm_source=seogooglelocal&utm_medium=description&utm_term=hotel-15757543&utm_campaign=en-gb&label=seogooglelocal-link-imagesaow-hotel-15757543_grp-3_gendate-20260524,0.95,unique_primary,,,,,4,P2_sentiment_missing,missing_sentiment,scrape_reviews_for_sentiment,5,False,False,False,,,,,,
LODGE-01125,Delio by Kozystay - Bandung,vacation_rental,-6.9178,107.5813,bandung_raya_valid,1040946.0,Rp 1.040.946,3.5,2.0,0,,Belum tersedia,Ber-AC; Elevator; Gym; Dapur; Microwave; Kompor; Boleh bawa hewan peliharaan; Bebas asap rokok; TV Kabel,https://xx.bstatic.com/xdata/w/hotel/840x460_watermarked_standard/UlYG65CxyC0DxVEw2bylEIkmz-jbZ0WNSzqVYrDOrUoikNcWRfcxTrB8gf2fJSexF3et7daca7LLBRAKIilISlfAxBnGYVYUbKo9Uy_i1UjhnEsmrvyhUg==.jpg,https://www.booking.com/hotel/id/delio-by-kozystay-bandung.en-gb.html?aid=2068758&utm_source=seogooglelocal&utm_medium=description&utm_term=hotel-15259516&utm_campaign=en-gb&label=seogooglelocal-link-imagesaow-hotel-15259516_grp-0_gendate-20260524,0.95,unique_primary,,,,,4,P2_sentiment_missing,missing_sentiment,scrape_reviews_for_sentiment,5,False,False,False,,,,,,
LODGE-01189,Tabgha by Kozystay - Dago,vacation_rental,-6.8548,107.6492,bandung_raya_valid,4936704.0,Rp 4.936.704,4.5,2.0,0,,Belum tersedia,Ber-AC; Papan setrika; Dapur; Microwave; Kompor; Boleh bawa hewan peliharaan,https://xx.bstatic.com/xdata/w/hotel/840x460_watermarked_standard/UlYG65CxyC0DxYl9jiSO9GNWgBXcMqq7rZDhtESRao21ihJCV45lb0ws620sxRYwez63ClRs08g8BN6TaKWKWm7EDRRTHjawQfR1omPik9LMTxbXTCAuhQ==.jpg,https://www.booking.com/hotel/id/suarga-by-kozystay-3br-private-pool-bandung.en-gb.html?aid=2068758&utm_source=seogooglelocal&utm_medium=description&utm_term=hotel-11822899&utm_campaign=en-gb&label=seogooglelocal-link-imagesaow-hotel-11822899_grp-3_gendate-20260524,0.95,keep_primary_deduped,LODGE-01401,,,,4,P2_sentiment_missing,missing_sentiment,scrape_reviews_for_sentiment,5,False,False,False,,,,,,
LODGE-01116,Cairora by Kozystay - Bandung,vacation_rental,-6.9093,107.6102,bandung_raya_valid,1033091.0,Rp 1.033.091,4.5,1.0,0,,Belum tersedia,Ber-AC; Gym; Dapur; Microwave; Kompor; Boleh bawa hewan peliharaan; Bebas asap rokok,https://xx.bstatic.com/xdata/w/hotel/840x460_watermarked_standard/UlbWNZwXU4abzFhLFLdCa6-geqRCIqkeS6MbYoRxCmx-9Jg7lHJwXD8_Omz1RvUIE407Y59SWB5NKRPPqqC4DhRPmUfwnzT7kMuNaJMvyz36aC7w9M4ikg==.jpg,https://www.booking.com/hotel/id/cairora-by-kozystay-bandung.en-gb.html?aid=2068758&utm_source=seogooglelocal&utm_medium=description&utm_term=hotel-15784203&utm_campaign=en-gb&label=seogooglelocal-link-imagesaow-hotel-15784203_grp-3_gendate-20260524,0.95,unique_primary,,,,,4,P2_sentiment_missing,missing_sentiment,scrape_reviews_for_sentiment,5,False,False,False,,,,,,
LODGE-01146,Lee Simple House - Summarecon Bandung,vacation_rental,-6.9619,107.6969,bandung_raya_valid,611280.0,Rp 611.280,3.0,1.0,0,,Belum tersedia,Ber-AC; Dapur; Mesin cuci,https://xx.bstatic.com/xdata/w/hotel/840x460_watermarked_standard/UlbWNZwXU4abzIYyrocKj7FY1b33tWy_5NBhmYtj02kF2DYUvuXVA_kB7hKwpzCwe9ZIADXR1v9OTM90ynCErNwHeYGnNACeJyYMY50gWsdT7TqV_MSA7Q==.jpg,https://www.booking.com/hotel/id/lee-simple-house-summarecon-bandung.en-gb.html?aid=2068758&utm_source=seogooglelocal&utm_medium=description&utm_term=hotel-15976611&utm_campaign=en-gb&label=seogooglelocal-link-imagesaow-hotel-15976611_grp-3_gendate-20260524,0.95,unique_primary,,,,,4,P2_sentiment_missing,missing_sentiment,scrape_reviews_for_sentiment,5,False,False,False,,,,,,
LODGE-00069,"Manna Tatami House KBP Bandung near Wahoo, Whoosh & Parahyangan Golf",vacation_rental,-6.8689,107.4568,bandung_raya_valid,1363636.0,Rp 1.363.636,5.0,1.0,0,,Belum tersedia,Ber-AC; Microwave; Boleh bawa hewan peliharaan; Bebas asap rokok; TV Kabel; Mesin cuci; Dapat diakses pengguna kursi roda,https://xx.bstatic.com/xdata/w/hotel/840x460_watermarked_standard/UlbWNZwXU4abzPItXyJ26GPlNB3V9p2Kot8edcHpaBY-iTSSoOt_mpoSQRttwJoMXeM1d4tvWr7vXojxtAh-dzP9owrc6eSdlCLcv_vy_UkfqOAwOhqO_Q==.jpg,https://www.booking.com/hotel/id/manna-tatami-house-kota-baru-parahyangan-bandung.en-gb.html?aid=2068758&utm_source=seogooglelocal&utm_medium=description&utm_term=hotel-14833406&utm_campaign=en-gb&label=seogooglelocal-link-imagesaow-hotel-14833406_grp-2_gendate-20260524,0.95,unique_primary,,,,,4,P2_sentiment_missing,missing_sentiment,scrape_reviews_for_sentiment,5,False,False,False,,,,,,
LODGE-01190,Tanea by Kozystay - Braga,vacation_rental,-6.9167,107.6078,bandung_raya_valid,966327.0,Rp 966.327,4.5,1.0,0,,Belum tersedia,Ber-AC; Elevator; Dapur; Microwave; Kompor; Boleh bawa hewan peliharaan; Bebas asap rokok; Mesin cuci,https://xx.bstatic.com/xdata/w/hotel/840x460_watermarked_standard/UlbWNZwXU4abzHoX_54coJHQKKivYLcRVZdD4n8HHlYTXUSXx43UmYCxq-Ofx9luRRvN5FF_6fFulEi78oycdiTrpEi6GimBdTGQ-R5y6JtlDdVjFiJGDg==.jpg,https://www.booking.com/hotel/id/tanea-by-kozystay-braga.en-gb.html?aid=2068758&utm_source=seogooglelocal&utm_medium=description&utm_term=hotel-15757115&utm_campaign=en-gb&label=seogooglelocal-link-imagesaow-hotel-15757115_grp-3_gendate-20260524,0.95,unique_primary,,,,,4,P2_sentiment_missing,missing_sentiment,scrape_reviews_for_sentiment,5,False,False,False,,,,,,
LODGE-00077,"Wasabi House, Kota Baru Parahyangan",vacation_rental,-6.8667,107.4572,bandung_raya_valid,1530000.0,Rp 1.530.000,5.0,1.0,0,,Belum tersedia,Ber-AC; Dapur; Microwave; Kompor; Bebas asap rokok; Mesin cuci,https://xx.bstatic.com/xdata/w/hotel/840x460_watermarked_standard/UlbWNZwXU4abzO9biy-lmMLHtiwkDgR9J6oTVcSQ4qPIQxZKndOq3gJf-RuBIqMg1sVy6lzNHSTv_WD3Zas_76Fdb42b1fEMe1g2tJmsieAu2R1u_dko6g==.jpg,https://www.booking.com/hotel/id/wasabi-house-kota-baru-parahyangan.en-gb.html?aid=2068758&utm_source=seogooglelocal&utm_medium=description&utm_term=hotel-14927688&utm_campaign=en-gb&label=seogooglelocal-link-imagesaow-hotel-14927688_grp-0_gendate-20260524,0.95,unique_primary,,,,,4,P2_sentiment_missing,missing_sentiment,scrape_reviews_for_sentiment,5,False,False,False,,,,,,
LODGE-01283,La Grande by Djitu Hospitality,vacation_rental,-6.9094,107.6104,bandung_raya_valid,850360.0,Rp 850.360,3.1417,136.0,0,,Belum tersedia,Kolam renang luar; Bebas asap rokok; Parkir gratis; Wi-Fi gratis,https://media.vrbo.com/lodging/112000000/111570000/111561000/111560937/689db1b6.jpg,,0.9,unique_primary,,,,,4,P2_sentiment_missing,missing_sentiment|missing_source_link,scrape_reviews_for_sentiment,4,False,False,False,,,,,,
LODGE-01316,Sorte by Kozystay -Dago,vacation_rental,-6.8558,107.6476,bandung_raya_valid,6185939.0,Rp 6.185.939,4.8342,32.0,0,,Belum tersedia,Ber-AC; Bak air panas; Papan setrika; Microwave; Pemanggang luar ruang; Kolam renang luar; Kompor; Parkir gratis; Wi-Fi gratis,https://p.fih.io/v2/nSr0o-3gbZN8o1xMecXCcG-BkDeQVo3k-wOeVogkTe7ajuFOX7O-WA8aRWhXz1jsToZif_TsA_xCWfhWRa0ZrrO3jQEj7HgzNRjTaJRp7iXDj1KUBuCNukjpFqDp_-iDMyQU-brgK3bnfjF4en3ketkYyx1j1dLbUfhlOgkNcIcn9PwNtk_AU2csbUk6dd9sGo49Qn31qiMVOoIxofR_2o8VcZA3AAhCPReYBoJ8vY2Gq2593GaA4u4Ocfbb2nQda_hO30Az3JWsq7VTLkiv-8O4z7SdYnZAsv9XtuyYfAdwFy1RWDSmfPs-a894Rx9TowVlVl5fURe6blhdvk_2497wQhMpbW0ABurjdoiE2iXgZxes4w,,0.9,unique_primary,,,,,4,P2_sentiment_missing,missing_sentiment|missing_source_link,scrape_reviews_for_sentiment,4,False,False,False,,,,,,
LODGE-00519,Kuleum Camp And Cabin By ARBA,vacation_rental,-7.1416,107.396,bandung_raya_valid,569862.0,Rp 569.862,4.125,30.0,0,0.6467452757303084,Belum tersedia,Bebas asap rokok; Parkir gratis; Wi-Fi gratis,https://p.fih.io/v2/nSr0o-3gbZN8o1xMecXCcG-BkDeQVo3k-wOeVogkTe7ajuFOX7O-WA8aRWhXz1jsToZif_TsA_xCWfhWRa0Zx4WplnYo12QgGg6BRKx80BP-plrTKLOhgAD3E63_g7KcFFJvq5zXBQzuPTF4en3ketkYyx1j1dLbUfhlOgkNcIcn9PwNtk_AU2csbUk6dd9sHrY9VmP2oVtSPacx5dpRpY0tdfs0O2klORT9A5pSgPGUvBhQ3nG9m-EOZqnU2mQ3KPhw30EzzJHpqJtDbEqv84C64bCSYHZm-v1XlOKae248FxAKWSCmaLk9UuJnRTMzoRBldxpfcmu2e1QPuiuZOJEprgIcZVZmpwwHzA,https://www.expedia.com/Hotel.h119828482.Hotel-Information?mdpcid=META.HPA.WEB-ORGANIC.VR,0.9,keep_primary_deduped,LODGE-00537|LODGE-00796,,,,4,P2_sentiment_missing,missing_sentiment,scrape_reviews_for_sentiment,5,False,False,False,,,,,,
LODGE-01217,Anori by Kozystay - Bandung,vacation_rental,-6.8693,107.6408,bandung_raya_valid,1419348.0,Rp 1.419.348,4.78,23.0,0,,Belum tersedia,Ber-AC; Papan setrika; Dapur; Kolam renang luar; Bebas asap rokok; Mesin cuci; Parkir gratis; Wi-Fi gratis,https://freecancellationscdn-hsbgcwfragasdpfe.z01.azurefd.net/remote/static.cupid.travel/hotels/ex_8016f150_z.jpg?w=1024&h=683&mode=crop&scale=both&anchor=middlecenter&quality=80,,0.9,unique_primary,,,,,4,P2_sentiment_missing,missing_sentiment|missing_source_link,scrape_reviews_for_sentiment,4,False,False,False,,,,,,
LODGE-01240,"Cozy Haven with Jacuzzi, Rooftop",vacation_rental,-6.8444,107.6051,bandung_raya_valid,1010217.0,Rp 1.010.217,4.0,19.0,0,,Belum tersedia,Balkon; Ranjang bayi; Bak air panas; Kolam renang di dalam ruangan; Dapur; Microwave; Pemanggang luar ruang; Kompor; Bebas asap rokok; TV Kabel; Parkir gratis; Wi-Fi gratis,https://pix8.agoda.net/hotelImages/44466075/0/f4f923ae71f15fb43e7d962aa6be9e4c.jpg?ce=0,,0.9,unique_primary,,,,,4,P2_sentiment_missing,missing_sentiment|missing_source_link,scrape_reviews_for_sentiment,4,False,False,False,,,,,,
LODGE-00093,Imah Seuri,vacation_rental,-6.8179,107.5743,bandung_raya_valid,116495.0,Rp 116.495,4.3,12.0,0,,Belum tersedia,Wi-Fi gratis,https://p.fih.io/v2/nSr0o-3gbZN8o1xMecXCcG-BkDeQVo3k-wOeVogkTe7ajuFOX7O-WA8aRWhXz1jsToZif_TsA_xCWfhWRa0Zobft7icNtF82MFKmXNtZsTmepH-AD6ieoiD9LJfG_LvgSiForajfAX3LBzF4en3ketkYyx1j1dLbUfhlOgkNcIcn9PwNtk_AU2csbUk6dd9sGqAEVmr2qjQMPI095Pdv3pEtFPIxOxxOPC-YWoFEg4yVvAhU3nG9m-EOYdDa2mQZa_hey0EzzJHoqbVDIUiv_4S54bySYU8b-v9XsuObe3pxFT1VHTW2a-EpReU8Uw9I8ThxMhxmQibyYUENqJNlaCRARm9nEv8M9xr2sCs,,0.9,unique_primary,,,,,4,P2_sentiment_missing,missing_sentiment|missing_source_link,scrape_reviews_for_sentiment,4,False,False,False,,,,,,
LODGE-00097,Pasteur Beautiful Luxury Home - Vacation Home,vacation_rental,-6.8929,107.5749,bandung_raya_valid,2519326.0,Rp 2.519.326,4.4,10.0,0,,Belum tersedia,Ber-AC; Cocok untuk anak; Ranjang bayi; Elevator; Gym; Kolam renang di dalam ruangan; Papan setrika; Dapur; Microwave; Kompor; Bebas asap rokok; TV Kabel; Parkir gratis; Wi-Fi gratis,https://freecancellationscdn-hsbgcwfragasdpfe.z01.azurefd.net/remote/q-xx.bstatic.com/xdata/images/hotel/max1024x683/657229743.jpg?k=e8fb407c2d5b40875e28fc5a2c57aa309201a7d095996f50f9057e9222fc3afb&o=&a=2344045&w=1024&h=683&mode=crop&scale=both&anchor=middlecenter&quality=80,,0.9,unique_primary,,,,,4,P2_sentiment_missing,missing_sentiment|missing_source_link,scrape_reviews_for_sentiment,4,False,False,False,,,,,,
LODGE-01319,Sukha by Kozystay - Dago,vacation_rental,-6.8558,107.6476,bandung_raya_valid,8309069.0,Rp 8.309.069,4.56,9.0,0,,Belum tersedia,Ber-AC; Balkon; Papan setrika; Dapur; Microwave; Pemanggang luar ruang; Kolam renang luar; Kompor; Bebas asap rokok; TV Kabel; Parkir gratis; Wi-Fi gratis,https://pix8.agoda.net/hotelImages/49680632/0/3dc4230a32faa7a0eb890c632332a581.jpg?ce=0,,0.9,unique_primary,,,,,4,P2_sentiment_missing,missing_sentiment|missing_source_link,scrape_reviews_for_sentiment,4,False,False,False,,,,,,
LODGE-01280,Karaton by Kozystay - Paskal,vacation_rental,-6.913,107.5929,bandung_raya_valid,3259807.0,Rp 3.259.807,3.85,7.0,0,,Belum tersedia,Ber-AC; Elevator; Papan setrika; Dapur; Microwave; Kolam renang luar; Kompor; Bebas asap rokok; TV Kabel; Mesin cuci; Parkir gratis; Wi-Fi gratis,https://freecancellationscdn-hsbgcwfragasdpfe.z01.azurefd.net/remote/static.cupid.travel/hotels/578188649.jpg?w=1024&h=683&mode=crop&scale=both&anchor=middlecenter&quality=80,,0.9,unique_primary,,,,,4,P2_sentiment_missing,missing_sentiment|missing_source_link,scrape_reviews_for_sentiment,4,False,False,False,,,,,,
LODGE-00541,Regan Luxcamp by Digihub Hospitality,vacation_rental,-7.1844,107.5469,bandung_raya_valid,1263138.0,Rp 1.263.138,4.2,7.0,0,,Belum tersedia,Bebas asap rokok,https://p.fih.io/v2/nSr0o-3gbZN8o1xMecXCcG-BkDeQVo3k-wOeVogkTe7ajuFOX7O-WA8aRWhXz1jsToZif_TsA_xCWfhWRa0ZkrWAtgsism4FBDqmYYFoxg_7jFvmAZXzgDHkI5_jnoukNlNh_pvWVE3cfjF4en3ketkYyx1j1dLbUfhlOgkNcIcn9PwNtk_AU2csbUk6dd9sGo49Qn31qiMVOoIxofR_2o8VcZA3AAhCPReYBoJ8vY2Gq2593GaA4u4OccDb2nQda_hO30Az3JXlq4tHLkiv-8O4z7SdYXZut_xpmOyYfAdwFy1_ETW2YLg9RfF4UA9f4BFfUhdKUhe6blhdvk_2497wQhMp5mFZOWNAggg51pj3TnML0g,https://www.us.despegar.com/hotels/h-6501848,0.85,keep_primary_deduped,LODGE-00799,,,,4,P2_sentiment_missing,missing_sentiment,scrape_reviews_for_sentiment,5,False,False,False,,,,,,
LODGE-00584,Seribu Pulau Pangalengan,vacation_rental,-7.1902,107.5504,bandung_raya_valid,719218.0,Rp 719.218,4.2,165.0,0,,Belum tersedia,Ber-AC; Boleh bawa hewan peliharaan; Parkir gratis,https://pix8.agoda.net/hotelImages/61368613/0/1a9fcf4677c480a573c70202f8cfc16f.jpg?ce=0&s=312x,https://www.bluepillow.com/search/67a240c8905c444f2d0a3c76?dest=ago&cat=Vacation+rental+(other)&lat=-7.19025&lng=107.55041&language=en,0.8,unique_primary,,,,,4,P2_sentiment_missing,missing_sentiment,scrape_reviews_for_sentiment,5,False,False,False,,applied_rating_reviews,overall_rating diisi dari Google Hotels safe candidate; reviews diisi dari Google Hotels safe candidate,"penginapan in Kabupaten Bandung, Jawa Barat",dataset_google-hotels-search-scraper_2026-06-13_10-51-18-035.json,ChkI2buX0ZHVn84rGg0vZy8xMXZ4M2p0NnR6EAE
LODGE-00588,Shakilla House 6B Syariah Cigalumpit Cianjur,vacation_rental,-6.8162,107.1714,bandung_raya_valid,526274.0,Rp 526.274,4.85,1.0,0,,Belum tersedia,TV Kabel; Wi-Fi gratis,https://p.fih.io/v2/nSr0o-3gbZN8o1xMecXCcG-BkDeQVo3k-wOeVogkTe7ajuFOX7O-WA8aRWhXz1jsToZif_TsA_xCWfhWRa0ZqJuH4SkSs1cNNji0QsAS9jv7uSnLApqNmwj3FtX6iZWeFRVBr5TXFU-zITF4en3ketkYyx1j1dLbUfhlOgkNcIcn9PwNtk_AU2csYWt6dZQ5HrU9YH_Mi1sOBJIp-_VR0o0tdfMtAxxDIiyYD4BSyNiZqAt1xXDKjOEhYqjEzXNlZvlZrgId34L5h5tMD1-SisC4h7-DTktP9tNbouiPaQZ4OCFwEhjRY-A8ePJ9Uldy4T87SVhJaCmoaWk-_3XmyoPAZE8kPHeod_SAAmf4E-CeBPDhsV0zjwUDu5-t5UVY5R_5RRfFEiFjkRkZ1hssNTJxnW7seAgVi1HoxF9swxf8tZZAOpBP0ZZxutmwgVQyfnK-5vqF50fYyTm-kTS-6tXONgSChd9L92SK_3XgYkO1t8RuMpKRG_D_ID4oEkvkaw_XbdLV0xmuwUCs_UALfbQuzG6yfARD,https://deals.vio.com?sig=73aca13c7f952d2641c156f3e69125e1eb497c325f122828ee5aa8797168b9a12d32303331333438363233&turl=https%3A%2F%2Fwww.vio.com%2FHotel%2FSearch%3FhotelId%3D117457385%26utm_source%3Dgha-vr%26utm_campaign%3Dstatic%26openHotelDetails%3D1,0.8,keep_primary_deduped,LODGE-00587|LODGE-00719|LODGE-00720,,,,4,P2_sentiment_missing,missing_sentiment,scrape_reviews_for_sentiment,5,False,False,False,,,,,,
LODGE-00624,Saung Arjuna Syandana Resort Ciwidey,vacation_rental,-7.109,107.4847,bandung_raya_valid,363396.0,Rp 363.396,3.925,118.0,0,,Belum tersedia,Parkir gratis,https://pix8.agoda.net/hotelImages/36834827/0/2e4f00fb436f93afad268f4c025a8494.jpg?ce=0,https://www.bluepillow.com/search/65e20e0993553be8f554f88f?dest=ago&cat=Vacation+rental+(other)&lat=-6.94367&lng=107.58632&language=en,0.75,manual_resolved_keep_with_merge,LODGE-01482,,,,4,P2_sentiment_missing,missing_sentiment,scrape_reviews_for_sentiment,5,False,False,False,,,,,,
LODGE-00054,Villa Tibra,villa,-6.8251,107.5545,bandung_raya_valid,258646.0,Rp 258.646,4.7,1602.0,0,,Belum tersedia,Free Wi-Fi; Free parking; Outdoor pool; Air conditioning; Pet-friendly; Restaurant; Room service,https://lh3.googleusercontent.com/gps-cs-s/APNQkAEUR6QBBU-2crkHFP4NkY6sbkTtvexQGbg2ZcHKByXdDNU9qMQSjjy6X_ZZ3hRANfntlstl2nyg5wF0swLj9g_tUdO9FUi0s0-VpjGnHbzPHtZuMqZm0_7l3bR-ZepWMVQ9YQw8=s10000,https://hotels.cloudbeds.com/reservation/uV9L5S,1.0,unique_primary,,,,,4,P2_sentiment_missing,missing_sentiment,scrape_reviews_for_sentiment,5,False,False,False,,,,,,
LODGE-01022,Roemah Asri Villa - Resor Dago Pakar,villa,-6.8677,107.6465,bandung_raya_valid,1563244.0,Rp 1.563.244,4.585,35.0,0,,Belum tersedia,Bak air panas; Kolam renang luar; Bebas asap rokok; Parkir gratis; Wi-Fi gratis,https://p.fih.io/v2/nSr0o-3gbZN8o1xMecXCcG-BkDeQVo3k-wOeVogkTe7ajuFOX7O-WA8aRWhXz1jsToZif_TsA_xCWfhWRa0Z0oKsliUGxXMIARKlTJduzD7gqifqQIGbvC2bHLXHrI2FDjJeqafaEXjiPTF4en3ketkYyx1j1dLbUfhlOgkNcIcn9PwNtk_AU2csbUk6dd9sWYhZZ2bLtSQWP41C4PdruZMqfo8yAGlOIznTD4R8rfKDqwRbxV_L46cgSN_A210aZtZC-Wkf3-HxtZpcMGaA3uWi_buUSFh17v4zm8GxZ3FcPzF8ES23DMQVVtx3QVdY_w46P1lON3CWRHYxtmCB6Lf-SBocARGBauCXHmb0W9qaK9nb-2RGoWUxr9Pi8i87pgjsa3bTPwwhjw96qQMCEHtonVOqZyYCzHywqj1T-yrWiLtXJolm4INyhfzorQxCAl2_0Lev4zvU3ge5-TqR06XRAxOCi6hI42q3_Gr0cxWmtaJES52uR9DlPDEoKUvkIgylFYjG4hrO-W6snCgALmQd2QOhFIPqtM5GHcX0GxTl9Oy5qHEpUv0YAZsZfMUxsszkLyhRbQIEBjTZWXWHRUVVFwHqhljzv0UNSP3nojGDegJ_zA,https://deals.vio.com?sig=73aca13c7f952d2641c156f3e69125e1eb497c325f122828ee5aa8797168b9a12d32303331333438363233&turl=https%3A%2F%2Fwww.vio.com%2FHotel%2FSearch%3FhotelId%3D3167631%26utm_source%3Dgha-vr%26utm_campaign%3Dstatic%26openHotelDetails%3D1,1.0,unique_primary,,,,,4,P2_sentiment_missing,missing_sentiment,scrape_reviews_for_sentiment,5,False,False,False,,,,,,
LODGE-00042,Naomi Home Villa Bandung near Wahoo & Whoosh,villa,-6.8695,107.4571,bandung_raya_valid,1390000.0,Rp 1.390.000,4.6,6.0,0,,Belum tersedia,Ber-AC; Dapur; Microwave; Bebas asap rokok; Mesin cuci,https://xx.bstatic.com/xdata/w/hotel/840x460_watermarked_standard/UlbWNZwXU4abzOrjExaSrN8T5a4dm7tjSASCYQPBhB6a6hrgq79XfWPxMsN3ok31JnjeUnlo3NNAp2gnUVPUoQ9M0MIwEXbXX--xgR3rzyZcKEyRnm6yXA==.jpg,https://www.booking.com/hotel/id/naomi-home-near-wahoo-amp-whoosh.en-gb.html?aid=2068758&utm_source=seogooglelocal&utm_medium=description&utm_term=hotel-11214317&utm_campaign=en-gb&label=seogooglelocal-link-imagesaow-hotel-11214317_grp-1_gendate-20260524,1.0,unique_primary,,,,,4,P2_sentiment_missing,missing_sentiment,scrape_reviews_for_sentiment,5,False,False,False,,,,,,
LODGE-00977,Platinum Yellow Bandung Villa 24 Pax Private Pool,villa,-6.8578,107.654,bandung_raya_valid,4544546.0,Rp 4.544.546,4.0,6.0,0,,Belum tersedia,Ber-AC; Papan setrika; Dapur; Microwave; Pemanggang luar ruang; Kompor; Teras; Boleh bawa hewan peliharaan; Bebas asap rokok; TV Kabel,https://xx.bstatic.com/xdata/w/hotel/840x460_watermarked_standard/UlbWNZwXU4abzC4BG4sLjuvhXTL29gpQKotg4W1cNAL3TPwYqx8Z0oFbYefBc3h3Yg8qnFWXT6MFJa1OHgBGotJ7pFcPp0OWJJ_YUwu87BjWBqqwcg1y4w==.jpg,https://www.booking.com/hotel/id/platinum-yellow-bandung-villa-24-pax-private-pool.en-gb.html?aid=2068758&utm_source=seogooglelocal&utm_medium=description&utm_term=hotel-9239968&utm_campaign=en-gb&label=seogooglelocal-link-imagesaow-hotel-9239968_grp-0_gendate-20260524,1.0,unique_primary,,,,,4,P2_sentiment_missing,missing_sentiment,scrape_reviews_for_sentiment,5,False,False,False,,,,,,
LODGE-01194,The Joglo Villa,villa,-6.8542,107.6443,bandung_raya_valid,2636364.0,Rp 2.636.364,4.35,9.0,0,,Belum tersedia,Papan setrika; Dapur; Microwave; Pemanggang luar ruang; Kompor; Teras; Boleh bawa hewan peliharaan; TV Kabel; Mesin cuci; Dapat diakses pengguna kursi roda,https://xx.bstatic.com/xdata/w/hotel/840x460_watermarked_standard/UlbWNZwXU4abzNXiri2szpSzsRePNizoOOVx5MpKQXnkDQq0k1mpEdgEMqwf9IG2t57whzeCnivE2_2K93I8PKBwcvbLQ4KX2NtpIog-WXwKuqnlotJHZg==.jpg,https://www.booking.com/hotel/id/the-joglo-villa.en-gb.html?aid=2068758&utm_source=seogooglelocal&utm_medium=description&utm_term=hotel-1886965&utm_campaign=en-gb&label=seogooglelocal-link-imagesaow-hotel-1886965_grp-1_gendate-20260524,0.95,unique_primary,,,,,4,P2_sentiment_missing,missing_sentiment,scrape_reviews_for_sentiment,5,False,False,False,,,,,,
LODGE-00066,Josh House KBP Villa,villa,-6.8694,107.4546,bandung_raya_valid,1431808.0,Rp 1.431.808,4.45,8.0,0,,Belum tersedia,Ber-AC; Dapur; Microwave; Teras; Boleh bawa hewan peliharaan; Bebas asap rokok; TV Kabel; Mesin cuci,https://xx.bstatic.com/xdata/w/hotel/840x460_watermarked_standard/UlbWNZwXU4abzDEa7icJ0LABBjviqPLvyCptGrZqA97QS5_iHWP_ds96IX74fu_F1e4VPV6hLTT1d3tIeJQbhb9sGuatXJw0rpyjDezzPbB8FDrb9cZqsQ==.jpg,https://www.booking.com/hotel/id/josh-house-kbp-villa.en-gb.html?aid=2068758&utm_source=seogooglelocal&utm_medium=description&utm_term=hotel-14089039&utm_campaign=en-gb&label=seogooglelocal-link-imagesaow-hotel-14089039_grp-3_gendate-20260524,0.95,unique_primary,,,,,4,P2_sentiment_missing,missing_sentiment,scrape_reviews_for_sentiment,5,False,False,False,,,,,,
LODGE-00516,Villa Syariah Ciwidey Bandung Arreneuz View Kebun,villa,-7.1062,107.4262,bandung_raya_valid,720001.0,Rp 720.001,4.45,8.0,0,,Belum tersedia,Dapur; Pemanggang luar ruang; Kompor; Boleh bawa hewan peliharaan; Bebas asap rokok,https://xx.bstatic.com/xdata/w/hotel/840x460_watermarked_standard/UlbWNZwXU4abzKkWPAckl4D8XyRdbB9xbEpLx2uQXU-QRhVl9lcuBNF5xUlY2X6dezMLfnR2KlrSnsTqCFLBeaxbasldPTalbr9Ki4ex6vR4wPy6dPwrGg==.jpg,https://www.booking.com/hotel/id/arreneuz-villa-syariah-ciwidey.en-gb.html?aid=2068758&utm_source=seogooglelocal&utm_medium=description&utm_term=hotel-13644512&utm_campaign=en-gb&label=seogooglelocal-link-imagesaow-hotel-13644512_grp-0_gendate-20260524,0.95,unique_primary,,,,,4,P2_sentiment_missing,missing_sentiment,scrape_reviews_for_sentiment,5,False,False,False,,,,,,
LODGE-01128,"Garden House Villa, Lembang",villa,-6.8262,107.6346,bandung_raya_valid,2545197.0,Rp 2.545.197,3.75,2.0,0,,Belum tersedia,Cocok untuk anak; Dapur; TV Kabel; Parkir gratis; Wi-Fi gratis,https://pix8.agoda.net/hotelImages/45441877/0/1c1bad8d678c3574d67f7961eb03cc80.jpg?ce=0&s=312x,https://www.bluepillow.com/search/6552094b1811a9820ec5f94d?dest=ago&cat=Vacation+rental+(other)&lat=-6.82618&lng=107.63456&language=en,0.95,unique_primary,,,,,4,P2_sentiment_missing,missing_sentiment,scrape_reviews_for_sentiment,5,False,False,False,,,,,,
LODGE-00509,KM Heritage Villa,villa,-6.8097,107.1505,bandung_raya_valid,2045455.0,Rp 2.045.455,5.0,1.0,0,,Belum tersedia,Ber-AC; Dapur,https://xx.bstatic.com/xdata/w/hotel/840x460_watermarked_standard/UlYG65CxyC0DxdVrZ7Z0gHqXzQXDnlSfPaVsiohNhTqpCMPeNvdBE_8hY4vFw2ldpUb0FTBLy6OS1zizJ15FkyXYBDuylc6YBqprOEvDlwtvp32awcGoHw==.jpg,https://www.booking.com/hotel/id/km-heritage-villa-kabupaten-cianjur.en-gb.html?aid=2068758&utm_source=seogooglelocal&utm_medium=description&utm_term=hotel-15775038&utm_campaign=en-gb&label=seogooglelocal-link-imagesaow-hotel-15775038_grp-2_gendate-20260524,0.95,unique_primary,,,,,4,P2_sentiment_missing,missing_sentiment,scrape_reviews_for_sentiment,5,False,False,False,,,,,,
LODGE-01177,Rehat at Villa Golf Island Dago Resort I,villa,-6.865,107.6483,bandung_raya_valid,3954546.0,Rp 3.954.546,3.5,1.0,0,,Belum tersedia,Ber-AC; Dapur; Boleh bawa hewan peliharaan; TV Kabel,https://xx.bstatic.com/xdata/w/hotel/840x460_watermarked_standard/UlbWNZwXU4abzFYSNDtDgI0bb2mfnHMQPmm2S5ce_MpBJov6xijLKqcBeszJ3EpnwzaLVdX6Qp4u08_Hr2vE_EsfZ4IMAJIUUaRW6d1-Eb9DL3jQ1F72zQ==.jpg,https://www.booking.com/hotel/id/rehat-at-villa-golf-island-dago-resort-i.en-gb.html?aid=2068758&utm_source=seogooglelocal&utm_medium=description&utm_term=hotel-15115841&utm_campaign=en-gb&label=seogooglelocal-link-imagesaow-hotel-15115841_grp-1_gendate-20260524,0.95,unique_primary,,,,,4,P2_sentiment_missing,missing_sentiment,scrape_reviews_for_sentiment,5,False,False,False,,,,,,
LODGE-01178,Rehat at Villa Golf Island Dago Resort II,villa,-6.8656,107.6479,bandung_raya_valid,1224327.0,Rp 1.224.327,3.0,1.0,0,,Belum tersedia,Ber-AC; Dapur,https://xx.bstatic.com/xdata/w/hotel/840x460_watermarked_standard/UlYG65CxyC0DxQm_VDcTfW1wpS9NLIE-_e09qsxULSmnwx_eRb5JfrSdxlb0cJmICNTBGGsTFk7OHt65bbHlo_AkvwjnqhSbwyRIx6pkDAhqT2a7OjoA7A==.jpg,https://www.booking.com/hotel/id/rehat-at-villa-golf-island-dago-resort-ii.en-gb.html?aid=2068758&utm_source=seogooglelocal&utm_medium=description&utm_term=hotel-15100039&utm_campaign=en-gb&label=seogooglelocal-link-imagesaow-hotel-15100039_grp-3_gendate-20260524,0.95,keep_primary_deduped,LODGE-01311,,,,4,P2_sentiment_missing,missing_sentiment,scrape_reviews_for_sentiment,5,False,False,False,,,,,,
LODGE-00514,Villa Rian Argapuri Resort,villa,-7.1268,107.5138,bandung_raya_valid,989999.0,Rp 989.999,2.5,1.0,0,,Belum tersedia,Dapur; Bebas asap rokok,https://xx.bstatic.com/xdata/w/hotel/840x460_watermarked_standard/UlbWNZwXU4abzKxT7zjMXRm0IX5eMO0SB36E3UqgQFYJ3gjExocD5t-1lTGHZWkctLZdBOspQRW6mDWvj99fkUt68HGSA0G0oE1P7eiNl6oMyPh9UiVmZA==.jpg,https://www.booking.com/hotel/id/villa-rian-argapuri-resort.en-gb.html?aid=2068758&utm_source=seogooglelocal&utm_medium=description&utm_term=hotel-14011975&utm_campaign=en-gb&label=seogooglelocal-link-imagesaow-hotel-14011975_grp-3_gendate-20260524,0.95,unique_primary,,,,,4,P2_sentiment_missing,missing_sentiment,scrape_reviews_for_sentiment,5,False,False,False,,,,,,
LODGE-00076,"Villa with Jacuzzi, Damar Ningrum 4",villa,-6.8299,107.5538,bandung_raya_valid,1227273.0,Rp 1.227.273,5.0,1.0,0,,Belum tersedia,Ber-AC; Dapur,https://xx.bstatic.com/xdata/w/hotel/840x460_watermarked_standard/UlYG65CxyC0DxWpF1ZGPe8kSvzG0SX9XqDureBdsztKhEPon_Yvz5WY8_2JeRdVSMzE_i-cXi5fkcoGcx8XQoQ9XfA6OtejALrsSz8_cCMbZsds-VRu29w==.jpg,https://www.booking.com/hotel/id/villa-with-jacuzzi-damar-ningrum-4.en-gb.html?aid=2068758&utm_source=seogooglelocal&utm_medium=description&utm_term=hotel-15920659&utm_campaign=en-gb&label=seogooglelocal-link-imagesaow-hotel-15920659_grp-3_gendate-20260524,0.95,unique_primary,,,,,4,P2_sentiment_missing,missing_sentiment,scrape_reviews_for_sentiment,5,False,False,False,,,,,,
LODGE-00524,Villa Kayu Ciwidey,villa,-7.1118,107.4237,bandung_raya_valid,802630.0,Rp 802.630,4.5,67.0,0,0.6766098269187113,Belum tersedia,Ber-AC; Cocok untuk anak; Dapur; Kolam renang luar; Bebas asap rokok; Parkir gratis; Wi-Fi gratis,https://p.fih.io/v2/nSr0o-3gbZN8o1xMecXCcG-BkDeQVo3k-wOeVogkTe7ajuFOX7O-WA8aRWhXz1jsToZif_TsA_xCWfhWRa0ZjqKwhyYvyG9hKCqUXsZxshPfplvUMYH7tD76dYL4qZ-gSTV32YjVKXzKHzF4en3ketkYyx1j1dLbUfhlOgkNcIcn9PwNtk_AU2csbUk6dd9sGo49Qn31oV8KBI1P5sx7h5AWfpA-AAMtOxfpA558yISbvDUo416unPgZdqnV2koRZPpO2wcy8onmq5tDIUuB3cy6hMnVY1hmtutuvuGbVXlkAy5rETe1a-YpVeU6Uw9m-wZfQhVLUQu2RGYh-mLitYH5dRVgD1CDf1fNnANfa2omDi8CNx4N4qs,https://www.agoda.com/villa-kayu-ciwidey/hotel/bandung-id.html,0.9,keep_primary_deduped,LODGE-00745,,,,4,P2_sentiment_missing,missing_sentiment,scrape_reviews_for_sentiment,5,False,False,False,,,,,,
LODGE-00522,Villa Daffa Ciwidey,villa,-7.1036,107.4534,bandung_raya_valid,818182.0,Rp 818.182,4.25,30.0,0,,Belum tersedia,Dapur; Pemanggang luar ruang; Kompor; TV Kabel; Dapat diakses pengguna kursi roda; Parkir gratis,https://p.fih.io/v2/nSr0o-3gbZN8o1xMecXCcG-BkDeQVo3k-wOeVogkTe7ajuFOX7O-WA8aRWhXz1jsToZif_TsA_xCWfhWRa0Z26iZvi0TxFVlJEfXTLpn1ifv82fAIYGklE7FP6ToqIShOiBq-J_4CwjEFzF4en3ketkYyx1j1dLbUfhlOgkNcIcn9PwNtk_AU2csbUk6dd9sHrY9VmP2oVsLB5Ip-_d7po4WFPszFWsfHTvAZ8FTkNfcvghEnHCUquEZUr_G51U78XbMzoWWyYQbf8XItU01TA,,0.9,unique_primary,,,,,4,P2_sentiment_missing,missing_sentiment|missing_source_link,scrape_reviews_for_sentiment,4,False,False,False,,,,,,
LODGE-01243,Dago Escape Villa by Kozystay - Bandung,villa,-6.856,107.6544,bandung_raya_valid,27551038.0,Rp 27.551.038,4.675,21.0,0,,Belum tersedia,Ber-AC; Balkon; Elevator; Gym; Bak air panas; Papan setrika; Dapur; Microwave; Kolam renang luar; Kompor; Bebas asap rokok; Parkir gratis; Wi-Fi gratis,https://p.fih.io/v2/nSr0o-3gbZN8o1xMecXCcG-BkDeQVo3k-wOeVogkTe7ajuFOX7O-WA8aRWhXz1jsToZif_TsA_xCWfhWRa0Zo6CP5yoS02QdO0yMYsFw-Rzio2v6Roi_tx_Ma5zfrZGEC1Zh2azEBU_COTF4en3ketkYyx1j1dLbUfhlOgkNcIcn9PwNtk_AU2csbUk6dd9sGo49Qn31qiMVOoIxofR_2o8VcZA3AAhCPReYBoJ8vY2Gq2593GaA4u4OT9Db2nQda_hO30Az3JWqq7VLLkiv-8O4z7SdY1hA-_xXsuyYfAdwFy1ZWDeIaLk9VeF4RzFY_QZibFlLUR-6blhdvk_2497wQhMptChxaY7PCzrN7InNNAvBpQ,,0.9,unique_primary,,,,,4,P2_sentiment_missing,missing_sentiment|missing_source_link,scrape_reviews_for_sentiment,4,False,False,False,,,,,,
LODGE-01233,Calma Villa by Kozystay - Bandung,villa,-6.8314,107.629,bandung_raya_valid,6065544.0,Rp 6.065.544,5.0,16.0,0,,Belum tersedia,Ber-AC; Perapian; Bak air panas; Papan setrika; Dapur; Microwave; Pemanggang luar ruang; Kolam renang luar; Kompor; Bebas asap rokok; TV Kabel; Mesin cuci; Parkir gratis; Wi-Fi gratis,https://static.cupid.travel/hotels/ex_f5b1a4b8_z.jpg,,0.9,unique_primary,,,,,4,P2_sentiment_missing,missing_sentiment|missing_source_link,scrape_reviews_for_sentiment,4,False,False,False,,,,,,
LODGE-01277,Jasmine Cozy Villa 3 Bedrooms With a Private Heated Swimming Pool and a Billiard Table,villa,-6.8674,107.6367,bandung_raya_valid,5756405.0,Rp 5.756.405,3.525,16.0,0,,Belum tersedia,Ber-AC; Papan setrika; Dapur; Microwave; Kolam renang luar; Kompor; Teras; Boleh bawa hewan peliharaan; Bebas asap rokok; TV Kabel; Mesin cuci; Parkir gratis; Wi-Fi gratis,https://freecancellationscdn-hsbgcwfragasdpfe.z01.azurefd.net/remote/static.cupid.travel/hotels/568831582.jpg?w=1024&h=683&mode=crop&scale=both&anchor=middlecenter&quality=80,,0.9,unique_primary,,,,,4,P2_sentiment_missing,missing_sentiment|missing_source_link,scrape_reviews_for_sentiment,4,False,False,False,,,,,,
LODGE-01281,Kirei Mountain View Villa 7 Bedrooms With a Private Swimming Pool,villa,-6.8581,107.6496,bandung_raya_valid,9288223.0,Rp 9.288.223,4.1692,13.0,0,,Belum tersedia,Ber-AC; Papan setrika; Dapur; Microwave; Kolam renang luar; Kompor; Bebas asap rokok; TV Kabel; Mesin cuci; Parkir gratis,https://q-xx.bstatic.com/xdata/images/hotel/max1024x683/569018698.jpg?k=2c8ed01d6c52c2ea3c90cba14a2abfbbee3a461409b282139c913ce426112f3d&o=&s=312x,,0.9,unique_primary,,,,,4,P2_sentiment_missing,missing_sentiment|missing_source_link,scrape_reviews_for_sentiment,4,False,False,False,,,,,,
LODGE-01321,Sunset City View Villa 5 Bedrooms With a Private Heated Swimming Pool,villa,-6.8617,107.6498,bandung_raya_valid,8414628.0,Rp 8.414.628,4.5909,11.0,0,,Belum tersedia,Ber-AC; Cocok untuk anak; Ranjang bayi; Papan setrika; Dapur; Microwave; Kolam renang luar; Kompor; Bebas asap rokok; TV Kabel; Mesin cuci; Parkir gratis; Wi-Fi gratis,https://static.cupid.travel/hotels/568711772.jpg,,0.9,unique_primary,,,,,4,P2_sentiment_missing,missing_sentiment|missing_source_link,scrape_reviews_for_sentiment,4,False,False,False,,,,,,
LODGE-01320,Sunrise City View Villa 9 Bedrooms With a Private Swimming Pool and a Billiard Table,villa,-6.8627,107.651,bandung_raya_valid,15519391.0,Rp 15.519.391,4.15,4.0,0,,Belum tersedia,Ber-AC; Ranjang bayi; Papan setrika; Dapur; Microwave; Kolam renang luar; Teras; Bebas asap rokok; TV Kabel; Mesin cuci; Parkir gratis; Wi-Fi gratis,https://p.fih.io/v2/nSr0o-3gbZN8o1xMecXCcG-BkDeQVo3k-wOeVogkTe7ajuFOX7O-WA8aRWhXz1jsToZif_TsA_xCWfhWRa0Zub2SvCEq3llgLk6ffMZL8GvelH3LQ4iPuhCfcZLLmeigPB9L8oW4UXXUAzF4en3ketkYyx1j1dLbUfhlOgkNcIcn9PwNtk_AU2csbUk6dd9sGo49Qn31qiMVOoIxofR_2o8VcZA3AAhCPReYBoJ8vY2Gq2593GaA4u4OYdDb2nQda_hO30Ax3Luqq5tHLkiv-8K74ZrQYkhEsv9Hsu2aa1Q9FD1VETS2aPo-aOF5UDFHoxNcbwtgbHCtaHYL4UbB5ZeaYveU5MhzVCx9rDox_3HU,,0.9,keep_primary_deduped,LODGE-01400,,,,4,P2_sentiment_missing,missing_sentiment|missing_source_link,scrape_reviews_for_sentiment,4,False,False,False,,,,,,
LODGE-01248,Family Only Amazing City View Villa - De Reiz Firen Syariah,villa,-6.867,107.6394,bandung_raya_valid,4434060.0,Rp 4.434.060,3.15,3.0,0,,Belum tersedia,Ber-AC; Balkon; Papan setrika; Dapur; Microwave; Pemanggang luar ruang; Teras; Boleh bawa hewan peliharaan; Bebas asap rokok; TV Kabel; Mesin cuci; Parkir gratis; Wi-Fi gratis,https://pix8.agoda.net/hotelImages/47227672/0/51c91f762064a63be5c510a52a15f841.jpeg?ce=0,,0.9,unique_primary,,,,,4,P2_sentiment_missing,missing_sentiment|missing_source_link,scrape_reviews_for_sentiment,4,False,False,False,,,,,,
LODGE-01211,3 Bed Villa The Dago View,villa,-6.8557,107.645,bandung_raya_valid,5982301.0,Rp 5.982.301,4.8,1.0,0,,Belum tersedia,Ber-AC; Dapur; Bebas asap rokok; Wi-Fi gratis,https://freecancellationscdn-hsbgcwfragasdpfe.z01.azurefd.net/remote/media.vrbo.com/lodging/79000000/78640000/78632100/78632066/d3de9584.jpg?impolicy=ccrop&w=1000&h=666&q=medium&w=1024&h=683&mode=crop&scale=both&anchor=middlecenter&quality=80,,0.9,unique_primary,,,,,4,P2_sentiment_missing,missing_sentiment|missing_source_link,scrape_reviews_for_sentiment,4,False,False,False,,,,,,
LODGE-01362,Griya Keraton Villa by Kozystay - Bandung,villa,-6.8411,107.6594,bandung_raya_valid,4309575.0,Rp 4.309.575,4.75,3.0,0,,Belum tersedia,Ber-AC; Cocok untuk anak; Ranjang bayi; Papan setrika; Dapur; Microwave; Kolam renang luar; Kompor; Bebas asap rokok; TV Kabel; Parkir gratis; Wi-Fi gratis,https://pix8.agoda.net/hotelImages/79258799/0/7cb2c6dc883f4f5f6c458d3e065d8f32.jpg?ce=2,,0.85,unique_primary,,,,,4,P2_sentiment_missing,missing_sentiment|missing_source_link,scrape_reviews_for_sentiment,4,False,False,False,,,,,,
LODGE-01566,Gedung Serba Guna & Villa Ambu,villa,-6.8577,107.6089,bandung_raya_valid,276136.0,Rp 276.136,4.6,5.0,0,,Belum tersedia,,https://lh5.googleusercontent.com/p/bx_5UVe2Qz3SnMOq3yA7dA=s10000,,0.7,unique_primary,,,,,4,P2_sentiment_missing,missing_sentiment|missing_source_link|missing_amenities,scrape_reviews_for_sentiment,3,False,False,False,,,,,,
