penginapan_id,name,property_type_final_after_p3,latitude,longitude,region_validation_label,price_lowest,price_display,overall_rating,reviews,hotel_review_count_analyzed,hotel_adjusted_sentiment_score,hotel_sentiment_label,amenities,primary_image_url,link,data_quality_score,primary_dedupe_status,primary_dedupe_merged_from_ids,data_focus_manual_decision,data_focus_manual_note,data_focus_merge_target_id,completion_priority_order,completion_priority_data_focus,completion_flags_data_focus,completion_route_data_focus,completion_score_data_focus
LODGE-00871,Bantal Guling Guesthouse Trans,guest_house,-6.9304,107.6393,bandung_raya_valid,108300.0,Rp 108.300,3.8,1160.0,0,,Belum tersedia,Free Wi-Fi; Parking; Air conditioning,https://images.trvl-media.com/lodging/18000000/17090000/17089100/17089027/07dfc979_z.jpg,http://bantalgulinggroup.com/,1.0,unique_primary,,,,,4,P2_sentiment_missing,missing_sentiment,scrape_reviews_for_sentiment,5
LODGE-00819,Jayagiri Guesthouse,guest_house,-6.8073,107.6196,bandung_raya_valid,344423.0,Rp 344.423,4.5,901.0,0,,Belum tersedia,Free Wi-Fi; Free parking; Air conditioning; Kid-friendly,https://lh3.googleusercontent.com/gps-cs-s/APNQkAF7vxnU1R7AiH7HpWMoGFZvye4Wyjev8oDl6f-2FlZBuYK3QzwpioN1Nkv_K5kuKA7cdZ8LK_U0lhsWoo0MJsxE_TIVzzUMvjjc8-Fx79LbY_AWFPn64xgrF3PXyxeyDEf3Qse87w=s10000,http://jayagiriguesthouse.zoombookdirect.com/?utm_source=googlemybusiness&utm_medium=organic&utm_campaign=google_my_business,1.0,unique_primary,,,,,4,P2_sentiment_missing,missing_sentiment,scrape_reviews_for_sentiment,5
LODGE-00870,Bantal Guling Guest House Alun-alun Bandung,guest_house,-6.932,107.6065,bandung_raya_valid,122364.0,Rp 122.364,4.1,821.0,0,,Belum tersedia,Free Wi-Fi; Free parking; Air conditioning,https://lh3.googleusercontent.com/gps-cs-s/APNQkAEtEqaMNEWqYiP7FRA6z9Fdce7lLyxJccOzcqk497n0v8sBBFGfFfijn-dbC-ilcNpHT5nxZY1xPdytHAB0LhR4mLJiCyyzhpJ9Atr0Aw1x8HIjeQwLp1ESo0J0T0Ru40H-C4TC=s10000,http://bantalgulinggroup.com/,1.0,unique_primary,,,,,4,P2_sentiment_missing,missing_sentiment,scrape_reviews_for_sentiment,5
LODGE-00961,Mogens Guest House,guest_house,-6.912,107.6063,bandung_raya_valid,342246.0,Rp 342.246,4.6,699.0,0,,Belum tersedia,Breakfast ($); Free Wi-Fi; Free parking; Air conditioning; Room service; Kid-friendly,https://lh3.googleusercontent.com/gps-cs-s/APNQkAHqS7KS4e2RHfXwNDnsgBg6eTU8ZsB7_YT2YFZj7fzqV87NcAIzS-L7kURdPP0qpO-KGrhSd9MxIN7V4w9o3jb1kI0KgXOyRfxPz8qc5CJdQL3f2-r-FMqSe6Sfduq5_vD-Y2SVUqLWqQoQ=s10000,https://sites.google.com/view/mogensguesthouse/,1.0,unique_primary,,,,,4,P2_sentiment_missing,missing_sentiment,scrape_reviews_for_sentiment,5
LODGE-00037,Homestay Budihouse,guest_house,-6.8908,107.5589,bandung_raya_valid,193998.0,Rp 193.998,4.1,576.0,0,,Belum tersedia,Free Wi-Fi; Free parking; Air conditioning; Restaurant; Kitchen in some rooms; Airport shuttle; Full-service laundry; Accessible; Kid-friendly; Smoke-free property,https://lh3.googleusercontent.com/gps-cs-s/APNQkAGahLcOzshrIwgnFBviOn1kYeCSm_YH6C_f-zkmNft2c_xzWHgBgWDWOd-DpdbBK8665ko8tHG8f23m29qpVc3BnKYTcRQWwj3OaSuAi_NwKNLHTD12surY7gWXv3qI8-6MA_eaCKoP8I7d=s10000,http://www.budihouse.id/,1.0,unique_primary,,,,,4,P2_sentiment_missing,missing_sentiment,scrape_reviews_for_sentiment,5
LODGE-01026,Rumah Asri Bed & Breakfast,guest_house,-6.8749,107.5855,bandung_raya_valid,287040.0,Rp 287.040,4.5,320.0,0,,Belum tersedia,Breakfast; Free Wi-Fi; Free parking; Air conditioning; Restaurant; Room service; Kid-friendly,https://lh3.googleusercontent.com/gps-cs-s/APNQkAHvqtD-hC9ErALj5KK6hdEYkQXiqeZ6oOuzZnzYK_Ag2VBiB4JsTfr0_Eo5yCA9Jz-AQjkbC08079zFwZg5W9bYYNLO6ilJcIfXov7Xy9HSrkgi_5G2Djk47wnpJ0FjWMva76nn=s10000,https://book.digihubhospitality.com/booking/rumah-asri-bed-&-breakfast_14276.html,1.0,unique_primary,,,,,4,P2_sentiment_missing,missing_sentiment,scrape_reviews_for_sentiment,5
LODGE-00895,Cozy Homestay,guest_house,-6.8896,107.5849,bandung_raya_valid,141103.0,Rp 141.103,4.5,32.0,0,,Belum tersedia,Free Wi-Fi; Free parking; Air conditioning,https://lh3.googleusercontent.com/gps-cs-s/APNQkAHe7Mt7kupE-z3WaQHbqqO6_BymJ3jUT8M74bf44PNZRc-c5ESCpzpisRvFLwb4tHZ0pGBS2JztvA4QqPTY4haYBGx5G32J6Fz_eDkzNov7IBaNIZUsnNREiLDHAh5wHaAb0bt5nw=s10000,https://www.reddoorz.com/en-ph/hotel/indonesia/bandung/sukajadi/sukagalih/cozy-homestay?utm_campaign=webclick&utm_medium=mybusiness&utm_source=google,1.0,unique_primary,,,,,4,P2_sentiment_missing,missing_sentiment,scrape_reviews_for_sentiment,5
LODGE-00905,G10 Guest House Near Asia Afrika Bandung,guest_house,-6.9296,107.6152,bandung_raya_valid,315247.0,Rp 315.247,4.585,23.0,0,,Belum tersedia,Jemputan bandara; Bebas asap rokok; Parkir gratis; Wi-Fi gratis,https://p.fih.io/v2/nSr0o-3gbZN8o1xMecXCcG-BkDeQVo3k-wOeVogkTe7ajuFOX7O-WA8aRWhXz1jsToZif_TsA_xCWfhWRa0ZjquKsyc71kw6DQmFF7Jn-h3mr3zpGuGIqjT-B4npiIqQKxF75uj3MVHlFzF4en3ketkYyx1j1dLbUfhlOgkNcIcn9PwNtk_AU2csbUk6dd9sAqAHbCDMwTwIOo0X-dpRpY0tdfs3OwwxOS_5D8V9vcybqAtA32aV4_4nfcPa23gaeuxSyAYc8ejpgaVDL2aj8MKX8qecSERP8tBUtfWPZ3J-FwAKETeIYL49a-F4UB9A-xFAd1xnN3WrankP_GKD6IL4AQZ7PFqnNsSjH2_N22zj5rUFwGNO6LGvvssL,https://deals.vio.com?sig=73aca13c7f952d2641c156f3e69125e1eb497c325f122828ee5aa8797168b9a12d32303331333438363233&turl=https%3A%2F%2Fwww.vio.com%2FHotel%2FSearch%3FhotelId%3D74484909%26utm_source%3Dgha-vr%26utm_campaign%3Dstatic%26openHotelDetails%3D1,1.0,unique_primary,,,,,4,P2_sentiment_missing,missing_sentiment,scrape_reviews_for_sentiment,5
LODGE-01135,Hotel Triple Seven Bed & Breakfast,guest_house,-6.9047,107.5924,bandung_raya_valid,357210.0,Rp 357.210,4.4,938.0,0,,Belum tersedia,Free Wi-Fi; Free parking; Air conditioning; Restaurant; Room service; Kid-friendly,https://lh3.googleusercontent.com/gps-cs-s/APNQkAGibA5ZwwYZw5vIg7d0kjSKIjJzYO0zkEi8JLqSi6ZOyozk29sCASdMyTRAqR-YsGWIbed5xuj7OX4pEgFaHO0cWHJ9JaK_8w0EXVqb1IimjhJDhgZhO_IP_rGqyrJmYfM4e5zRbLsKCqc=s10000,http://www.tripleseven-hotel.com/,0.95,unique_primary,,,,,4,P2_sentiment_missing,missing_sentiment,scrape_reviews_for_sentiment,5
LODGE-01134,Hotel O Cihampelas Near Ciwalk Formerly D'River Guest House,guest_house,-6.8862,107.6043,bandung_raya_valid,215399.0,Rp 215.399,4.2,346.0,0,,Belum tersedia,Free Wi-Fi; Free parking; Air conditioning,https://lh3.googleusercontent.com/gps-cs-s/APNQkAFjI4M7J-ZEbIVAbHDR8AoSYP6ICzwEzPTF9qQvmqExsyJeeTKwHzREEmYoV-P7dbX3vb9vemT8uzGCsIUn6p_HLUPzpyT98JcCxgfyPJmvImBwM7YP1UMqDC2C2nOaB3e8f0tHjjthpqQ=s10000,https://www.oyorooms.com/ID/161346/,0.95,unique_primary,,,,,4,P2_sentiment_missing,missing_sentiment,scrape_reviews_for_sentiment,5
LODGE-01133,Hotel Doorman Guest House,guest_house,-6.9175,107.5997,bandung_raya_valid,203064.0,Rp 203.064,4.6,337.0,0,,Belum tersedia,Free Wi-Fi; Free parking; Air conditioning; Restaurant; Kid-friendly,https://lh3.googleusercontent.com/gps-cs-s/APNQkAEQY6KuDwLGnjCACW1BgzcCmnLJFyKd9tpWotL_bCuAMZmGftGKauZpth2GKCwx67Kux2E0II62foUfjPIigzjnPTD8jZCdnpbITqOtUuYAnjg5UnNyQZIqFGYGApw6-ZEc0HAn=s10000,https://www.oyorooms.com/h/59016?utm_source=Google_gmb_ID&utm_medium=Organic&utm_campaign=ID_BDG061&latitude=-6.91797&longitude=107.5996&locale=id,0.95,unique_primary,,,,,4,P2_sentiment_missing,missing_sentiment,scrape_reviews_for_sentiment,5
LODGE-00070,OYO 3463 Cimahi Guest House,guest_house,-6.8982,107.5613,bandung_raya_valid,130628.0,Rp 130.628,3.7,323.0,0,,Belum tersedia,Free Wi-Fi; Free parking; Air conditioning,https://lh3.googleusercontent.com/gps-cs-s/APNQkAEB1NEb4X-DGKjkIq2KQnvM8mLhP5DquKHDxeggagqnHKdzGWzE4utQHTr-Vk62jyuuYYEP-r-nXuAtkHPP1tSp2W6qPizQ4BhsYYohSXYv4_EGTFPrlo_vU96YJt1lY_V4E83SvQ=s10000,https://www.oyorooms.com/ID/101591/,0.95,keep_primary_deduped,LODGE-00371,,,,4,P2_sentiment_missing,missing_sentiment,scrape_reviews_for_sentiment,5
LODGE-00080,Cottonwood Bed & Breakfast House Bandung,guest_house,-6.8863181,107.577594,bandung_raya_valid,395152.0,Rp 395.152,4.6,853.0,0,,Belum tersedia,"Free Wi-Fi, Free parking, Pool, Air conditioning, Restaurant, Room service, Full-service laundry, Kid-friendly",https://lh3.googleusercontent.com/gps-cs-s/APNQkAGamNJVI6kt983RU1Zh6C2ipC6zXs7mxm-Vk0X0K9gXmeEJ4y6W1PWLrWc7j4_lyq8Jrpqr90YWNeseelOubhOumoz6WZrsdmAuAML-W4met3n9l8HwYeqZLlN6iE1XLKQkZSTB=s10000,https://www.instagram.com/cottonwoodstays,0.94,unique_primary,,,,,4,P2_sentiment_missing,missing_sentiment,scrape_reviews_for_sentiment,5
LODGE-00081,LN9 Bandung Guest House,guest_house,-6.8823948,107.5793923,bandung_raya_valid,154062.0,Rp 154.062,4.3,585.0,0,,Belum tersedia,"Free Wi-Fi, Free parking, Air conditioning, Pet-friendly, Full-service laundry, Kid-friendly, Smoke-free property",https://lh3.googleusercontent.com/gps-cs-s/APNQkAH0ukW0sahK6TzBAfk_nvMU7rKBk5Q6hqJzfVy7U75FRc7UyEB8tDQel8Fu_R3CGlgg1QNNG6qbDljDFdHHfoN8rXwCp4V3uQBEeSsYam_xJ4Vrt8yxpXTRadKUpQ9ko58tREDq=s10000,,0.94,unique_primary,,,,,4,P2_sentiment_missing,missing_sentiment|missing_source_link,scrape_reviews_for_sentiment,4
LODGE-00098,Saloka Guest House dan Residence,guest_house,-6.8673691,107.560356,bandung_raya_valid,187032.0,Rp 187.032,4.3,407.0,0,,Belum tersedia,"Free Wi-Fi, Free parking, Air conditioning",https://lh3.googleusercontent.com/gps-cs-s/APNQkAFtJ6JiIVA6yXtgUWii9L5Wfern0-kXBoKuOF8b08NPWzoEEhfEDgsWEzDRaWIMFGyooqjtsVPF_w8ydE5-KCmrhWF1WLlSZkDmZfbIWaaPtznAw827MMHaIk0U1GXkCef6J8LEqQ=s10000,,0.9,unique_primary,,,,,4,P2_sentiment_missing,missing_sentiment|missing_source_link,scrape_reviews_for_sentiment,4
LODGE-01295,Pension Guesthouse,guest_house,-6.9092,107.6235,bandung_raya_valid,455359.0,Rp 455.359,4.6,223.0,0,,Belum tersedia,Free Wi-Fi; Free parking; Air conditioning; Room service; Kid-friendly,https://lh3.googleusercontent.com/gps-cs-s/APNQkAEjXlzMM1PJl5JuPS25715yUBuh42ELfAIaQBmIAgjZgEXcs0iW9makITmUIImhfcbnrBhyCSEYMB94HdWsixHBKAU6YHU-gctTbhBM0IHDGHjeW849UYAXaT7YIFz-I1mAkjTt=s10000,,0.9,unique_primary,,,,,4,P2_sentiment_missing,missing_sentiment|missing_source_link,scrape_reviews_for_sentiment,4
LODGE-00100,Tirtasari Nice 2 Guest House,guest_house,-6.8759,107.5744,bandung_raya_valid,139676.0,Rp 139.676,4.0,178.0,0,,Belum tersedia,Free Wi-Fi; Free parking; Outdoor pool; Air conditioning; Kid-friendly,https://lh3.googleusercontent.com/gps-cs-s/APNQkAG_QIGtqL2N6hFz3Nbtl6lpCPHXtmYPApN0dKFxt7gYl5_2RBZ0AXdK7P2J4SaHyb764At32HA1M2QZ__UHv0sghvfIpkrVkd4wH7JiuyM9naQVFV31ijRzLIoXyrsD86v6uRMs=s10000,,0.9,unique_primary,,,,,4,P2_sentiment_missing,missing_sentiment|missing_source_link,scrape_reviews_for_sentiment,4
LODGE-00096,Nabila Syar'i Guest House,guest_house,-6.8654494,107.5182602,bandung_raya_valid,243406.0,Rp 243.406,4.8,101.0,0,,Belum tersedia,"Free parking, Air conditioning, Kitchen in some rooms, Accessible",https://lh3.googleusercontent.com/gps-cs-s/APNQkAF1oGId53fE2Yg8eehYeZpzoRviXwRfKrxOaQfOzsD00FuDIPWkUrha6eL4rRB16kNecSTwTxBdk9_e_INqfOEsfCK6b6eEx0yDGTZZ_TPoNklAMgUyZgkM_w9-OqsfgK71-fS1=s10000,https://nabilasyariguesthouse-bke.zoombookdirect.com/web/en/?utm_source=googlemybusiness&utm_medium=organic&utm_campaign=google_my_business,0.9,manual_resolved_keep_with_merge,LODGE-00095,,,,4,P2_sentiment_missing,missing_sentiment,scrape_reviews_for_sentiment,5
LODGE-01341,Are You and I - Bed & Breakfast Bandung,guest_house,-6.8858,107.6496,bandung_raya_valid,419317.0,Rp 419.317,4.6,1887.0,0,,Belum tersedia,Breakfast; Free Wi-Fi; Free parking; Pool; Air conditioning; Spa; Restaurant; Room service; Airport shuttle; Full-service laundry; Kid-friendly,https://lh3.googleusercontent.com/gps-cs-s/APNQkAEdLqTHt0rLhjbUoKdghueUCyra0vswYjFE6HEwdWrSH35rXRekv2LEN50Z6rS379f1IASGKI71N-QfHEU8aLCcYzTpily07cIaSkDYGhPo9rXsz38mxZBtahAWpQDOjgeT_Aoz=s10000,,0.85,unique_primary,,,,,4,P2_sentiment_missing,missing_sentiment|missing_source_link,scrape_reviews_for_sentiment,4
LODGE-01350,De Halimun Guest House,guest_house,-6.9264,107.6214,bandung_raya_valid,403920.0,Rp 403.920,4.4,983.0,0,,Belum tersedia,Breakfast; Free Wi-Fi; Free parking; Air conditioning; Restaurant; Room service; Kid-friendly,https://lh3.googleusercontent.com/gps-cs-s/APNQkAEir3KY_hr0_eeyatRjSDFk7fCF5z06BLeDJiQzTKndlfzXdjhGPvAxU46uaeC0veTP3On03ncgqAs_ALFAmukE6L6LqWwXkKMWdVxI3FQM_POVsfD1vtad0zpTWi7Wsol1AJXfwXo7Et4u=s10000,,0.85,unique_primary,,,,,4,P2_sentiment_missing,missing_sentiment|missing_source_link,scrape_reviews_for_sentiment,4
LODGE-01405,Unique Guesthouse,guest_house,-6.9187,107.5998,bandung_raya_valid,95433.0,Rp 95.433,4.0,473.0,0,,Belum tersedia,Free Wi-Fi; Free parking; Air conditioning,https://lh3.googleusercontent.com/gps-cs-s/APNQkAFzeo3JFxeUJ-IvZkOi_90p_R1lAxf_4TjG566YkiRhyJYVvlWG2c5kSFNlGrcScmlVvFc3_60vvzl3sXGThGa0NGYgNiQS_6wQIzPst-nKFwo6rfYKVIUqEUFRwZnU8iTmwB8jrw=s10000,,0.85,unique_primary,,,,,4,P2_sentiment_missing,missing_sentiment|missing_source_link,scrape_reviews_for_sentiment,4
LODGE-01356,Fiori Bed & Breakfast,guest_house,-6.8831,107.5844,bandung_raya_valid,424976.0,Rp 424.976,4.8,318.0,0,,Belum tersedia,Breakfast; Free Wi-Fi; Free parking; Air conditioning; Restaurant; Room service; Full-service laundry; Kid-friendly,https://lh3.googleusercontent.com/gps-cs-s/APNQkAGn_kbuc30D1lS4gVD-rdfLAoz1lAh3RvTs4StLn49MxlW6vUgiPSNAbk3r7_nDBcRj7V8OCBfaE3YB7zrqdu1Qvgz-5OZyptqCVS9MPJ4Xdh3mZJ5S6-B43-rYfi6YbxLFnGGb=s10000,,0.85,unique_primary,,,,,4,P2_sentiment_missing,missing_sentiment|missing_source_link,scrape_reviews_for_sentiment,4
LODGE-00114,Micasa Guest House Bandung,guest_house,-6.8892,107.5795,bandung_raya_valid,98135.0,Rp 98.135,3.3,302.0,0,,Belum tersedia,Free Wi-Fi; Free parking; Pool; Air conditioning; Kid-friendly,https://lh5.googleusercontent.com/proxy/TP6FMbgGvK1yDix8f6I_0baLAiMlbMFGNsqZra7Fruk1mupOLyRpoODkdgAl3G5z2ILpWG4CQxmP3NWpRCRjFJsEGOpuvQTEBd_b3HRk_lt060TqqQga3DFRpOjBF-BP8V7r7rhWihKF5bYVSRHFiCSumKEkhy47KypDPRgNWQ=s10000,,0.85,unique_primary,,,,,4,P2_sentiment_missing,missing_sentiment|missing_source_link,scrape_reviews_for_sentiment,4
LODGE-01383,Nice Guest House,guest_house,-6.8722,107.5987,bandung_raya_valid,135064.0,Rp 135.064,4.3,258.0,0,,Belum tersedia,Free Wi-Fi; Free parking; Air conditioning; Restaurant; Kid-friendly,https://cdn.worldota.net/t/1024x768/content/54/7a/547af70f43d90c423f2511a85b825526314af56a.jpeg,,0.85,unique_primary,,,,,4,P2_sentiment_missing,missing_sentiment|missing_source_link,scrape_reviews_for_sentiment,4
LODGE-00222,Calda Homestay Syariah,guest_house,-6.8685,107.5728,bandung_raya_valid,522900.0,Rp 522.900,4.7,86.0,0,,Belum tersedia,,https://cdn.worldota.net/t/1024x768/content/f7/10/f71014253bb9f23d7e765a935d062a13c6834701.JPEG,,0.7,unique_primary,,,,,4,P2_sentiment_missing,missing_sentiment|missing_amenities|missing_source_link,scrape_reviews_for_sentiment,3
LODGE-00866,Aston Pasteur,hotel,-6.8936,107.5872,bandung_raya_valid,807974.0,Rp 807.974,4.6,16164.0,0,,Belum tersedia,Breakfast; Free Wi-Fi; Free parking; Outdoor pool; Hot tub; Air conditioning; Fitness center; Spa; Restaurant; Room service; Airport shuttle; Full-service laundry; Accessible; Business center; Kid-friendly,https://photos.hotelbeds.com/giata/original/50/508461/508461a_hb_ro_012.jpg,https://pasteur.astonhotelsinternational.com/,1.0,unique_primary,,,,,4,P2_sentiment_missing,missing_sentiment,scrape_reviews_for_sentiment,5
LODGE-00906,GH Universal Hotel,hotel,-6.8506,107.5981,bandung_raya_valid,929152.0,Rp 929.152,4.7,11824.0,0,,Belum tersedia,Breakfast; Free Wi-Fi; Free parking; Outdoor pool; Air conditioning; Fitness center; Spa; Bar; Restaurant; Room service; Airport shuttle; Full-service laundry; Accessible; Business center; Kid-friendly,https://lh3.googleusercontent.com/gps-cs-s/APNQkAHormR5l6BK01Z0m_b6UUsSd9j_bR8K2-9kbCxUUvMUxy8fpLNLJYlhhufA37ueeDRkobBpl8yS0qTq-S8Wq-iz6utT-_e_HSnkPaDKgIM_cL03tA_-cvk2CVfRZM0wO0vgQVKCryv46Pm9=s10000,https://ghuniversal.com/,1.0,unique_primary,,,,,4,P2_sentiment_missing,missing_sentiment,scrape_reviews_for_sentiment,5
LODGE-00889,Clove Garden Hotel Bandung,hotel,-6.8727,107.6426,bandung_raya_valid,522967.0,Rp 522.967,4.6,11739.0,0,,Belum tersedia,Free breakfast; Free Wi-Fi; Free parking; Outdoor pool; Hot tub; Air conditioning; Fitness center; Spa; Restaurant; Room service; Airport shuttle; Full-service laundry; Accessible; Kid-friendly,https://dynamic-media-cdn.tripadvisor.com/media/photo-o/0a/cc/c4/be/jogging-track.jpg?w=1300&h=900&s=1,http://www.clovehotel.com/,1.0,unique_primary,,,,,4,P2_sentiment_missing,missing_sentiment,scrape_reviews_for_sentiment,5
LODGE-00916,Grand Pasundan Convention Hotel,hotel,-6.9367,107.5935,bandung_raya_valid,318083.0,Rp 318.083,4.4,8314.0,0,,Belum tersedia,Free breakfast; Free Wi-Fi; Parking ($); Outdoor pool; Air conditioning; Fitness center; Spa; Bar; Restaurant; Room service; Airport shuttle; Full-service laundry; Accessible; Business center; Kid-friendly,https://lh3.googleusercontent.com/gps-cs-s/APNQkAHG0mnRdCdixtLVOto3sA2csVQ0GoEBigIVmIClOwaNpoTkqil41SOQ0Xt9IxIkJfo_mfMxswykjjIZvW_4ColsJq7FOkXGKvqRXOpSxnRvpHXxL3elYrL0QhCM9tKp2XBv012joQ=s10000,http://www.grandpasundanhotel.com/,1.0,unique_primary,,,,,4,P2_sentiment_missing,missing_sentiment,scrape_reviews_for_sentiment,5
LODGE-00913,Grand Hotel Preanger,hotel,-6.921,107.6119,bandung_raya_valid,579606.0,Rp 579.606,4.5,7805.0,0,,Belum tersedia,Free breakfast; Free Wi-Fi; Free parking; Outdoor pool; Air conditioning; Fitness center; Spa; Bar; Restaurant; Room service; Kitchen in some rooms; Airport shuttle; Full-service laundry; Accessible; Business center; Kid-friendly,https://lh3.googleusercontent.com/gps-cs-s/APNQkAFNr6hoOuBXR5eerhq8jpTmKRufkFUGOu5O7E3HPzYyDiqsyq1AHUsCyD726lW66_J9keLfNiEecNTjaUUfdhG1WWdgyE2uHDHTjQTZ92RveBJRTs9SoHLIHThyj1qoPOVBKxQZ=s10000,https://grandhotelpreanger.com/,1.0,unique_primary,,,,,4,P2_sentiment_missing,missing_sentiment,scrape_reviews_for_sentiment,5
LODGE-00909,Golden Flower Hotel,hotel,-6.9204,107.6049,bandung_raya_valid,371176.0,Rp 371.176,4.3,7134.0,0,,Belum tersedia,Breakfast; Free Wi-Fi; Parking; Outdoor pool; Air conditioning; Fitness center; Spa; Restaurant; Room service; Full-service laundry; Accessible; Kid-friendly,https://lh3.googleusercontent.com/gps-cs-s/APNQkAEXMeIaYa0GtUkkn6VZYgl8YcypkHKwyXYHwLRtKa9qOaf-W_txt7CCj1Zr33wihyy6h-1BCixGs6a9nM8l-ajqnC5LHG4LuBBbUsXYB9QcOZStRvtfK359_PPhvo8UBKMCUFJxmw=s10000,https://booking.kagumhotels.com/offers?hotel=GFLW,1.0,unique_primary,,,,,4,P2_sentiment_missing,missing_sentiment,scrape_reviews_for_sentiment,5
LODGE-00911,Grand Cordela Hotel Bandung,hotel,-6.9368,107.6879,bandung_raya_valid,602640.0,Rp 602.640,4.5,6969.0,0,,Belum tersedia,Breakfast; Free Wi-Fi; Free parking; Outdoor pool; Air conditioning; Restaurant; Room service; Full-service laundry; Accessible; Kid-friendly,https://lh3.googleusercontent.com/gps-cs-s/APNQkAE3UlaG5BhZWnjdffmkOkrM_D9LKWacHJ-jZ-C75L7bOwGTB7SZSafs9edBwhXAJFrJN70iQdk1wGfNuSOywyeqystZBpiuKUJqwhnTBf7tcXqukOg5ZhONtEo45P6xTjnsrtklvw=s10000,https://reservation.omegahotelmanagement.com/offers?hotel=GCHB&checkin=2026-05-15&checkout=2026-05-16&adults=2&children=0&promocode,1.0,unique_primary,,,,,4,P2_sentiment_missing,missing_sentiment,scrape_reviews_for_sentiment,5
LODGE-00904,Four Points by Sheraton Bandung,hotel,-6.9013,107.6125,bandung_raya_valid,2017221.0,Rp 2.017.221,4.6,6543.0,0,,Belum tersedia,Breakfast ($); Free Wi-Fi; Free parking; Outdoor pool; Air conditioning; Fitness center; Bar; Restaurant; Room service; Airport shuttle; Accessible; Business center; Kid-friendly,https://lh3.googleusercontent.com/gps-cs-s/APNQkAEI6sQJ5iwCtu0RNxdtHS57RASvSx__u_TvpilhAYABu2uJ4sI-woNPyqwJ7VG7PwgyGfdDl-NNn-gVWFv1hJF3oS5rvZyAiSit53PnRnV1LSMhvAxO5rvs0GprszDTryC0tAemdhqncxV3=s10000,https://www.marriott.com/en-us/hotels/bdofp-four-points-bandung/overview/?scid=f2ae0541-1279-4f24-b197-a979c79310b0,1.0,unique_primary,,,,,4,P2_sentiment_missing,missing_sentiment,scrape_reviews_for_sentiment,5
LODGE-00894,Courtyard by Marriott Bandung Dago - CHSE Certified,hotel,-6.9043,107.6106,bandung_raya_valid,1361216.0,Rp 1.361.216,4.6,6333.0,0,,Belum tersedia,Breakfast ($); Free Wi-Fi; Parking ($); Outdoor pool; Air conditioning; Fitness center; Spa; Bar; Restaurant; Room service; Accessible; Kid-friendly,https://photos.hotelbeds.com/giata/original/14/141011/141011a_hb_ro_097_20250424_002827.jpg,https://www.marriott.com/en-us/hotels/bdocy-courtyard-bandung-dago/overview/?scid=f2ae0541-1279-4f24-b197-a979c79310b0,1.0,unique_primary,,,,,4,P2_sentiment_missing,missing_sentiment,scrape_reviews_for_sentiment,5
LODGE-00908,Gino Feruci Braga Hotel,hotel,-6.9178,107.6091,bandung_raya_valid,678699.0,Rp 678.699,4.3,6214.0,0,,Belum tersedia,Breakfast; Free Wi-Fi; Parking; Outdoor pool; Air conditioning; Spa; Bar; Restaurant; Room service; Full-service laundry; Accessible; Kid-friendly,https://lh3.googleusercontent.com/gps-cs-s/APNQkAHU223j2X7XJN8kGonX01u9kXobXuQlJuNz_xa5VwoCnNJfMeImQoqYbSY304ZYHXnGJlGAhZL-ByC8b9yfT1K6v1cikcl0hiHJsrTB7tt9f02B8RkOB1OrnSfF0eJmwMQVUpk=s10000,https://booking.kagumhotels.com/offers?hotel=GFBR,1.0,unique_primary,,,,,4,P2_sentiment_missing,missing_sentiment,scrape_reviews_for_sentiment,5
LODGE-00973,POP! Hotel Festival Citylink Bandung,hotel,-6.9295,107.5862,bandung_raya_valid,350000.0,Rp 350.000,4.3,5170.0,0,,Belum tersedia,Breakfast ($); Free Wi-Fi; Free parking; Air conditioning; Fitness center; Spa; Restaurant; Room service; Full-service laundry; Accessible; Kid-friendly; Smoke-free property,https://images.trvl-media.com/lodging/5000000/4830000/4821900/4821818/b6143d4a_z.jpg,https://www.discoverasr.com/en/booking/property-listing/booking-journey?hotel=34576,1.0,unique_primary,,,,,4,P2_sentiment_missing,missing_sentiment,scrape_reviews_for_sentiment,5
LODGE-00912,Grand Dafam Braga Bandung,hotel,-6.9168,107.609,bandung_raya_valid,641632.0,Rp 641.632,4.8,4516.0,0,,Belum tersedia,Free breakfast; Free Wi-Fi; Free parking; Outdoor pool; Hot tub; Air conditioning; Fitness center; Spa; Bar; Restaurant; Room service; Kitchen in some rooms; Airport shuttle; Full-service laundry; Business center,https://lh3.googleusercontent.com/gps-cs-s/APNQkAGQOQbhmBxwT4oN3w3ypKL0ej-M5jg3ZS32JuQBub4lqFCI8dMIhi2j3GwgIj1nyCyxTKvpxM0tqICKkbzWlKo9bAyDpQ67xEvxRk1UW4v_DCKfrQY9FAuszBYR5nw8T6ZmKXzLiU_UZYY=s10000,https://granddafambraga.com/,1.0,unique_primary,,,,,4,P2_sentiment_missing,missing_sentiment,scrape_reviews_for_sentiment,5
LODGE-00910,Grand Arjuna Hotel Bandung,hotel,-6.8672,107.6063,bandung_raya_valid,476272.0,Rp 476.272,4.1,3571.0,0,,Belum tersedia,Breakfast; Free Wi-Fi; Free parking; Outdoor pool; Air conditioning; Restaurant; Room service; Airport shuttle; Full-service laundry; Accessible; Kid-friendly,https://lh3.googleusercontent.com/gps-cs-s/APNQkAFdVTIj4qcBuECRUaH__QaqVS2tibUtI4FAIztfx6U8LdxkR6-MhTsQPM1gi0JRSPUlgxJ0Ay2j0J6QcrG_OMuv-ETQKc328ct89CTWU8hqEyCPsX6GxuF8ncmw-T81WcRMI35Jlw=s10000,https://www.instagram.com/grandarjunahotelbandung,1.0,unique_primary,,,,,4,P2_sentiment_missing,missing_sentiment,scrape_reviews_for_sentiment,5
LODGE-00900,El Cavana Hotel,hotel,-6.915,107.5987,bandung_raya_valid,581365.0,Rp 581.365,4.3,3482.0,0,,Belum tersedia,Breakfast; Free Wi-Fi; Free parking; Pool; Hot tub; Air conditioning; Fitness center; Restaurant; Room service; Airport shuttle; Full-service laundry; Accessible; Kid-friendly,https://lh3.googleusercontent.com/gps-cs-s/APNQkAEAaF9vUPU7GSBDumasL0u-rvl53WtQ6nYUMPadpXUzoLILb3tcz8Q6C2V-y-3Yi4Rs8oaehePqxF9-LCfcoeTZEfqqDPctbmUr_hail66ES9svz5_RusT9TjfLam3_a7AhC3NFSA=s10000,https://www.elcavanahotel.com/,1.0,unique_primary,,,,,4,P2_sentiment_missing,missing_sentiment,scrape_reviews_for_sentiment,5
LODGE-00915,Grand Pacific Hotel,hotel,-6.9088,107.5979,bandung_raya_valid,334688.0,Rp 334.688,4.4,2978.0,0,,Belum tersedia,Breakfast; Free Wi-Fi; Free parking; Outdoor pool; Air conditioning; Spa; Restaurant; Room service; Airport shuttle; Full-service laundry; Accessible; Business center; Kid-friendly,https://lh3.googleusercontent.com/gps-cs-s/APNQkAEk1CyA4SYaLIHCaYUfp-BUbq765qFKF4h14VdD0VTpcyvPVAXXBkPjlOUg_hq42HeSs82yNVDuVV7IK2N71eGpJyTq640XKIVqe7wxk3U57IjfQNRfpa8PsZ9wG4ZVBIMneltK=s10000,http://www.grandpacifichotel.co.id/,1.0,unique_primary,,,,,4,P2_sentiment_missing,missing_sentiment,scrape_reviews_for_sentiment,5
LODGE-01086,Zodiak,hotel,-6.9123,107.5994,bandung_raya_valid,267908.0,Rp 267.908,3.7,2708.0,0,,Belum tersedia,Breakfast; Free Wi-Fi; Free parking; Air conditioning; Restaurant; Room service; Airport shuttle; Full-service laundry; Kid-friendly,https://images.trvl-media.com/lodging/9000000/8260000/8256100/8256038/a2c8c346_z.jpg,https://booking.kagumhotels.com/offers?hotel=ZKBK,1.0,unique_primary,,,,,4,P2_sentiment_missing,missing_sentiment,scrape_reviews_for_sentiment,5
LODGE-00887,Cipaku Garden Hotel,hotel,-6.8614,107.6012,bandung_raya_valid,493440.0,Rp 493.440,4.4,2306.0,0,,Belum tersedia,Breakfast ($); Free Wi-Fi; Free parking; Pools; Bar; Restaurant; Room service; Business center; Kid-friendly,https://lh3.googleusercontent.com/gps-cs-s/APNQkAF-ejLujdxwwl2WokZAV01ZW-6K_5vRCIRs7kNM2Wk4Kw4M7jmP7mOHfgpFl11edL5GPl2zPCjmb85ppPNXCYiyIPU0v8zyJbDVkZkgk0Isp1g86OYeIQk3FO5sDHuM_XCwVb-1_w=s10000,http://cipakugardenhotel.com/,1.0,unique_primary,,,,,4,P2_sentiment_missing,missing_sentiment,scrape_reviews_for_sentiment,5
LODGE-01087,Zodiak - Taurus,hotel,-6.9115,107.5982,bandung_raya_valid,223601.0,Rp 223.601,4.0,1796.0,0,,Belum tersedia,Free breakfast; Free Wi-Fi; Free parking; Air conditioning; Kid-friendly,https://lh3.googleusercontent.com/gps-cs-s/APNQkAGwePb1Cp3AKh00z-CBZYGXfa5g7sHoOKYH2Chlqyp4MaSdB2HrApSa4WiJnaPeyJAQODVVBYLd5DWgxk5CN1Hm3APHDkUj_0O54qDv3AqTye-IPvBaoufvpSP5xtHxf9cBNXk=s10000,https://kagum-hotel.com/hotel/zodiakpaskal?community_code=kagumhotel&checkin=2024-11-01&checkout=2024-11-02&adult=1&child=0&infant=0,1.0,unique_primary,,,,,4,P2_sentiment_missing,missing_sentiment,scrape_reviews_for_sentiment,5
LODGE-00907,Geary Hotel,hotel,-6.9125,107.6033,bandung_raya_valid,381717.0,Rp 381.717,4.5,1716.0,0,,Belum tersedia,Breakfast ($); Free Wi-Fi; Free parking; Air conditioning; Spa; Restaurant; Room service; Accessible; Kid-friendly,https://lh3.googleusercontent.com/gps-cs-s/APNQkAENpq5YVeBCP8DK1UWj4acL6Bmhhd-zQkgW5CkN3S8V9cqAVRYkZTzF0VRxQvkR-uwSqhI7MnJ_tIfpuRY8Q4XD9SuZ-FiaJUC_yh8REcbQ_cLZGyt08dTIu93ZxoV4sGt5Ah7d9cXhD1Yo=s10000,http://www.gearyhotelbdg.com/,1.0,unique_primary,,,,,4,P2_sentiment_missing,missing_sentiment,scrape_reviews_for_sentiment,5
LODGE-00884,Cherry Homes Hotel & Residence,hotel,-6.887,107.5843,bandung_raya_valid,203198.0,Rp 203.198,4.2,1624.0,0,,Belum tersedia,Breakfast; Free Wi-Fi; Free parking; Air conditioning; Restaurant; Room service; Kitchen in some rooms; Airport shuttle; Full-service laundry; Kid-friendly; Smoke-free property,https://lh3.googleusercontent.com/gps-cs-s/APNQkAF4VCDEqDPLzr8bzXmb4kcX5qFcbx6CzJ-_XTofCdFh2uoAKOxoerwv2QVllCr6XCUkLn6J7-Ql6-H6NSDNBq5xCurnVsITqza89rTPqQH1xszf3nV8JbOoA89HZPO7iR73mZM8Ew=s10000,http://www.cherry-homes.net/,1.0,unique_primary,,,,,4,P2_sentiment_missing,missing_sentiment,scrape_reviews_for_sentiment,5
LODGE-00950,Kollektiv,hotel,-6.878,107.5868,bandung_raya_valid,740775.0,Rp 740.775,4.7,1486.0,0,,Belum tersedia,Free breakfast; Free Wi-Fi; Free parking; Air conditioning; Restaurant; Room service; Kid-friendly,https://lh3.googleusercontent.com/gps-cs-s/APNQkAFXx6GPF6Lk31-ygQbqWIeJPjpRPWr4zNI4K0n-4Zaei00AujymfPpQ8hAiVg0GCHgQTtPsg1IWTQyTykDVARjJzxvLJFQJ_TBvZNOJHy6wA1v3tCcAoyjo-bQgTqpAvZf1qjmPxA=s10000,https://www.kollektivhotel.com/,1.0,unique_primary,,,,,4,P2_sentiment_missing,missing_sentiment,scrape_reviews_for_sentiment,5
LODGE-00937,Hotel Sabang,hotel,-6.9095,107.6239,bandung_raya_valid,138369.0,Rp 138.369,4.4,744.0,0,,Belum tersedia,Parking; Air conditioning; Restaurant; Room service; Full-service laundry; Kid-friendly,https://lh3.googleusercontent.com/gps-cs-s/APNQkAHONRE45-juPlMZGyZbpSb7FJnylmNT7noEhAMwiOXFLpd9byhncPP30A6i6ycKEzL7kXcAkRh2iCf05wCmC7JaPJF9GT6z4Tq8uhJK-fHlmQK6FKHuH_9lsP-4SDzmZ3u34bmj=s10000,https://www.oyorooms.com/48844/,1.0,unique_primary,,,,,4,P2_sentiment_missing,missing_sentiment,scrape_reviews_for_sentiment,5
LODGE-00886,Cihampelas Hotel 1 - Bandung,hotel,-6.889,107.6042,bandung_raya_valid,188279.0,Rp 188.279,4.0,631.0,0,,Belum tersedia,Free Wi-Fi; Free parking; Air conditioning; Kid-friendly,https://lh3.googleusercontent.com/gps-cs-s/APNQkAGPKTyk0DtMuqAQqzc9BPQjMtIXZmas7YK5MAV8tTFLslPHAVO_I-73-1i95FXA7iJW-w4xI7MbMTNW_8MZ5w7rgYwTKtpcv_WPcnLy-bz9mNdW9eI9UbM7U2EmG0duBsu6Tr2wjkQnLjew=s10000,https://www.agoda.com/id-id/hotel-cihampelas-1/hotel/bandung-id.html?cid=1844104&ds=Rx1sHHbxpyubd%2FKR,1.0,unique_primary,,,,,4,P2_sentiment_missing,missing_sentiment,scrape_reviews_for_sentiment,5
LODGE-00914,Grand Kembar Hotel,hotel,-6.9451,107.6085,bandung_raya_valid,147459.0,Rp 147.459,4.0,533.0,0,,Belum tersedia,Free Wi-Fi; Free parking; Air conditioning; Full-service laundry; Kid-friendly,https://cdn.worldota.net/t/1024x768/content/b1/bd/b1bd02044f07e0a1ba8e11b58b0aef80660d17cc.jpeg,https://www.reddoorz.com/id-id/hotel/indonesia/bandung/regol/grand-kembar-hotel?utm_source=google&utm_medium=mybusiness&utm_campaign=webclick,1.0,unique_primary,,,,,4,P2_sentiment_missing,missing_sentiment,scrape_reviews_for_sentiment,5
LODGE-00902,FULMAR Residence,hotel,-6.8855,107.5832,bandung_raya_valid,577570.0,Rp 577.570,4.7,447.0,0,,Belum tersedia,Free Wi-Fi; Free parking; Air conditioning; Full-service laundry,https://lh3.googleusercontent.com/gps-cs-s/APNQkAFosiqlTovJKVFXaCiF6hWc1o3VrKK4UrVIGOPb_SyKIMGroZ7PY72YqhlXPVGXLzhhNO7-56ZnqWffgvz7U69DQGwnPGi-eVUnaix2cTc9WJvEfhKx0B1tZihLDk_6aW3KeJA=s10000,http://www.fulmar.id/,1.0,unique_primary,,,,,4,P2_sentiment_missing,missing_sentiment,scrape_reviews_for_sentiment,5
LODGE-01013,RedDoorz near Telkom Corporate University,hotel,-6.8724,107.5903,bandung_raya_valid,108694.0,Rp 108.694,2.9,385.0,0,,Belum tersedia,Free Wi-Fi; Free parking; Air conditioning,https://lh3.googleusercontent.com/gps-cs-s/APNQkAEldFzaUb-F36sdtPuBg8BGYOHGKL3P5Fp2xdF22d9MLUKHjoPcZ1tAgMspPmCsiVDhKtCE2VFoVIeLsiVD18QYbWmosewwirfz8o_4I7E_vyTq8H3pG8aZ8-12rnpqi-Nm6ABM=s10000,https://www.reddoorz.com/id-id/hotel/indonesia/bandung/geger-kalong/sukasari/reddoorz-plus-near-telkom-corporate-university?utm_campaign=webclick&utm_medium=mybusiness&utm_source=google,1.0,unique_primary,,,,,4,P2_sentiment_missing,missing_sentiment,scrape_reviews_for_sentiment,5
LODGE-00897,Daun Residence,hotel,-6.8899,107.6136,bandung_raya_valid,440080.0,Rp 440.080,4.5,382.0,0,,Belum tersedia,Free Wi-Fi; Free parking; Air conditioning; Kitchen in some rooms; Smoke-free property,https://lh3.googleusercontent.com/gps-cs-s/APNQkAEvnT-FowmXZcuZoJ5WeMJ7xtZ9X61J3p7S173Pl2dVpwA7S8DfZemKmeHTErNEJyf45Vl3tB6-Uy9hrk2ViCqRVGEXjN0urZhl1lTG_J9nD_dd60e9UDK4RvYQYvfAFV-24WZbrw=s10000,http://www.daunresidencebandung.com/,1.0,unique_primary,,,,,4,P2_sentiment_missing,missing_sentiment,scrape_reviews_for_sentiment,5
LODGE-00893,Cottonwood Boutique Heritage Otten,hotel,-6.9025,107.6003,bandung_raya_valid,576529.0,Rp 576.529,4.7,366.0,0,,Belum tersedia,Free Wi-Fi; Free parking; Air conditioning; Restaurant; Room service,https://lh3.googleusercontent.com/gps-cs-s/APNQkAGXCOe12kIBD2dZvugjJZV_Go9lafHbBSRjV9GzcQIkiEqfi7U4dNjr3f98IfCTBKPBf9ODQdkygDcJBeSHXKlbpYemhZPLRAMbq2DquNu4LoHaqvvefDAH0oK65Nk-gPX3mTSQ=s10000,http://www.instagram.com/cottonwoodstays,1.0,unique_primary,,,,,4,P2_sentiment_missing,missing_sentiment,scrape_reviews_for_sentiment,5
LODGE-01068,Urbanview Hotel One Family Maribaya,hotel,-6.8214,107.6355,bandung_raya_valid,177123.0,Rp 177.123,4.3,333.0,0,,Belum tersedia,Free Wi-Fi; Free parking; Air conditioning,https://lh3.googleusercontent.com/gps-cs-s/APNQkAGRqQFNv10yJIC46d1wpuy6LAOZBGT_ojcWsuXFvC6H98e8bX9FPUT5uy2urnG0amdb-f5IsOy30Q6YcqbVCWVuDn06CR3dO__7d-nLSXCXcMEV-yAkfhZs_mp6FPjLfYKShadQ=s10000,https://www.reddoorz.com/id-id/hotel/indonesia/bandung/dago/urbanview-hotel-maribaya-lembang-bandung?utm_source=google&utm_medium=mybusiness&utm_campaign=webclick,1.0,unique_primary,,,,,4,P2_sentiment_missing,missing_sentiment,scrape_reviews_for_sentiment,5
LODGE-00883,Casa de Apple Dago Bandung by RedDoorz,hotel,-6.8737,107.6292,bandung_raya_valid,241883.0,Rp 241.883,4.3,324.0,0,,Belum tersedia,Free Wi-Fi; Free parking; Air conditioning; Restaurant; Full-service laundry; Kid-friendly,https://lh3.googleusercontent.com/gps-cs-s/APNQkAE4WVkVG6CSJ29bU-7zzw2RzIlCskfIfT2LFEHQiw5fgLc1s203II_LfQLiV9xRZbOwSprQDOK7NCAB6dzGYxaNB-91nqJz32i8DxzxdD-3Zsg3HEQkKf6co8uZqw8T-s-GUN02g_bfcTY=s10000,https://www.reddoorz.com/id-id/hotel/indonesia/bandung/cibeunying-kaler/cigadung/reddoorz-dago-pakar-bandung?utm_campaign=webclick&utm_medium=mybusiness&utm_source=google,1.0,unique_primary,,,,,4,P2_sentiment_missing,missing_sentiment,scrape_reviews_for_sentiment,5
LODGE-01094,youre.at - Ciumbuleuit 1,hotel,-6.8809,107.6049,bandung_raya_valid,842314.0,Rp 842.314,4.9,301.0,0,,Belum tersedia,Free Wi-Fi; Parking ($); Outdoor pool; Air conditioning; Fitness center; Kitchen; Accessible; Kid-friendly; Smoke-free property,https://lh3.googleusercontent.com/gps-cs-s/APNQkAF6r_I6IaT5229ct0CBR6FwUbmhlYJ3wgcI7h87b_ha2PHN-TwANU0quJgUVvC_bCLd8hcHvAAlgj-v48tO2_BfNvIDu9mg-lJlxB3HBQ8TygDfaDFMOfJKKiaFAmNyy3FQ9TiIxw=s10000,http://youre.at/gca1,1.0,unique_primary,,,,,4,P2_sentiment_missing,missing_sentiment,scrape_reviews_for_sentiment,5
LODGE-00993,RedDoorz Plus near Surapati Core,hotel,-6.9017,107.652,bandung_raya_valid,168992.0,Rp 168.992,3.1,236.0,0,,Belum tersedia,Free Wi-Fi; Free parking; Air conditioning,https://cdn.worldota.net/t/1024x768/content/07/e2/07e26aa8978e50c01bb4a9cc492c83b8a03572c1.jpeg,https://www.reddoorz.com/id-id/hotel/indonesia/bandung/cibeunying-kidul/cibeunying-kidul/reddoorz-plus-near-surapati-core?utm_source=google&utm_medium=mybusiness&utm_campaign=webclick,1.0,unique_primary,,,,,4,P2_sentiment_missing,missing_sentiment,scrape_reviews_for_sentiment,5
LODGE-01000,RedDoorz near Exit Toll Pasteur 5,hotel,-6.8862,107.5841,bandung_raya_valid,123736.0,Rp 123.736,3.3,233.0,0,,Belum tersedia,Free Wi-Fi; Free parking; Air conditioning; Kid-friendly,https://cdn.worldota.net/t/1024x768/content/20/d7/20d7709c22550cee99fe8d9fe2a52ceda4a5aa8d.JPEG,https://www.reddoorz.com/id-id/hotel/indonesia/bandung/sukajadi/home-33-bandung?utm_source=google+&utm_medium=mybusiness&utm_campaign=webclick,1.0,unique_primary,,,,,4,P2_sentiment_missing,missing_sentiment,scrape_reviews_for_sentiment,5
LODGE-00890,Collection O Kebon Jeruk Near Paskal 23 Formerly Sentral Paskal,hotel,-6.9154,107.5972,bandung_raya_valid,273750.0,Rp 273.750,3.6,212.0,0,,Belum tersedia,Free Wi-Fi; Free parking; Air conditioning,https://lh3.googleusercontent.com/gps-cs-s/APNQkAHHbrP5yWZYLClK48HzwLOZmblx50XEyzV3N8Ry6dZBL43JRmOJk9PjCGVVOaByJiPdFhOJytEAFk5Cl5PuGlIEa-TWrZx3NOPIrp97OZ92WhAaON3d6j40uCjSbmMLBtXOBTJQUPlRiZle=s10000,https://www.oyorooms.com/ID/101401/,1.0,unique_primary,,,,,4,P2_sentiment_missing,missing_sentiment,scrape_reviews_for_sentiment,5
LODGE-01015,RedDoorz near Upi Sersan Bajuri Bandung,hotel,-6.8556,107.592,bandung_raya_valid,163129.0,Rp 163.129,4.2,169.0,0,,Belum tersedia,Free Wi-Fi; Free parking; Air conditioning; Kid-friendly,https://lh3.googleusercontent.com/gps-cs-s/APNQkAHH70_A0gT_GU5qOl1oLfvTxajRPrrzHCLt_EJbspesnjls2KKkkzhg09UL-4sb9GwLrC4drvAkMEHdu-CVvqdcYMpV0J7_Q89g2qeJDi8-z9tfMBfKd_pIMtvFUMVLIlDqtdxR=s10000,https://www.reddoorz.com/id-id/hotel/indonesia/bandung/setiabudi/lembang/reddoorz-near-upi-setiabudi-2?utm_campaign=webclick&utm_medium=mybusiness&utm_source=google,1.0,unique_primary,,,,,4,P2_sentiment_missing,missing_sentiment,scrape_reviews_for_sentiment,5
LODGE-00818,Grand Nirwana Resort Hotel,hotel,-6.7908,107.6524,bandung_raya_valid,201668.0,Rp 201.668,4.7,143.0,0,,Belum tersedia,Breakfast ($); Free Wi-Fi; Free parking; Outdoor pool; Restaurant; Room service; Kitchen in some rooms,https://images.trvl-media.com/lodging/101000000/100990000/100986700/100986619/220d0b84_z.jpg,https://grandnirwanaresort.com/,1.0,unique_primary,,,,,4,P2_sentiment_missing,missing_sentiment,scrape_reviews_for_sentiment,5
LODGE-00823,RedDoorz near Lembang Park & Zoo 2,hotel,-6.8156,107.5983,bandung_raya_valid,186894.0,Rp 186.894,4.1,119.0,0,,Belum tersedia,Free Wi-Fi; Free parking; Air conditioning; Kitchen in some rooms,https://lh3.googleusercontent.com/gps-cs-s/APNQkAGRLgZzPQoztk9BtqgfFtlwF6I3X2DD67PoJa4m_5glbAVgp-ob4T0vYI8TNnK0Sxw7hBQyg59OHhoMdMsdYnRZ8QMSh7mDQA55eGJHpU5BZfyeztf2IQ-EXWxI3WpVaCmgbEUMSQ=s10000,https://www.reddoorz.com/id-id/hotel/indonesia/bandung/lembang/kampung-daun/reddoorz-sersan-bajuri-atas?utm_campaign=webclick&utm_medium=mybusiness&utm_source=google,1.0,unique_primary,,,,,4,P2_sentiment_missing,missing_sentiment,scrape_reviews_for_sentiment,5
LODGE-00901,Elephant Eleven Residence Buah Batu Kota Bandung,hotel,-6.9334,107.6217,bandung_raya_valid,181498.0,Rp 181.498,4.5,86.0,0,,Belum tersedia,Breakfast ($); Free Wi-Fi; Free parking; Air conditioning; Bar; Room service; Business center; Kid-friendly,https://lh3.googleusercontent.com/gps-cs-s/APNQkAE6HbBAiYJ4UmM6Tpoqrv11GsW_phC8f6_v_Ah05mCvmr6U99xtSQmrQrnhmqCeSxH-qzN840SC8HQ-pZ-o4LEueWpOkOpoWJHnmXPmDLSbnVhuogzgy1T-S9lnsbHeByFC9Cg=s10000,https://www.reddoorz.com/id-id/hotel/indonesia/bandung/lengkong/malabar/elephant-eleven-residen?utm_campaign=webclick&utm_medium=mybusiness&utm_source=google,1.0,unique_primary,,,,,4,P2_sentiment_missing,missing_sentiment,scrape_reviews_for_sentiment,5
LODGE-00888,Ciparay Residence,hotel,-6.9592,107.6424,bandung_raya_valid,233586.0,Rp 233.586,4.275,43.0,0,,Belum tersedia,Bebas asap rokok; Wi-Fi gratis,https://p.fih.io/v2/nSr0o-3gbZN8o1xMecXCcG-BkDeQVo3k-wOeVogkTe7ajuFOX7O-WA8aRWhXz1jsToZif_TsA_xCWfhWRa0Zn4ux4hsbyVkdEUifSNsSsQvMjF2PJJW6j0-acZb0jZKtPhUdxrzILWK2PTF4en3ketkYyx1j1dLbUfhlOgkNcIcn9PwNtk_AU2csYWt6dZQ5HrU9YH_Mi1sOBJIp-_VR0o0tdfMtAxxDIiyYD4BSyNiZqAt1xXDKjOEhYqjEzXNlZvlZr3swz7jSt5pcP2G4isC4h7-DTktP9tNbouiPaQZ4OCFwEhjRY-A8ePJ9Uldy4T87SVhJaCmoaWk-_3XmyoPAZE8kPHeod_SAAmf4E-CeBPDhsV0zjwUDu5-t5UVY5R_5RRfFEiFjkRkZ1hssNTJxnWKoeBgFzFLSxF1vxDHzortMNIZm3oNluv-3gWo9IXK-5eiG9GrLyj66lzTm34rODA_bkqlX82Sa8Gr3YnX-t8RuMpKRG_D_ID4oEkvkaw_XbdLV0xnUBOcoDxsmHkaYwsoqZq-9,https://deals.vio.com?sig=73aca13c7f952d2641c156f3e69125e1eb497c325f122828ee5aa8797168b9a12d32303331333438363233&turl=https%3A%2F%2Fwww.vio.com%2FHotel%2FSearch%3FhotelId%3D101916886%26utm_source%3Dgha-vr%26utm_campaign%3Dstatic%26openHotelDetails%3D1,1.0,unique_primary,,,,,4,P2_sentiment_missing,missing_sentiment,scrape_reviews_for_sentiment,5
LODGE-00956,Manta Living Bandung RedPartner,hotel,-6.864,107.5878,bandung_raya_valid,216399.0,Rp 216.399,4.9,43.0,0,,Belum tersedia,Free Wi-Fi; Free parking; Air conditioning; Fitness center; Accessible; Smoke-free property,https://lh3.googleusercontent.com/gps-cs-s/APNQkAHcr_tgRe046i4QybD7hNhs39FGN3W5XPOffcHnStzZnZXB3VFQOUEQnYlvI1gsXJr9rNVdNp1aZ_R3PsZB9XRigwN6SIfpCG1Dq7-oQPaUe9e8uyW5qjtUTMkkrqXlJOJtuog=s10000,https://www.reddoorz.com/id-id/hotel/indonesia/bandung/sukasari/gegerkalong/manta-living-bandung-redpartner?utm_campaign=webclick&utm_medium=mybusiness&utm_source=google,1.0,unique_primary,,,,,4,P2_sentiment_missing,missing_sentiment,scrape_reviews_for_sentiment,5
LODGE-00896,Cozy Room @ Hallo Tidur by Tio,hotel,-6.892,107.6053,bandung_raya_valid,194509.0,Rp 194.509,3.1,9.0,0,,Belum tersedia,Outdoor pool; Air conditioning; Kitchen; Smoke-free property,https://lh3.googleusercontent.com/gps-cs-s/APNQkAE9pklkDPfoUh6pGRM2Vt9ReuJ7N_13Kwi1FIh6jz_0_HrSG5eLjh_wvIIhrKIdM-E6e4lcjEicNy4zp2m56b4YnnzRY_tCOAuurilcnlJcIvUEfRk3YVl4yHXhu54QKVDYMec=s10000,http://cozyroomathallotidurbytio.zoombookdirect.com/?utm_source=googlemybusiness&utm_medium=organic&utm_campaign=google_my_business,1.0,keep_primary_deduped,LODGE-01241,,,,4,P2_sentiment_missing,missing_sentiment,scrape_reviews_for_sentiment,5
LODGE-01047,TechieRoom Swift at Clove Garden Residence,hotel,-6.8729,107.6404,bandung_raya_valid,477693.0,Rp 477.693,4.2,8.0,0,,Belum tersedia,Ber-AC; Balkon; Cocok untuk anak; Elevator; Papan setrika; Dapur; Kolam renang luar; Kompor; Bebas asap rokok; TV Kabel; Dapat diakses pengguna kursi roda; Parkir gratis,https://freecancellationscdn-hsbgcwfragasdpfe.z01.azurefd.net/remote/static.cupid.travel/hotels/104709817.jpg?w=1024&h=683&mode=crop&scale=both&anchor=middlecenter&quality=80,https://beds24.com/booking.php?propid=44636&sr1-best=1&apisource=58&referer=googlehpa,1.0,unique_primary,,,,,4,P2_sentiment_missing,missing_sentiment,scrape_reviews_for_sentiment,5
LODGE-00824,Grand Panorama Lembang,hotel,-6.8104,107.6249,bandung_raya_valid,356894.0,Rp 356.894,4.2,2082.0,0,,Belum tersedia,Free breakfast; Free Wi-Fi; Free parking; Outdoor pool; Air conditioning; Restaurant; Room service; Kitchen in some rooms; Full-service laundry; Accessible; Kid-friendly,https://lh3.googleusercontent.com/gps-cs-s/APNQkAEgq8-lY8_-9X_oZwv6cn4b4Az4miepdbsPXQy3s0oZ_K0hmkY_llVrCLhOObq7-pXcrG02a-oqfinRi6CWOwuLP9J51WLLY4E1_97mlccvpxq9T6moCe4w9TrtWPI1bqFkfT8=s10000,https://booking.bedshero.com/en/offers?hotel=823dd043,0.95,unique_primary,,,,,4,P2_sentiment_missing,missing_sentiment,scrape_reviews_for_sentiment,5
LODGE-01124,De Sofia Dago,hotel,-6.8913,107.616,bandung_raya_valid,288971.0,Rp 288.971,4.3,1964.0,0,,Belum tersedia,Breakfast ($); Free Wi-Fi; Free parking; Pools; Air conditioning; Bar; Restaurant; Room service; Airport shuttle; Full-service laundry; Accessible; Kid-friendly,https://lh3.googleusercontent.com/gps-cs-s/APNQkAGj_x3ZRP4rywa2bJIr3lVvvIFoLBZQWZAYx75UdfqYHil8mmnV7tVtmmSxSfEYwRUI7ejuc07sxVrIw7CqLsdFyF07rMcQv5znmBF8Q__xhx-67FKGDyyIbeYoXslsl5Vmz7rA=s10000,http://desofiadagohotel.com/,0.95,unique_primary,,,,,4,P2_sentiment_missing,missing_sentiment,scrape_reviews_for_sentiment,5
LODGE-01118,Cherry Homes Express II Hotel,hotel,-6.883,107.5813,bandung_raya_valid,265197.0,Rp 265.197,4.4,381.0,0,,Belum tersedia,Breakfast ($); Free Wi-Fi; Free parking; Air conditioning; Restaurant; Airport shuttle; Full-service laundry; Kid-friendly; Smoke-free property,https://lh3.googleusercontent.com/gps-cs-s/APNQkAE0F-z9jqvvARRZvu5NOu5mXgNNgmhr_X6euqgx0utAoZTKMpIP9RrCxNezSxltAcZc9MNBuSu_PvMixyGN0dEcMxtLNRBXD3HqH9AJ8TCcYF3ZqKTNSv8pl1S_7jW_HEaKa-7wkQ=s10000,http://www.cherry-homes.net/ss/,0.95,unique_primary,,,,,4,P2_sentiment_missing,missing_sentiment,scrape_reviews_for_sentiment,5
LODGE-01183,Sartika Hotel,hotel,-6.9302,107.626,bandung_raya_valid,138180.0,Rp 138.180,3.6,222.0,0,,Belum tersedia,Free Wi-Fi; Free parking; Air conditioning,https://lh3.googleusercontent.com/gps-cs-s/APNQkAFOnYVFZFQoqxGdHwUX5ZcBM4TpXNYrzw_XA0Au-aZInA9_6hBgwy1iHKMH8yVnlf3WEWcR3voDb0P6xf2MEvedaDuYb9WomFcmtogmdGjRY63JTJDLq2OBetipZGpGzTQlqmh_5TQ-9Eve=s10000,https://rehat.co.id/hotel/sartika-hotel/,0.95,unique_primary,,,,,4,P2_sentiment_missing,missing_sentiment,scrape_reviews_for_sentiment,5
LODGE-01127,GASINN Kebonwaru,hotel,-6.9185,107.6401,bandung_raya_valid,243750.0,Rp 243.750,4.9,62.0,0,,Belum tersedia,Free Wi-Fi; Free parking; Air conditioning; Accessible,https://lh3.googleusercontent.com/gps-cs-s/APNQkAEopVxDjKcIgLi2lNV6scB5UG6oNKdqZHuBTQd7yKMFX_PHq0-OXKFoU8l_MXk0WILFmQJM8ro-XZQGtw15e4kdNUAdiEx8AMvsKIR6o3yWRxWZXXHV0xBk9fxmrW_2A_e1DNyG=s10000,https://www.instagram.com/gasinn.id/,0.95,unique_primary,,,,,4,P2_sentiment_missing,missing_sentiment,scrape_reviews_for_sentiment,5
LODGE-00079,Zona Bobo | Muslim Friendly | by Belgareti,hotel,-6.8631,107.504,bandung_raya_valid,291892.0,Rp 291.892,4.9,27.0,0,,Belum tersedia,Free Wi-Fi; Parking; Air conditioning; Kitchen,https://lh3.googleusercontent.com/gps-cs-s/APNQkAFMndKD9LwhfwdRhrChiE0DbOzWhjEmzzwoZcltkYkfz2p7Kmd9BiwuWsC03FKEUHJdqShVCRSW070hIS_K0a0CXOq3dvJVRVIIQ-IKWDDvJ0svy7wJlbJ_ZN91KScVuWePlxNA7WNYA6Pc=s10000,https://belgareti.com/,0.95,unique_primary,,,,,4,P2_sentiment_missing,missing_sentiment,scrape_reviews_for_sentiment,5
LODGE-01159,Oslandmark Residence,hotel,-6.9127,107.5925,bandung_raya_valid,791818.0,Rp 791.818,4.6,8.0,0,,Belum tersedia,Ber-AC; Elevator; Bebas asap rokok,https://xx.bstatic.com/xdata/w/hotel/840x460_watermarked_standard/UlbWNZwXU4abzM3ilQdgNN34WLaEyNjJjWPtqnTEn_sMjkb8pc44qMJdtcgX_YAYsk_Km3Grd0RIiARMiosL61vuHECmy1tDzJt4GJnDR8B3VLtBDohOOw==.jpg,https://www.booking.com/hotel/id/oslandmark-residence.en-gb.html?aid=2068758&utm_source=seogooglelocal&utm_medium=description&utm_term=hotel-13357467&utm_campaign=en-gb&label=seogooglelocal-link-imagesaow-hotel-13357467_grp-3_gendate-20260524,0.95,unique_primary,,,,,4,P2_sentiment_missing,missing_sentiment,scrape_reviews_for_sentiment,5
LODGE-01245,De Batara Hotel,hotel,-6.8981,107.6042,bandung_raya_valid,223576.0,Rp 223.576,4.1,3106.0,0,,Belum tersedia,Breakfast ($); Free Wi-Fi; Free parking; Air conditioning; Restaurant; Room service; Accessible; Kid-friendly,https://photos.hotelbeds.com/giata/original/23/237036/237036a_hb_a_015.jpg,,0.9,unique_primary,,,,,4,P2_sentiment_missing,missing_sentiment|missing_source_link,scrape_reviews_for_sentiment,4
LODGE-01234,Chara Hotel,hotel,-6.9225,107.6197,bandung_raya_valid,460736.0,Rp 460.736,4.0,1386.0,0,,Belum tersedia,Breakfast; Free Wi-Fi; Free parking; Air conditioning; Spa; Restaurant; Room service; Full-service laundry; Kid-friendly,https://images.trvl-media.com/lodging/103000000/102560000/102557800/102557777/3d701fab_z.jpg,,0.9,unique_primary,,,,,4,P2_sentiment_missing,missing_sentiment|missing_source_link,scrape_reviews_for_sentiment,4
LODGE-01250,Gandasari Hotel,hotel,-6.908,107.613,bandung_raya_valid,230125.0,Rp 230.125,4.1,839.0,0,,Belum tersedia,Breakfast ($); Free Wi-Fi; Free parking; Air conditioning; Restaurant; Room service; Full-service laundry; Accessible; Kid-friendly,https://lh3.googleusercontent.com/gps-cs-s/APNQkAG6BCfHrrrj05dNNH3VvharKHLDyo5jffvpyeppAHuuEEnGwiuaS_cIY2G_oSytygkZqd5ebogVmUPS56whKQtA4rhnGim3TVFDDZXAQ-ZL2aFzwF5T2-izRQDZhSa-cXb0Y2yD=s10000,,0.9,unique_primary,,,,,4,P2_sentiment_missing,missing_sentiment|missing_source_link,scrape_reviews_for_sentiment,4
LODGE-01242,Daarul Jannah Cottage,hotel,-6.8648,107.5895,bandung_raya_valid,285600.0,Rp 285.600,4.6,602.0,0,,Belum tersedia,Breakfast; Free Wi-Fi; Free parking; Restaurant; Room service; Full-service laundry; Kid-friendly,https://lh3.googleusercontent.com/gps-cs-s/APNQkAEEYGFiX6EtIt1CRpsCe7mhiM6zdkwdTKaKUrquxkUqhy6JYtSMcSxlBukOL7gtNkJELhRlqmZb1SSm3S9rI_4DOmWB-O_hVfSHTyfRIocNPvFcrjJ0NYZlSDPTHD49XtM4O6rF4DyB99M6=s10000,,0.9,unique_primary,,,,,4,P2_sentiment_missing,missing_sentiment|missing_source_link,scrape_reviews_for_sentiment,4
LODGE-01232,CT 195 Bandung,hotel,-6.8801,107.5904,bandung_raya_valid,85748.0,Rp 85.748,4.2,453.0,0,,Belum tersedia,Free Wi-Fi; Parking ($); Air conditioning; Smoke-free property,https://photos.hotelbeds.com/giata/original/68/687017/687017a_hb_a_004.jpg,,0.9,unique_primary,,,,,4,P2_sentiment_missing,missing_sentiment|missing_source_link,scrape_reviews_for_sentiment,4
LODGE-01272,Hotel Victory,hotel,-6.9068,107.5958,bandung_raya_valid,340057.0,Rp 340.057,4.1,386.0,0,,Belum tersedia,Breakfast; Free Wi-Fi; Free parking; Air conditioning; Restaurant; Room service; Airport shuttle; Full-service laundry; Kid-friendly,https://lh3.googleusercontent.com/gps-cs-s/APNQkAES5szlzH-sUpHA3Zv7ujaCErVAya8EfaTtVut0ClM8WJ-Ou_cyb2jq96ZIwbTmRFyiV0nGD_lFyFOmKYED7CuY6fnKlbNxqUXPVZmKDwPneoTG77DpoL4_4UC7caU48vHVsbhONzdT4gBx=s10000,,0.9,unique_primary,,,,,4,P2_sentiment_missing,missing_sentiment|missing_source_link,scrape_reviews_for_sentiment,4
LODGE-01244,Dago's Hill Hotel,hotel,-6.8829,107.6213,bandung_raya_valid,237011.0,Rp 237.011,4.2,369.0,0,,Belum tersedia,Free Wi-Fi; Free parking; Outdoor pool; Air conditioning,https://lh3.googleusercontent.com/gps-cs-s/APNQkAFoKO2Unh5wF2mzWf4vHXDXxRTUq6c-MyZuvySyBMnG0C4fDdqWyH3gNYmej0N7P7xSnqWK0EiSTFslsSUnD9VUCM49XbP6NVgHaYXlRh0gkEVrhejR9p0JIkPIY_h4g82LXQGtBQ=s10000,,0.9,unique_primary,,,,,4,P2_sentiment_missing,missing_sentiment|missing_source_link,scrape_reviews_for_sentiment,4
LODGE-00085,Asthaloka,hotel,-6.8939,107.5735,bandung_raya_valid,302208.0,Rp 302.208,4.9,364.0,0,,Belum tersedia,Free Wi-Fi; Free parking; Air conditioning; Accessible,https://lh3.googleusercontent.com/gps-cs-s/APNQkAER2_bh77HdEl2NeupbN7cgOBMnMmPaFxY_wzGzJCGNOai7-T0zX9UUJcgOEIKqBeUlLMXbCrEbuhWCCuNe8O3qeQHccmlrt9ZdtLKmhzXkttmQXb6S2gzlqHIwyse9LYQDTFu-QBKznvA=s10000,,0.9,unique_primary,,,,,4,P2_sentiment_missing,missing_sentiment|missing_source_link,scrape_reviews_for_sentiment,4
LODGE-01289,Mypodroom,hotel,-6.9229,107.6093,bandung_raya_valid,275311.0,Rp 275.311,4.7,362.0,0,,Belum tersedia,Free breakfast; Free Wi-Fi; Air conditioning; Room service,https://lh3.googleusercontent.com/gps-cs-s/APNQkAE58jpSyt4NnUuZPQXiiEOWDRo8zixS1vi1JiZ8V6dnhbmO5e7EYA4UprMQZ4HcAVanXgRzuah672Ppq0MF_2-EStXhycsV4hWyG2hFSac3LVCg1AMfD0T_9BRaWu0TNxLKX2RNmQ=s10000,,0.9,unique_primary,,,,,4,P2_sentiment_missing,missing_sentiment|missing_source_link,scrape_reviews_for_sentiment,4
LODGE-01267,Hotel Kurnia,hotel,-6.9284,107.6167,bandung_raya_valid,122727.0,Rp 122.727,3.6,312.0,0,,Belum tersedia,Free Wi-Fi; Free parking; Air conditioning,https://cdn.worldota.net/t/1024x768/content/2c/d1/2cd158304bcc61745c00e6b7cdc50d9eea21c4ba.jpeg,,0.9,unique_primary,,,,,4,P2_sentiment_missing,missing_sentiment|missing_source_link,scrape_reviews_for_sentiment,4
LODGE-01215,ASOKA INN,hotel,-6.8808,107.5808,bandung_raya_valid,124513.0,Rp 124.513,4.2,263.0,0,,Belum tersedia,Breakfast; Free Wi-Fi; Parking,https://lh3.googleusercontent.com/gps-cs-s/APNQkAFEwlXS1WYy0sM7Q_un0JlmUHvieshAtM4BeI3vPDBfbT_2qi3KBSiIHu7yjbD8FfFDKZduBUjZsl7nThm7tOtAFsr8dMu9pilmfiHaSMdUUf7I1Yp_00MVxcTdF1_BT0JkC0E=s10000,,0.9,unique_primary,,,,,4,P2_sentiment_missing,missing_sentiment|missing_source_link,scrape_reviews_for_sentiment,4
LODGE-00103,RedDoorz near Exit Toll Pasteur 4,hotel,-6.8905976,107.5790232,bandung_raya_valid,133264.0,Rp 133.264,2.8,74.0,0,,Belum tersedia,"Free Wi-Fi, Air conditioning",https://lh3.googleusercontent.com/gps-cs-s/APNQkAHfvjH46cIhwavcgk_ZMVGKEmxuzxDwvQmhFiQYuWd025oBV8oCfinrTqmr0u5VFvf8xjus0f-k1KApPJhU02BqnwMll37aVzmqLXUNoCr6woRcF6wWLXqr7gSAw-k3J-fOtbg=s10000,https://www.reddoorz.com/id-id/hotel/indonesia/pasteur/sukajadi/bandung/reddoorz-near-exit-toll-pasteur-4?utm_source=google&utm_medium=mybusiness&utm_campaign=webclick,0.88,unique_primary,,,,,4,P2_sentiment_missing,missing_sentiment,scrape_reviews_for_sentiment,5
LODGE-01358,Ghotic Hotel,hotel,-6.9443,107.647,bandung_raya_valid,222233.0,Rp 222.233,4.2,2264.0,0,,Belum tersedia,Breakfast; Free Wi-Fi; Free parking; Air conditioning; Restaurant; Room service; Full-service laundry; Kid-friendly,https://lh3.googleusercontent.com/gps-cs-s/APNQkAGk-OZekSgcy7QKPalKKoW3TAdgkOQFmgPe7RC-YaXjU7ZCkqt-mSUz2bpAS72z7MddNWXUlbH_2DEFc2iQwDoBkfcsVtP-X_sbRemEjnY_j0S-tr5KpLZvG986ZsA4CuQ290cN=s10000,,0.85,unique_primary,,,,,4,P2_sentiment_missing,missing_sentiment|missing_source_link,scrape_reviews_for_sentiment,4
LODGE-01346,Citarum Hotel,hotel,-6.9044,107.623,bandung_raya_valid,472496.0,Rp 472.496,4.5,1701.0,0,,Belum tersedia,Free breakfast; Free Wi-Fi; Free parking; Outdoor pool; Air conditioning; Fitness center; Spa; Bar; Restaurant; Room service; Accessible; Kid-friendly,https://lh3.googleusercontent.com/gps-cs-s/APNQkAE3T9ebFKsgint_nddi9xU8Ckb2XRfwXSWdSEu7T18W1CrOAo9vchHmaYrGjMKGHl2JeCSlhXC8UOD9DMN-cBDFQ-2cTwzALqw-6Uv7JkWp8Gz8hupsiYZP52_mud0CLIUouAMg=s10000,,0.85,unique_primary,,,,,4,P2_sentiment_missing,missing_sentiment|missing_source_link,scrape_reviews_for_sentiment,4
LODGE-01355,Feby Maisonatte by OYO Rooms,hotel,-6.8897,107.5826,bandung_raya_valid,182055.0,Rp 182.055,3.115,421.0,0,,Belum tersedia,,https://p.fih.io/v2/nSr0o-3gbZN8o1xMecXCcG-BkDeQVo3k-wOeVogkTe7ajuFOX7O-WA8aRWhXz1jsToZif_TsA_xCWfhWRa0Zhpjt4XcGv1E1HQ-EWZETzDbkgFnMFpCT_h3rEIj0u5ubPi0TybPhVHfoITF4en3ketkYyx1j1dLbUfhlOgkNcIcn9PwNtk_AU2csbUk6dd9sEIgtPWr2pQoMEqcf5fQOj4gVcYQwOAM6IiyYD4BSyNyblRtH2nCutuIacvXA9EltddFd0EQk0IHphIg_aV-8ws64z7TWYUhi-v9HkOKaa3Z8FwNnXzeIdPQ9VfJobww_5j9PZENvdSC7onf_vi0EfOQK9m59FI6sJw,https://deals.vio.com?sig=73aca13c7f952d2641c156f3e69125e1eb497c325f122828ee5aa8797168b9a12d32303331333438363233&turl=https%3A%2F%2Fwww.vio.com%2FHotel%2FSearch%3FhotelId%3D5237209%26utm_source%3Dgha-vr%26utm_campaign%3Dstatic%26openHotelDetails%3D1,0.85,unique_primary,,,,,4,P2_sentiment_missing,missing_sentiment|missing_amenities,scrape_reviews_for_sentiment,4
LODGE-01359,Graha Asri Hotel,hotel,-6.8493,107.5978,bandung_raya_valid,249386.0,Rp 249.386,3.4,115.0,0,,Belum tersedia,Wi-Fi; Free parking; Kid-friendly,https://images.trvl-media.com/lodging/110000000/109280000/109275900/109275835/5d30d5a0_z.jpg,,0.85,unique_primary,,,,,4,P2_sentiment_missing,missing_sentiment|missing_source_link,scrape_reviews_for_sentiment,4
LODGE-01352,Dormus Co-Living,hotel,-6.8809,107.5844,bandung_raya_valid,352944.0,Rp 352.944,4.6,78.0,0,,Belum tersedia,Free Wi-Fi; Free parking; Air conditioning,https://lh3.googleusercontent.com/gps-cs-s/APNQkAEoyi-y52ROBtgTtwFo4hB5HkuzhuCTZHPhoQmnUFhn4k8zqYAxr7q4vfFRYs4IVpfKzyzA1UBP6N10Z-xK9_gVCzawPf0Q-ozRqfTJBkrX-uXWCvBjFGQ4SRJ7qjB3KEdgFJa8=s10000,,0.85,unique_primary,,,,,4,P2_sentiment_missing,missing_sentiment|missing_source_link,scrape_reviews_for_sentiment,4
LODGE-00139,The Cluster Harris,hotel,-6.8948241,107.5397126,bandung_raya_valid,293936.0,Rp 293.936,4.5,57.0,0,,Belum tersedia,"Breakfast ($), Free Wi-Fi, Free parking, Air conditioning, Restaurant, Room service, Full-service laundry, Smoke-free property",https://lh3.googleusercontent.com/gps-cs-s/APNQkAFd8t2l5_NBVLh2I_nnz0EH9fqNX1XAF8rYevQDgVX-zcWiLNnt4f0AdkLu_ICtbgC4KrDSQ3k9-9IXTiakM8myc0tqNeVhUJUSXSIWbsZdpFo5w3gJOEo2-iME9s6pzE468IDjKQ=s10000,http://bit.ly/TheClusterHarris,0.84,manual_resolved_keep_with_merge,LODGE-00176,,,,4,P2_sentiment_missing,missing_sentiment,scrape_reviews_for_sentiment,5
LODGE-01441,Cozzy Residence Cipedes Bandung,hotel,-6.8723,107.5905,bandung_raya_valid,107352.0,Rp 107.352,4.1,809.0,0,,Belum tersedia,,https://lh3.googleusercontent.com/gps-cs-s/APNQkAEOmbNbcvFD2MtmUfC_cEd-7WG2-vJ6JPqc4N0-2UIWRWFNU30QkAndefi1VACT_aOf7hl5E1GA1jm4OGaMWdT8VMwKyRzH0omxN20ZUPEDf1DkZi0fwXdhgldaMKVfl5sGlGmJ=s10000,https://www.cozzy.id/hotel/cozy-residence-cipedes-bandung,0.8,unique_primary,,,,,4,P2_sentiment_missing,missing_sentiment|missing_amenities,scrape_reviews_for_sentiment,4
LODGE-01433,Cove Vaia - Coliving Bandung,hotel,-6.9366,107.6151,bandung_raya_valid,276832.0,Rp 276.832,4.9,253.0,0,,Belum tersedia,,https://lh3.googleusercontent.com/gps-cs-s/APNQkAGcrvnfjlBWr1t-ydVuiZwlblqdUBsw9OJYkwwfjzJEs_QLoZk3sN8PL85il71ZK3gxch1ms5voUevBTkO2LH2SEYaaQLfvbqb46nzttQ8ghzWL9nwFT9R76h_xhYfNLrL0DjzNF_I5XQ1e=s10000,https://cove.id/properties/cove-vaia?utm_source=gmb&utm_medium=website_button,0.8,unique_primary,,,,,4,P2_sentiment_missing,missing_sentiment|missing_amenities,scrape_reviews_for_sentiment,4
LODGE-01442,Dancenter Promenade Near Cihampelas Walk,hotel,-6.8969,107.6036,bandung_raya_valid,354569.0,Rp 354.569,2.2,41.0,0,,Belum tersedia,,https://lh3.googleusercontent.com/gps-cs-s/APNQkAHzEFWdYxB3QNCjSqGYiW1apj5QWVkcCNpV9OrtHnPbuuor9KsITAp3ZotZLualylnrjYBECH8o_sFYf4JNBGTbMyuGKnC9qxEagyxDYnJlU-xBHLFEDmceIXsMaI0mHxu6YZhzi05nesP7=s10000,https://www.oyorooms.com/ID/304924/,0.8,unique_primary,,,,,4,P2_sentiment_missing,missing_sentiment|missing_amenities,scrape_reviews_for_sentiment,4
LODGE-00195,Grand Amellia Hotel,hotel,-6.8677554,107.577439,bandung_raya_valid,191363.0,Rp 191.363,4.3,308.0,0,,Belum tersedia,"Breakfast, Free Wi-Fi, Free parking, Air conditioning, Kid-friendly",https://lh3.googleusercontent.com/gps-cs-s/APNQkAGQpfycTG5MBVnQ6qCTBHWPleJDp8Oi4AsGwJtmyeZTEXM0Gf_ZhGE_xL3w1Mus-SXiZYJQQVQW9_94IiYY-cKqoGEiBsWuAo2lHbAPWDmNdwNTtwFGLr8QVjEP7IfFmUItav2F=s10000,,0.78,unique_primary,,,,,4,P2_sentiment_missing,missing_sentiment|missing_source_link,scrape_reviews_for_sentiment,4
LODGE-01576,MOONSTONE,hotel,-6.8875,107.5837,bandung_raya_valid,377399.0,Rp 377.399,4.5,70.0,0,,Belum tersedia,,https://lh3.googleusercontent.com/gps-cs-s/APNQkAHbuIR_Nqkf_aLMK8VXoW9nOHe8xuYLIO77qz5iS3yNf88_nl661O3kb-B1KDPCek00M_anXLlE8_nuC4dZeW67J_uoci_bk0E4qQNMAGRvb7wpKNxS0N5yup5RmjrMZChv4np-vqfIndiB=s10000,,0.7,unique_primary,,,,,4,P2_sentiment_missing,missing_sentiment|missing_amenities|missing_source_link,scrape_reviews_for_sentiment,3
LODGE-00392,C Family Hotel,hotel,-6.877606,107.548351,bandung_raya_valid,500928.0,Rp 500.928,4.8,77.0,0,,Belum tersedia,,https://lh3.googleusercontent.com/gps-cs-s/APNQkAG8Vf-Mcrfajrihk0H3dgVfBZye99O5sMa-UqCNSw_PQ_IRNQrW8gRgYdjaKtd5_S38bXVClAavNHRVR49FmxQarpkYPHXfIr47APPv3VqYDROt0BmWcDPwTPvsIbiiChpjSR-v6xY8kAfb=s10000,,0.58,unique_primary,,,,,4,P2_sentiment_missing,missing_sentiment|missing_amenities|missing_source_link,scrape_reviews_for_sentiment,3
LODGE-00049,Twelve Stones at Wahoo KBP,vacation_rental,-6.8692,107.4562,bandung_raya_valid,2250001.0,Rp 2.250.001,4.65,3.0,0,,Belum tersedia,Ber-AC; Dapur; Bebas asap rokok,https://xx.bstatic.com/xdata/w/hotel/840x460_watermarked_standard/UlbWNZwXU4abzNMV2hr0HNyyd9Y-_We3hL4Uau4zQk3IGFCvo9zgq3cEIuLOr-y5vYd-MKLNoXGfdvUIWvoqq-FhyuB3KOwwJLmVJTymnSILzVn4ORHtHg==.jpg,https://www.booking.com/hotel/id/twelve-stones-at-wahoo-kbp.en-gb.html?aid=2068758&utm_source=seogooglelocal&utm_medium=description&utm_term=hotel-10895628&utm_campaign=en-gb&label=seogooglelocal-link-imagesaow-hotel-10895628_grp-0_gendate-20260524,1.0,unique_primary,,,,,4,P2_sentiment_missing,missing_sentiment,scrape_reviews_for_sentiment,5
LODGE-00067,"Kyoto House - KBP with Onsen style pool, Warm water, Near Parahyangan Golf",vacation_rental,-6.8735,107.4698,bandung_raya_valid,3068160.0,Rp 3.068.160,4.85,10.0,0,,Belum tersedia,Ber-AC; Dapur; Bebas asap rokok; Mesin cuci,https://xx.bstatic.com/xdata/w/hotel/840x460_watermarked_standard/UlYG65CxyC0DxVg2mdvCTLG_QAnJsl2DRxS-tXQCYXjipwXIfHt-hvBOqKHaKDffJhEcYQonwJkdlMhCRxdmczHPxP0JM1pqwuKJY2QlFg3NTXdhYgIRKA==.jpg,https://www.booking.com/hotel/id/kyoto-house-kbp.en-gb.html?aid=2068758&utm_source=seogooglelocal&utm_medium=description&utm_term=hotel-13288412&utm_campaign=en-gb&label=seogooglelocal-link-imagesaow-hotel-13288412_grp-0_gendate-20260524,0.95,unique_primary,,,,,4,P2_sentiment_missing,missing_sentiment,scrape_reviews_for_sentiment,5
LODGE-01186,Skara by Kozystay - Bandung,vacation_rental,-6.9093,107.6101,bandung_raya_valid,697555.0,Rp 697.555,3.8,9.0,0,,Belum tersedia,Ber-AC; Elevator; Gym; Dapur; Microwave; Kompor; Boleh bawa hewan peliharaan; Bebas asap rokok,https://xx.bstatic.com/xdata/w/hotel/840x460_watermarked_standard/UlbWNZwXU4abzBPDqenYMO-hlvmld_HWujYLzCz2-oR-jO3x1pk0-c8AjIYqa5hTTS1q04JCTIkdvXA6VNDEG5Xyn0soQunEKveOi8DAzDpnV-a-AJ477g==.jpg,https://www.booking.com/hotel/id/skara-by-kozystay-bandung.en-gb.html?aid=2068758&utm_source=seogooglelocal&utm_medium=description&utm_term=hotel-13903311&utm_campaign=en-gb&label=seogooglelocal-link-imagesaow-hotel-13903311_grp-3_gendate-20260524,0.95,keep_primary_deduped,LODGE-01315,,,,4,P2_sentiment_missing,missing_sentiment,scrape_reviews_for_sentiment,5
LODGE-01184,Scandinavian Asia Afrika,vacation_rental,-6.9238,107.6182,bandung_raya_valid,341136.0,Rp 341.136,3.75,8.0,0,,Belum tersedia,Ber-AC; Elevator; Dapur; Kompor; Teras; Boleh bawa hewan peliharaan; TV Kabel; Dapat diakses pengguna kursi roda,https://xx.bstatic.com/xdata/w/hotel/840x460_watermarked_standard/UlbWNZwXU4abzJSiI2LOnleeP4Oj5blSxwI7aIjryKGsXCjx7KhB0gdOkFrF4xQ_Dy172Nj5ptFGs7wqIjYp15UkMDaLy4GB8Z7NO5s49k_TUHjhC5Hx_g==.jpg,https://www.booking.com/hotel/id/grand-asia-afrika-residence-bandung12.en-gb.html?aid=2068758&utm_source=seogooglelocal&utm_medium=description&utm_term=hotel-3984322&utm_campaign=en-gb&label=seogooglelocal-link-imagesaow-hotel-3984322_grp-2_gendate-20260524,0.95,unique_primary,,,,,4,P2_sentiment_missing,missing_sentiment,scrape_reviews_for_sentiment,5
LODGE-01138,"Jardin A22, City View, Netflix & WIFI",vacation_rental,-6.8923,107.6049,bandung_raya_valid,287182.0,Rp 287.182,4.4,4.0,0,,Belum tersedia,Ber-AC; Elevator; Dapur; Kompor; Bebas asap rokok; TV Kabel,https://xx.bstatic.com/xdata/w/hotel/840x460_watermarked_standard/UlbWNZwXU4abzPXN1C-JKOD4xTuZG69Y-R0hpRax9iALhI4XnsBqN_Y4--XY_ZVnPKizf7U1zs4ZoeWePcCFbfeNNRKZjyqCO5mgiUiNBtCReD44w4PKlQ==.jpg,https://www.booking.com/hotel/id/jardin-city-view-netflix-amp-wifi.en-gb.html?aid=2068758&utm_source=seogooglelocal&utm_medium=description&utm_term=hotel-13428647&utm_campaign=en-gb&label=seogooglelocal-link-imagesaow-hotel-13428647_grp-3_gendate-20260524,0.95,unique_primary,,,,,4,P2_sentiment_missing,missing_sentiment,scrape_reviews_for_sentiment,5
LODGE-01110,Bandung Scenic View W Pool,vacation_rental,-6.8833,107.5812,bandung_raya_valid,286364.0,Rp 286.364,4.85,3.0,0,,Belum tersedia,Ber-AC; Penghangat; Dapur; Boleh bawa hewan peliharaan; Bebas asap rokok; TV Kabel,https://xx.bstatic.com/xdata/w/hotel/840x460_watermarked_standard/UlYG65CxyC0DxZuAoMU_tH64dKIskUfOw14CCL_ovngMhOib5ROmqgzdr6rwafuMS4_R6PeeOaxYxZ3sZxgGtu0HDIpbXyI85J_9Ms2yNqbyFZPwMtXRow==.jpg,https://www.booking.com/hotel/id/bandung-scenic-view-w-pool.en-gb.html?aid=2068758&utm_source=seogooglelocal&utm_medium=description&utm_term=hotel-13421004&utm_campaign=en-gb&label=seogooglelocal-link-imagesaow-hotel-13421004_grp-0_gendate-20260524,0.95,keep_primary_deduped,LODGE-01424,,,,4,P2_sentiment_missing,missing_sentiment,scrape_reviews_for_sentiment,5
LODGE-01168,Rarasa by Kozystay - Bandung,vacation_rental,-6.8697,107.6408,bandung_raya_valid,1823830.0,Rp 1.823.830,4.0,3.0,0,,Belum tersedia,Ber-AC; Elevator; Dapur; Microwave; Kompor; Boleh bawa hewan peliharaan; Bebas asap rokok; TV Kabel; Mesin cuci,https://xx.bstatic.com/xdata/w/hotel/840x460_watermarked_standard/UlbWNZwXU4abzHzQRAc-wbeJRhj2pLke8t_jsuM_AsLbiDBUuHhZL5t1aUPjYYmimB-FFycUOHSA_8I11w2wGq9pUuJdVLJx3tBiiqW6wHAWXcCUEWGddw==.jpg,https://www.booking.com/hotel/id/rarasa-by-kozystay-bandung.en-gb.html?aid=2068758&utm_source=seogooglelocal&utm_medium=description&utm_term=hotel-15757543&utm_campaign=en-gb&label=seogooglelocal-link-imagesaow-hotel-15757543_grp-3_gendate-20260524,0.95,unique_primary,,,,,4,P2_sentiment_missing,missing_sentiment,scrape_reviews_for_sentiment,5
LODGE-01125,Delio by Kozystay - Bandung,vacation_rental,-6.9178,107.5813,bandung_raya_valid,1040946.0,Rp 1.040.946,3.5,2.0,0,,Belum tersedia,Ber-AC; Elevator; Gym; Dapur; Microwave; Kompor; Boleh bawa hewan peliharaan; Bebas asap rokok; TV Kabel,https://xx.bstatic.com/xdata/w/hotel/840x460_watermarked_standard/UlYG65CxyC0DxVEw2bylEIkmz-jbZ0WNSzqVYrDOrUoikNcWRfcxTrB8gf2fJSexF3et7daca7LLBRAKIilISlfAxBnGYVYUbKo9Uy_i1UjhnEsmrvyhUg==.jpg,https://www.booking.com/hotel/id/delio-by-kozystay-bandung.en-gb.html?aid=2068758&utm_source=seogooglelocal&utm_medium=description&utm_term=hotel-15259516&utm_campaign=en-gb&label=seogooglelocal-link-imagesaow-hotel-15259516_grp-0_gendate-20260524,0.95,unique_primary,,,,,4,P2_sentiment_missing,missing_sentiment,scrape_reviews_for_sentiment,5
LODGE-01189,Tabgha by Kozystay - Dago,vacation_rental,-6.8548,107.6492,bandung_raya_valid,4936704.0,Rp 4.936.704,4.5,2.0,0,,Belum tersedia,Ber-AC; Papan setrika; Dapur; Microwave; Kompor; Boleh bawa hewan peliharaan,https://xx.bstatic.com/xdata/w/hotel/840x460_watermarked_standard/UlYG65CxyC0DxYl9jiSO9GNWgBXcMqq7rZDhtESRao21ihJCV45lb0ws620sxRYwez63ClRs08g8BN6TaKWKWm7EDRRTHjawQfR1omPik9LMTxbXTCAuhQ==.jpg,https://www.booking.com/hotel/id/suarga-by-kozystay-3br-private-pool-bandung.en-gb.html?aid=2068758&utm_source=seogooglelocal&utm_medium=description&utm_term=hotel-11822899&utm_campaign=en-gb&label=seogooglelocal-link-imagesaow-hotel-11822899_grp-3_gendate-20260524,0.95,keep_primary_deduped,LODGE-01401,,,,4,P2_sentiment_missing,missing_sentiment,scrape_reviews_for_sentiment,5
LODGE-01116,Cairora by Kozystay - Bandung,vacation_rental,-6.9093,107.6102,bandung_raya_valid,1033091.0,Rp 1.033.091,4.5,1.0,0,,Belum tersedia,Ber-AC; Gym; Dapur; Microwave; Kompor; Boleh bawa hewan peliharaan; Bebas asap rokok,https://xx.bstatic.com/xdata/w/hotel/840x460_watermarked_standard/UlbWNZwXU4abzFhLFLdCa6-geqRCIqkeS6MbYoRxCmx-9Jg7lHJwXD8_Omz1RvUIE407Y59SWB5NKRPPqqC4DhRPmUfwnzT7kMuNaJMvyz36aC7w9M4ikg==.jpg,https://www.booking.com/hotel/id/cairora-by-kozystay-bandung.en-gb.html?aid=2068758&utm_source=seogooglelocal&utm_medium=description&utm_term=hotel-15784203&utm_campaign=en-gb&label=seogooglelocal-link-imagesaow-hotel-15784203_grp-3_gendate-20260524,0.95,unique_primary,,,,,4,P2_sentiment_missing,missing_sentiment,scrape_reviews_for_sentiment,5
LODGE-01146,Lee Simple House - Summarecon Bandung,vacation_rental,-6.9619,107.6969,bandung_raya_valid,611280.0,Rp 611.280,3.0,1.0,0,,Belum tersedia,Ber-AC; Dapur; Mesin cuci,https://xx.bstatic.com/xdata/w/hotel/840x460_watermarked_standard/UlbWNZwXU4abzIYyrocKj7FY1b33tWy_5NBhmYtj02kF2DYUvuXVA_kB7hKwpzCwe9ZIADXR1v9OTM90ynCErNwHeYGnNACeJyYMY50gWsdT7TqV_MSA7Q==.jpg,https://www.booking.com/hotel/id/lee-simple-house-summarecon-bandung.en-gb.html?aid=2068758&utm_source=seogooglelocal&utm_medium=description&utm_term=hotel-15976611&utm_campaign=en-gb&label=seogooglelocal-link-imagesaow-hotel-15976611_grp-3_gendate-20260524,0.95,unique_primary,,,,,4,P2_sentiment_missing,missing_sentiment,scrape_reviews_for_sentiment,5
LODGE-00069,"Manna Tatami House KBP Bandung near Wahoo, Whoosh & Parahyangan Golf",vacation_rental,-6.8689,107.4568,bandung_raya_valid,1363636.0,Rp 1.363.636,5.0,1.0,0,,Belum tersedia,Ber-AC; Microwave; Boleh bawa hewan peliharaan; Bebas asap rokok; TV Kabel; Mesin cuci; Dapat diakses pengguna kursi roda,https://xx.bstatic.com/xdata/w/hotel/840x460_watermarked_standard/UlbWNZwXU4abzPItXyJ26GPlNB3V9p2Kot8edcHpaBY-iTSSoOt_mpoSQRttwJoMXeM1d4tvWr7vXojxtAh-dzP9owrc6eSdlCLcv_vy_UkfqOAwOhqO_Q==.jpg,https://www.booking.com/hotel/id/manna-tatami-house-kota-baru-parahyangan-bandung.en-gb.html?aid=2068758&utm_source=seogooglelocal&utm_medium=description&utm_term=hotel-14833406&utm_campaign=en-gb&label=seogooglelocal-link-imagesaow-hotel-14833406_grp-2_gendate-20260524,0.95,unique_primary,,,,,4,P2_sentiment_missing,missing_sentiment,scrape_reviews_for_sentiment,5
LODGE-01190,Tanea by Kozystay - Braga,vacation_rental,-6.9167,107.6078,bandung_raya_valid,966327.0,Rp 966.327,4.5,1.0,0,,Belum tersedia,Ber-AC; Elevator; Dapur; Microwave; Kompor; Boleh bawa hewan peliharaan; Bebas asap rokok; Mesin cuci,https://xx.bstatic.com/xdata/w/hotel/840x460_watermarked_standard/UlbWNZwXU4abzHoX_54coJHQKKivYLcRVZdD4n8HHlYTXUSXx43UmYCxq-Ofx9luRRvN5FF_6fFulEi78oycdiTrpEi6GimBdTGQ-R5y6JtlDdVjFiJGDg==.jpg,https://www.booking.com/hotel/id/tanea-by-kozystay-braga.en-gb.html?aid=2068758&utm_source=seogooglelocal&utm_medium=description&utm_term=hotel-15757115&utm_campaign=en-gb&label=seogooglelocal-link-imagesaow-hotel-15757115_grp-3_gendate-20260524,0.95,unique_primary,,,,,4,P2_sentiment_missing,missing_sentiment,scrape_reviews_for_sentiment,5
LODGE-00077,"Wasabi House, Kota Baru Parahyangan",vacation_rental,-6.8667,107.4572,bandung_raya_valid,1530000.0,Rp 1.530.000,5.0,1.0,0,,Belum tersedia,Ber-AC; Dapur; Microwave; Kompor; Bebas asap rokok; Mesin cuci,https://xx.bstatic.com/xdata/w/hotel/840x460_watermarked_standard/UlbWNZwXU4abzO9biy-lmMLHtiwkDgR9J6oTVcSQ4qPIQxZKndOq3gJf-RuBIqMg1sVy6lzNHSTv_WD3Zas_76Fdb42b1fEMe1g2tJmsieAu2R1u_dko6g==.jpg,https://www.booking.com/hotel/id/wasabi-house-kota-baru-parahyangan.en-gb.html?aid=2068758&utm_source=seogooglelocal&utm_medium=description&utm_term=hotel-14927688&utm_campaign=en-gb&label=seogooglelocal-link-imagesaow-hotel-14927688_grp-0_gendate-20260524,0.95,unique_primary,,,,,4,P2_sentiment_missing,missing_sentiment,scrape_reviews_for_sentiment,5
LODGE-01283,La Grande by Djitu Hospitality,vacation_rental,-6.9094,107.6104,bandung_raya_valid,850360.0,Rp 850.360,3.1417,136.0,0,,Belum tersedia,Kolam renang luar; Bebas asap rokok; Parkir gratis; Wi-Fi gratis,https://media.vrbo.com/lodging/112000000/111570000/111561000/111560937/689db1b6.jpg,,0.9,unique_primary,,,,,4,P2_sentiment_missing,missing_sentiment|missing_source_link,scrape_reviews_for_sentiment,4
LODGE-01316,Sorte by Kozystay -Dago,vacation_rental,-6.8558,107.6476,bandung_raya_valid,6185939.0,Rp 6.185.939,4.8342,32.0,0,,Belum tersedia,Ber-AC; Bak air panas; Papan setrika; Microwave; Pemanggang luar ruang; Kolam renang luar; Kompor; Parkir gratis; Wi-Fi gratis,https://p.fih.io/v2/nSr0o-3gbZN8o1xMecXCcG-BkDeQVo3k-wOeVogkTe7ajuFOX7O-WA8aRWhXz1jsToZif_TsA_xCWfhWRa0ZrrO3jQEj7HgzNRjTaJRp7iXDj1KUBuCNukjpFqDp_-iDMyQU-brgK3bnfjF4en3ketkYyx1j1dLbUfhlOgkNcIcn9PwNtk_AU2csbUk6dd9sGo49Qn31qiMVOoIxofR_2o8VcZA3AAhCPReYBoJ8vY2Gq2593GaA4u4Ocfbb2nQda_hO30Az3JWsq7VTLkiv-8O4z7SdYnZAsv9XtuyYfAdwFy1RWDSmfPs-a894Rx9TowVlVl5fURe6blhdvk_2497wQhMpbW0ABurjdoiE2iXgZxes4w,,0.9,unique_primary,,,,,4,P2_sentiment_missing,missing_sentiment|missing_source_link,scrape_reviews_for_sentiment,4
LODGE-00519,Kuleum Camp And Cabin By ARBA,vacation_rental,-7.1416,107.396,bandung_raya_valid,569862.0,Rp 569.862,4.125,30.0,0,0.6467452757303084,Belum tersedia,Bebas asap rokok; Parkir gratis; Wi-Fi gratis,https://p.fih.io/v2/nSr0o-3gbZN8o1xMecXCcG-BkDeQVo3k-wOeVogkTe7ajuFOX7O-WA8aRWhXz1jsToZif_TsA_xCWfhWRa0Zx4WplnYo12QgGg6BRKx80BP-plrTKLOhgAD3E63_g7KcFFJvq5zXBQzuPTF4en3ketkYyx1j1dLbUfhlOgkNcIcn9PwNtk_AU2csbUk6dd9sHrY9VmP2oVtSPacx5dpRpY0tdfs0O2klORT9A5pSgPGUvBhQ3nG9m-EOZqnU2mQ3KPhw30EzzJHpqJtDbEqv84C64bCSYHZm-v1XlOKae248FxAKWSCmaLk9UuJnRTMzoRBldxpfcmu2e1QPuiuZOJEprgIcZVZmpwwHzA,https://www.expedia.com/Hotel.h119828482.Hotel-Information?mdpcid=META.HPA.WEB-ORGANIC.VR,0.9,keep_primary_deduped,LODGE-00537|LODGE-00796,,,,4,P2_sentiment_missing,missing_sentiment,scrape_reviews_for_sentiment,5
LODGE-01217,Anori by Kozystay - Bandung,vacation_rental,-6.8693,107.6408,bandung_raya_valid,1419348.0,Rp 1.419.348,4.78,23.0,0,,Belum tersedia,Ber-AC; Papan setrika; Dapur; Kolam renang luar; Bebas asap rokok; Mesin cuci; Parkir gratis; Wi-Fi gratis,https://freecancellationscdn-hsbgcwfragasdpfe.z01.azurefd.net/remote/static.cupid.travel/hotels/ex_8016f150_z.jpg?w=1024&h=683&mode=crop&scale=both&anchor=middlecenter&quality=80,,0.9,unique_primary,,,,,4,P2_sentiment_missing,missing_sentiment|missing_source_link,scrape_reviews_for_sentiment,4
LODGE-01240,"Cozy Haven with Jacuzzi, Rooftop",vacation_rental,-6.8444,107.6051,bandung_raya_valid,1010217.0,Rp 1.010.217,4.0,19.0,0,,Belum tersedia,Balkon; Ranjang bayi; Bak air panas; Kolam renang di dalam ruangan; Dapur; Microwave; Pemanggang luar ruang; Kompor; Bebas asap rokok; TV Kabel; Parkir gratis; Wi-Fi gratis,https://pix8.agoda.net/hotelImages/44466075/0/f4f923ae71f15fb43e7d962aa6be9e4c.jpg?ce=0,,0.9,unique_primary,,,,,4,P2_sentiment_missing,missing_sentiment|missing_source_link,scrape_reviews_for_sentiment,4
LODGE-00093,Imah Seuri,vacation_rental,-6.8179,107.5743,bandung_raya_valid,116495.0,Rp 116.495,4.3,12.0,0,,Belum tersedia,Wi-Fi gratis,https://p.fih.io/v2/nSr0o-3gbZN8o1xMecXCcG-BkDeQVo3k-wOeVogkTe7ajuFOX7O-WA8aRWhXz1jsToZif_TsA_xCWfhWRa0Zobft7icNtF82MFKmXNtZsTmepH-AD6ieoiD9LJfG_LvgSiForajfAX3LBzF4en3ketkYyx1j1dLbUfhlOgkNcIcn9PwNtk_AU2csbUk6dd9sGqAEVmr2qjQMPI095Pdv3pEtFPIxOxxOPC-YWoFEg4yVvAhU3nG9m-EOYdDa2mQZa_hey0EzzJHoqbVDIUiv_4S54bySYU8b-v9XsuObe3pxFT1VHTW2a-EpReU8Uw9I8ThxMhxmQibyYUENqJNlaCRARm9nEv8M9xr2sCs,,0.9,unique_primary,,,,,4,P2_sentiment_missing,missing_sentiment|missing_source_link,scrape_reviews_for_sentiment,4
LODGE-00097,Pasteur Beautiful Luxury Home - Vacation Home,vacation_rental,-6.8929,107.5749,bandung_raya_valid,2519326.0,Rp 2.519.326,4.4,10.0,0,,Belum tersedia,Ber-AC; Cocok untuk anak; Ranjang bayi; Elevator; Gym; Kolam renang di dalam ruangan; Papan setrika; Dapur; Microwave; Kompor; Bebas asap rokok; TV Kabel; Parkir gratis; Wi-Fi gratis,https://freecancellationscdn-hsbgcwfragasdpfe.z01.azurefd.net/remote/q-xx.bstatic.com/xdata/images/hotel/max1024x683/657229743.jpg?k=e8fb407c2d5b40875e28fc5a2c57aa309201a7d095996f50f9057e9222fc3afb&o=&a=2344045&w=1024&h=683&mode=crop&scale=both&anchor=middlecenter&quality=80,,0.9,unique_primary,,,,,4,P2_sentiment_missing,missing_sentiment|missing_source_link,scrape_reviews_for_sentiment,4
LODGE-01319,Sukha by Kozystay - Dago,vacation_rental,-6.8558,107.6476,bandung_raya_valid,8309069.0,Rp 8.309.069,4.56,9.0,0,,Belum tersedia,Ber-AC; Balkon; Papan setrika; Dapur; Microwave; Pemanggang luar ruang; Kolam renang luar; Kompor; Bebas asap rokok; TV Kabel; Parkir gratis; Wi-Fi gratis,https://pix8.agoda.net/hotelImages/49680632/0/3dc4230a32faa7a0eb890c632332a581.jpg?ce=0,,0.9,unique_primary,,,,,4,P2_sentiment_missing,missing_sentiment|missing_source_link,scrape_reviews_for_sentiment,4
LODGE-01280,Karaton by Kozystay - Paskal,vacation_rental,-6.913,107.5929,bandung_raya_valid,3259807.0,Rp 3.259.807,3.85,7.0,0,,Belum tersedia,Ber-AC; Elevator; Papan setrika; Dapur; Microwave; Kolam renang luar; Kompor; Bebas asap rokok; TV Kabel; Mesin cuci; Parkir gratis; Wi-Fi gratis,https://freecancellationscdn-hsbgcwfragasdpfe.z01.azurefd.net/remote/static.cupid.travel/hotels/578188649.jpg?w=1024&h=683&mode=crop&scale=both&anchor=middlecenter&quality=80,,0.9,unique_primary,,,,,4,P2_sentiment_missing,missing_sentiment|missing_source_link,scrape_reviews_for_sentiment,4
LODGE-00541,Regan Luxcamp by Digihub Hospitality,vacation_rental,-7.1844,107.5469,bandung_raya_valid,1263138.0,Rp 1.263.138,4.2,7.0,0,,Belum tersedia,Bebas asap rokok,https://p.fih.io/v2/nSr0o-3gbZN8o1xMecXCcG-BkDeQVo3k-wOeVogkTe7ajuFOX7O-WA8aRWhXz1jsToZif_TsA_xCWfhWRa0ZkrWAtgsism4FBDqmYYFoxg_7jFvmAZXzgDHkI5_jnoukNlNh_pvWVE3cfjF4en3ketkYyx1j1dLbUfhlOgkNcIcn9PwNtk_AU2csbUk6dd9sGo49Qn31qiMVOoIxofR_2o8VcZA3AAhCPReYBoJ8vY2Gq2593GaA4u4OccDb2nQda_hO30Az3JXlq4tHLkiv-8O4z7SdYXZut_xpmOyYfAdwFy1_ETW2YLg9RfF4UA9f4BFfUhdKUhe6blhdvk_2497wQhMp5mFZOWNAggg51pj3TnML0g,https://www.us.despegar.com/hotels/h-6501848,0.85,keep_primary_deduped,LODGE-00799,,,,4,P2_sentiment_missing,missing_sentiment,scrape_reviews_for_sentiment,5
LODGE-00588,Shakilla House 6B Syariah Cigalumpit Cianjur,vacation_rental,-6.8162,107.1714,bandung_raya_valid,526274.0,Rp 526.274,4.85,1.0,0,,Belum tersedia,TV Kabel; Wi-Fi gratis,https://p.fih.io/v2/nSr0o-3gbZN8o1xMecXCcG-BkDeQVo3k-wOeVogkTe7ajuFOX7O-WA8aRWhXz1jsToZif_TsA_xCWfhWRa0ZqJuH4SkSs1cNNji0QsAS9jv7uSnLApqNmwj3FtX6iZWeFRVBr5TXFU-zITF4en3ketkYyx1j1dLbUfhlOgkNcIcn9PwNtk_AU2csYWt6dZQ5HrU9YH_Mi1sOBJIp-_VR0o0tdfMtAxxDIiyYD4BSyNiZqAt1xXDKjOEhYqjEzXNlZvlZrgId34L5h5tMD1-SisC4h7-DTktP9tNbouiPaQZ4OCFwEhjRY-A8ePJ9Uldy4T87SVhJaCmoaWk-_3XmyoPAZE8kPHeod_SAAmf4E-CeBPDhsV0zjwUDu5-t5UVY5R_5RRfFEiFjkRkZ1hssNTJxnW7seAgVi1HoxF9swxf8tZZAOpBP0ZZxutmwgVQyfnK-5vqF50fYyTm-kTS-6tXONgSChd9L92SK_3XgYkO1t8RuMpKRG_D_ID4oEkvkaw_XbdLV0xmuwUCs_UALfbQuzG6yfARD,https://deals.vio.com?sig=73aca13c7f952d2641c156f3e69125e1eb497c325f122828ee5aa8797168b9a12d32303331333438363233&turl=https%3A%2F%2Fwww.vio.com%2FHotel%2FSearch%3FhotelId%3D117457385%26utm_source%3Dgha-vr%26utm_campaign%3Dstatic%26openHotelDetails%3D1,0.8,keep_primary_deduped,LODGE-00587|LODGE-00719|LODGE-00720,,,,4,P2_sentiment_missing,missing_sentiment,scrape_reviews_for_sentiment,5
LODGE-00624,Saung Arjuna Syandana Resort Ciwidey,vacation_rental,-7.109,107.4847,bandung_raya_valid,363396.0,Rp 363.396,3.925,118.0,0,,Belum tersedia,Parkir gratis,https://pix8.agoda.net/hotelImages/36834827/0/2e4f00fb436f93afad268f4c025a8494.jpg?ce=0,https://www.bluepillow.com/search/65e20e0993553be8f554f88f?dest=ago&cat=Vacation+rental+(other)&lat=-6.94367&lng=107.58632&language=en,0.75,manual_resolved_keep_with_merge,LODGE-01482,,,,4,P2_sentiment_missing,missing_sentiment,scrape_reviews_for_sentiment,5
LODGE-00054,Villa Tibra,villa,-6.8251,107.5545,bandung_raya_valid,258646.0,Rp 258.646,4.7,1602.0,0,,Belum tersedia,Free Wi-Fi; Free parking; Outdoor pool; Air conditioning; Pet-friendly; Restaurant; Room service,https://lh3.googleusercontent.com/gps-cs-s/APNQkAEUR6QBBU-2crkHFP4NkY6sbkTtvexQGbg2ZcHKByXdDNU9qMQSjjy6X_ZZ3hRANfntlstl2nyg5wF0swLj9g_tUdO9FUi0s0-VpjGnHbzPHtZuMqZm0_7l3bR-ZepWMVQ9YQw8=s10000,https://hotels.cloudbeds.com/reservation/uV9L5S,1.0,unique_primary,,,,,4,P2_sentiment_missing,missing_sentiment,scrape_reviews_for_sentiment,5
LODGE-01022,Roemah Asri Villa - Resor Dago Pakar,villa,-6.8677,107.6465,bandung_raya_valid,1563244.0,Rp 1.563.244,4.585,35.0,0,,Belum tersedia,Bak air panas; Kolam renang luar; Bebas asap rokok; Parkir gratis; Wi-Fi gratis,https://p.fih.io/v2/nSr0o-3gbZN8o1xMecXCcG-BkDeQVo3k-wOeVogkTe7ajuFOX7O-WA8aRWhXz1jsToZif_TsA_xCWfhWRa0Z0oKsliUGxXMIARKlTJduzD7gqifqQIGbvC2bHLXHrI2FDjJeqafaEXjiPTF4en3ketkYyx1j1dLbUfhlOgkNcIcn9PwNtk_AU2csbUk6dd9sWYhZZ2bLtSQWP41C4PdruZMqfo8yAGlOIznTD4R8rfKDqwRbxV_L46cgSN_A210aZtZC-Wkf3-HxtZpcMGaA3uWi_buUSFh17v4zm8GxZ3FcPzF8ES23DMQVVtx3QVdY_w46P1lON3CWRHYxtmCB6Lf-SBocARGBauCXHmb0W9qaK9nb-2RGoWUxr9Pi8i87pgjsa3bTPwwhjw96qQMCEHtonVOqZyYCzHywqj1T-yrWiLtXJolm4INyhfzorQxCAl2_0Lev4zvU3ge5-TqR06XRAxOCi6hI42q3_Gr0cxWmtaJES52uR9DlPDEoKUvkIgylFYjG4hrO-W6snCgALmQd2QOhFIPqtM5GHcX0GxTl9Oy5qHEpUv0YAZsZfMUxsszkLyhRbQIEBjTZWXWHRUVVFwHqhljzv0UNSP3nojGDegJ_zA,https://deals.vio.com?sig=73aca13c7f952d2641c156f3e69125e1eb497c325f122828ee5aa8797168b9a12d32303331333438363233&turl=https%3A%2F%2Fwww.vio.com%2FHotel%2FSearch%3FhotelId%3D3167631%26utm_source%3Dgha-vr%26utm_campaign%3Dstatic%26openHotelDetails%3D1,1.0,unique_primary,,,,,4,P2_sentiment_missing,missing_sentiment,scrape_reviews_for_sentiment,5
LODGE-00042,Naomi Home Villa Bandung near Wahoo & Whoosh,villa,-6.8695,107.4571,bandung_raya_valid,1390000.0,Rp 1.390.000,4.6,6.0,0,,Belum tersedia,Ber-AC; Dapur; Microwave; Bebas asap rokok; Mesin cuci,https://xx.bstatic.com/xdata/w/hotel/840x460_watermarked_standard/UlbWNZwXU4abzOrjExaSrN8T5a4dm7tjSASCYQPBhB6a6hrgq79XfWPxMsN3ok31JnjeUnlo3NNAp2gnUVPUoQ9M0MIwEXbXX--xgR3rzyZcKEyRnm6yXA==.jpg,https://www.booking.com/hotel/id/naomi-home-near-wahoo-amp-whoosh.en-gb.html?aid=2068758&utm_source=seogooglelocal&utm_medium=description&utm_term=hotel-11214317&utm_campaign=en-gb&label=seogooglelocal-link-imagesaow-hotel-11214317_grp-1_gendate-20260524,1.0,unique_primary,,,,,4,P2_sentiment_missing,missing_sentiment,scrape_reviews_for_sentiment,5
LODGE-00977,Platinum Yellow Bandung Villa 24 Pax Private Pool,villa,-6.8578,107.654,bandung_raya_valid,4544546.0,Rp 4.544.546,4.0,6.0,0,,Belum tersedia,Ber-AC; Papan setrika; Dapur; Microwave; Pemanggang luar ruang; Kompor; Teras; Boleh bawa hewan peliharaan; Bebas asap rokok; TV Kabel,https://xx.bstatic.com/xdata/w/hotel/840x460_watermarked_standard/UlbWNZwXU4abzC4BG4sLjuvhXTL29gpQKotg4W1cNAL3TPwYqx8Z0oFbYefBc3h3Yg8qnFWXT6MFJa1OHgBGotJ7pFcPp0OWJJ_YUwu87BjWBqqwcg1y4w==.jpg,https://www.booking.com/hotel/id/platinum-yellow-bandung-villa-24-pax-private-pool.en-gb.html?aid=2068758&utm_source=seogooglelocal&utm_medium=description&utm_term=hotel-9239968&utm_campaign=en-gb&label=seogooglelocal-link-imagesaow-hotel-9239968_grp-0_gendate-20260524,1.0,unique_primary,,,,,4,P2_sentiment_missing,missing_sentiment,scrape_reviews_for_sentiment,5
LODGE-01194,The Joglo Villa,villa,-6.8542,107.6443,bandung_raya_valid,2636364.0,Rp 2.636.364,4.35,9.0,0,,Belum tersedia,Papan setrika; Dapur; Microwave; Pemanggang luar ruang; Kompor; Teras; Boleh bawa hewan peliharaan; TV Kabel; Mesin cuci; Dapat diakses pengguna kursi roda,https://xx.bstatic.com/xdata/w/hotel/840x460_watermarked_standard/UlbWNZwXU4abzNXiri2szpSzsRePNizoOOVx5MpKQXnkDQq0k1mpEdgEMqwf9IG2t57whzeCnivE2_2K93I8PKBwcvbLQ4KX2NtpIog-WXwKuqnlotJHZg==.jpg,https://www.booking.com/hotel/id/the-joglo-villa.en-gb.html?aid=2068758&utm_source=seogooglelocal&utm_medium=description&utm_term=hotel-1886965&utm_campaign=en-gb&label=seogooglelocal-link-imagesaow-hotel-1886965_grp-1_gendate-20260524,0.95,unique_primary,,,,,4,P2_sentiment_missing,missing_sentiment,scrape_reviews_for_sentiment,5
LODGE-00066,Josh House KBP Villa,villa,-6.8694,107.4546,bandung_raya_valid,1431808.0,Rp 1.431.808,4.45,8.0,0,,Belum tersedia,Ber-AC; Dapur; Microwave; Teras; Boleh bawa hewan peliharaan; Bebas asap rokok; TV Kabel; Mesin cuci,https://xx.bstatic.com/xdata/w/hotel/840x460_watermarked_standard/UlbWNZwXU4abzDEa7icJ0LABBjviqPLvyCptGrZqA97QS5_iHWP_ds96IX74fu_F1e4VPV6hLTT1d3tIeJQbhb9sGuatXJw0rpyjDezzPbB8FDrb9cZqsQ==.jpg,https://www.booking.com/hotel/id/josh-house-kbp-villa.en-gb.html?aid=2068758&utm_source=seogooglelocal&utm_medium=description&utm_term=hotel-14089039&utm_campaign=en-gb&label=seogooglelocal-link-imagesaow-hotel-14089039_grp-3_gendate-20260524,0.95,unique_primary,,,,,4,P2_sentiment_missing,missing_sentiment,scrape_reviews_for_sentiment,5
LODGE-00516,Villa Syariah Ciwidey Bandung Arreneuz View Kebun,villa,-7.1062,107.4262,bandung_raya_valid,720001.0,Rp 720.001,4.45,8.0,0,,Belum tersedia,Dapur; Pemanggang luar ruang; Kompor; Boleh bawa hewan peliharaan; Bebas asap rokok,https://xx.bstatic.com/xdata/w/hotel/840x460_watermarked_standard/UlbWNZwXU4abzKkWPAckl4D8XyRdbB9xbEpLx2uQXU-QRhVl9lcuBNF5xUlY2X6dezMLfnR2KlrSnsTqCFLBeaxbasldPTalbr9Ki4ex6vR4wPy6dPwrGg==.jpg,https://www.booking.com/hotel/id/arreneuz-villa-syariah-ciwidey.en-gb.html?aid=2068758&utm_source=seogooglelocal&utm_medium=description&utm_term=hotel-13644512&utm_campaign=en-gb&label=seogooglelocal-link-imagesaow-hotel-13644512_grp-0_gendate-20260524,0.95,unique_primary,,,,,4,P2_sentiment_missing,missing_sentiment,scrape_reviews_for_sentiment,5
LODGE-01128,"Garden House Villa, Lembang",villa,-6.8262,107.6346,bandung_raya_valid,2545197.0,Rp 2.545.197,3.75,2.0,0,,Belum tersedia,Cocok untuk anak; Dapur; TV Kabel; Parkir gratis; Wi-Fi gratis,https://pix8.agoda.net/hotelImages/45441877/0/1c1bad8d678c3574d67f7961eb03cc80.jpg?ce=0&s=312x,https://www.bluepillow.com/search/6552094b1811a9820ec5f94d?dest=ago&cat=Vacation+rental+(other)&lat=-6.82618&lng=107.63456&language=en,0.95,unique_primary,,,,,4,P2_sentiment_missing,missing_sentiment,scrape_reviews_for_sentiment,5
LODGE-00509,KM Heritage Villa,villa,-6.8097,107.1505,bandung_raya_valid,2045455.0,Rp 2.045.455,5.0,1.0,0,,Belum tersedia,Ber-AC; Dapur,https://xx.bstatic.com/xdata/w/hotel/840x460_watermarked_standard/UlYG65CxyC0DxdVrZ7Z0gHqXzQXDnlSfPaVsiohNhTqpCMPeNvdBE_8hY4vFw2ldpUb0FTBLy6OS1zizJ15FkyXYBDuylc6YBqprOEvDlwtvp32awcGoHw==.jpg,https://www.booking.com/hotel/id/km-heritage-villa-kabupaten-cianjur.en-gb.html?aid=2068758&utm_source=seogooglelocal&utm_medium=description&utm_term=hotel-15775038&utm_campaign=en-gb&label=seogooglelocal-link-imagesaow-hotel-15775038_grp-2_gendate-20260524,0.95,unique_primary,,,,,4,P2_sentiment_missing,missing_sentiment,scrape_reviews_for_sentiment,5
LODGE-01177,Rehat at Villa Golf Island Dago Resort I,villa,-6.865,107.6483,bandung_raya_valid,3954546.0,Rp 3.954.546,3.5,1.0,0,,Belum tersedia,Ber-AC; Dapur; Boleh bawa hewan peliharaan; TV Kabel,https://xx.bstatic.com/xdata/w/hotel/840x460_watermarked_standard/UlbWNZwXU4abzFYSNDtDgI0bb2mfnHMQPmm2S5ce_MpBJov6xijLKqcBeszJ3EpnwzaLVdX6Qp4u08_Hr2vE_EsfZ4IMAJIUUaRW6d1-Eb9DL3jQ1F72zQ==.jpg,https://www.booking.com/hotel/id/rehat-at-villa-golf-island-dago-resort-i.en-gb.html?aid=2068758&utm_source=seogooglelocal&utm_medium=description&utm_term=hotel-15115841&utm_campaign=en-gb&label=seogooglelocal-link-imagesaow-hotel-15115841_grp-1_gendate-20260524,0.95,unique_primary,,,,,4,P2_sentiment_missing,missing_sentiment,scrape_reviews_for_sentiment,5
LODGE-01178,Rehat at Villa Golf Island Dago Resort II,villa,-6.8656,107.6479,bandung_raya_valid,1224327.0,Rp 1.224.327,3.0,1.0,0,,Belum tersedia,Ber-AC; Dapur,https://xx.bstatic.com/xdata/w/hotel/840x460_watermarked_standard/UlYG65CxyC0DxQm_VDcTfW1wpS9NLIE-_e09qsxULSmnwx_eRb5JfrSdxlb0cJmICNTBGGsTFk7OHt65bbHlo_AkvwjnqhSbwyRIx6pkDAhqT2a7OjoA7A==.jpg,https://www.booking.com/hotel/id/rehat-at-villa-golf-island-dago-resort-ii.en-gb.html?aid=2068758&utm_source=seogooglelocal&utm_medium=description&utm_term=hotel-15100039&utm_campaign=en-gb&label=seogooglelocal-link-imagesaow-hotel-15100039_grp-3_gendate-20260524,0.95,keep_primary_deduped,LODGE-01311,,,,4,P2_sentiment_missing,missing_sentiment,scrape_reviews_for_sentiment,5
LODGE-00514,Villa Rian Argapuri Resort,villa,-7.1268,107.5138,bandung_raya_valid,989999.0,Rp 989.999,2.5,1.0,0,,Belum tersedia,Dapur; Bebas asap rokok,https://xx.bstatic.com/xdata/w/hotel/840x460_watermarked_standard/UlbWNZwXU4abzKxT7zjMXRm0IX5eMO0SB36E3UqgQFYJ3gjExocD5t-1lTGHZWkctLZdBOspQRW6mDWvj99fkUt68HGSA0G0oE1P7eiNl6oMyPh9UiVmZA==.jpg,https://www.booking.com/hotel/id/villa-rian-argapuri-resort.en-gb.html?aid=2068758&utm_source=seogooglelocal&utm_medium=description&utm_term=hotel-14011975&utm_campaign=en-gb&label=seogooglelocal-link-imagesaow-hotel-14011975_grp-3_gendate-20260524,0.95,unique_primary,,,,,4,P2_sentiment_missing,missing_sentiment,scrape_reviews_for_sentiment,5
LODGE-00076,"Villa with Jacuzzi, Damar Ningrum 4",villa,-6.8299,107.5538,bandung_raya_valid,1227273.0,Rp 1.227.273,5.0,1.0,0,,Belum tersedia,Ber-AC; Dapur,https://xx.bstatic.com/xdata/w/hotel/840x460_watermarked_standard/UlYG65CxyC0DxWpF1ZGPe8kSvzG0SX9XqDureBdsztKhEPon_Yvz5WY8_2JeRdVSMzE_i-cXi5fkcoGcx8XQoQ9XfA6OtejALrsSz8_cCMbZsds-VRu29w==.jpg,https://www.booking.com/hotel/id/villa-with-jacuzzi-damar-ningrum-4.en-gb.html?aid=2068758&utm_source=seogooglelocal&utm_medium=description&utm_term=hotel-15920659&utm_campaign=en-gb&label=seogooglelocal-link-imagesaow-hotel-15920659_grp-3_gendate-20260524,0.95,unique_primary,,,,,4,P2_sentiment_missing,missing_sentiment,scrape_reviews_for_sentiment,5
LODGE-00524,Villa Kayu Ciwidey,villa,-7.1118,107.4237,bandung_raya_valid,802630.0,Rp 802.630,4.5,67.0,0,0.6766098269187113,Belum tersedia,Ber-AC; Cocok untuk anak; Dapur; Kolam renang luar; Bebas asap rokok; Parkir gratis; Wi-Fi gratis,https://p.fih.io/v2/nSr0o-3gbZN8o1xMecXCcG-BkDeQVo3k-wOeVogkTe7ajuFOX7O-WA8aRWhXz1jsToZif_TsA_xCWfhWRa0ZjqKwhyYvyG9hKCqUXsZxshPfplvUMYH7tD76dYL4qZ-gSTV32YjVKXzKHzF4en3ketkYyx1j1dLbUfhlOgkNcIcn9PwNtk_AU2csbUk6dd9sGo49Qn31oV8KBI1P5sx7h5AWfpA-AAMtOxfpA558yISbvDUo416unPgZdqnV2koRZPpO2wcy8onmq5tDIUuB3cy6hMnVY1hmtutuvuGbVXlkAy5rETe1a-YpVeU6Uw9m-wZfQhVLUQu2RGYh-mLitYH5dRVgD1CDf1fNnANfa2omDi8CNx4N4qs,https://www.agoda.com/villa-kayu-ciwidey/hotel/bandung-id.html,0.9,keep_primary_deduped,LODGE-00745,,,,4,P2_sentiment_missing,missing_sentiment,scrape_reviews_for_sentiment,5
LODGE-00522,Villa Daffa Ciwidey,villa,-7.1036,107.4534,bandung_raya_valid,818182.0,Rp 818.182,4.25,30.0,0,,Belum tersedia,Dapur; Pemanggang luar ruang; Kompor; TV Kabel; Dapat diakses pengguna kursi roda; Parkir gratis,https://p.fih.io/v2/nSr0o-3gbZN8o1xMecXCcG-BkDeQVo3k-wOeVogkTe7ajuFOX7O-WA8aRWhXz1jsToZif_TsA_xCWfhWRa0Z26iZvi0TxFVlJEfXTLpn1ifv82fAIYGklE7FP6ToqIShOiBq-J_4CwjEFzF4en3ketkYyx1j1dLbUfhlOgkNcIcn9PwNtk_AU2csbUk6dd9sHrY9VmP2oVsLB5Ip-_d7po4WFPszFWsfHTvAZ8FTkNfcvghEnHCUquEZUr_G51U78XbMzoWWyYQbf8XItU01TA,,0.9,unique_primary,,,,,4,P2_sentiment_missing,missing_sentiment|missing_source_link,scrape_reviews_for_sentiment,4
LODGE-01243,Dago Escape Villa by Kozystay - Bandung,villa,-6.856,107.6544,bandung_raya_valid,27551038.0,Rp 27.551.038,4.675,21.0,0,,Belum tersedia,Ber-AC; Balkon; Elevator; Gym; Bak air panas; Papan setrika; Dapur; Microwave; Kolam renang luar; Kompor; Bebas asap rokok; Parkir gratis; Wi-Fi gratis,https://p.fih.io/v2/nSr0o-3gbZN8o1xMecXCcG-BkDeQVo3k-wOeVogkTe7ajuFOX7O-WA8aRWhXz1jsToZif_TsA_xCWfhWRa0Zo6CP5yoS02QdO0yMYsFw-Rzio2v6Roi_tx_Ma5zfrZGEC1Zh2azEBU_COTF4en3ketkYyx1j1dLbUfhlOgkNcIcn9PwNtk_AU2csbUk6dd9sGo49Qn31qiMVOoIxofR_2o8VcZA3AAhCPReYBoJ8vY2Gq2593GaA4u4OT9Db2nQda_hO30Az3JWqq7VLLkiv-8O4z7SdY1hA-_xXsuyYfAdwFy1ZWDeIaLk9VeF4RzFY_QZibFlLUR-6blhdvk_2497wQhMptChxaY7PCzrN7InNNAvBpQ,,0.9,unique_primary,,,,,4,P2_sentiment_missing,missing_sentiment|missing_source_link,scrape_reviews_for_sentiment,4
LODGE-01233,Calma Villa by Kozystay - Bandung,villa,-6.8314,107.629,bandung_raya_valid,6065544.0,Rp 6.065.544,5.0,16.0,0,,Belum tersedia,Ber-AC; Perapian; Bak air panas; Papan setrika; Dapur; Microwave; Pemanggang luar ruang; Kolam renang luar; Kompor; Bebas asap rokok; TV Kabel; Mesin cuci; Parkir gratis; Wi-Fi gratis,https://static.cupid.travel/hotels/ex_f5b1a4b8_z.jpg,,0.9,unique_primary,,,,,4,P2_sentiment_missing,missing_sentiment|missing_source_link,scrape_reviews_for_sentiment,4
LODGE-01277,Jasmine Cozy Villa 3 Bedrooms With a Private Heated Swimming Pool and a Billiard Table,villa,-6.8674,107.6367,bandung_raya_valid,5756405.0,Rp 5.756.405,3.525,16.0,0,,Belum tersedia,Ber-AC; Papan setrika; Dapur; Microwave; Kolam renang luar; Kompor; Teras; Boleh bawa hewan peliharaan; Bebas asap rokok; TV Kabel; Mesin cuci; Parkir gratis; Wi-Fi gratis,https://freecancellationscdn-hsbgcwfragasdpfe.z01.azurefd.net/remote/static.cupid.travel/hotels/568831582.jpg?w=1024&h=683&mode=crop&scale=both&anchor=middlecenter&quality=80,,0.9,unique_primary,,,,,4,P2_sentiment_missing,missing_sentiment|missing_source_link,scrape_reviews_for_sentiment,4
LODGE-01281,Kirei Mountain View Villa 7 Bedrooms With a Private Swimming Pool,villa,-6.8581,107.6496,bandung_raya_valid,9288223.0,Rp 9.288.223,4.1692,13.0,0,,Belum tersedia,Ber-AC; Papan setrika; Dapur; Microwave; Kolam renang luar; Kompor; Bebas asap rokok; TV Kabel; Mesin cuci; Parkir gratis,https://q-xx.bstatic.com/xdata/images/hotel/max1024x683/569018698.jpg?k=2c8ed01d6c52c2ea3c90cba14a2abfbbee3a461409b282139c913ce426112f3d&o=&s=312x,,0.9,unique_primary,,,,,4,P2_sentiment_missing,missing_sentiment|missing_source_link,scrape_reviews_for_sentiment,4
LODGE-01321,Sunset City View Villa 5 Bedrooms With a Private Heated Swimming Pool,villa,-6.8617,107.6498,bandung_raya_valid,8414628.0,Rp 8.414.628,4.5909,11.0,0,,Belum tersedia,Ber-AC; Cocok untuk anak; Ranjang bayi; Papan setrika; Dapur; Microwave; Kolam renang luar; Kompor; Bebas asap rokok; TV Kabel; Mesin cuci; Parkir gratis; Wi-Fi gratis,https://static.cupid.travel/hotels/568711772.jpg,,0.9,unique_primary,,,,,4,P2_sentiment_missing,missing_sentiment|missing_source_link,scrape_reviews_for_sentiment,4
LODGE-01320,Sunrise City View Villa 9 Bedrooms With a Private Swimming Pool and a Billiard Table,villa,-6.8627,107.651,bandung_raya_valid,15519391.0,Rp 15.519.391,4.15,4.0,0,,Belum tersedia,Ber-AC; Ranjang bayi; Papan setrika; Dapur; Microwave; Kolam renang luar; Teras; Bebas asap rokok; TV Kabel; Mesin cuci; Parkir gratis; Wi-Fi gratis,https://p.fih.io/v2/nSr0o-3gbZN8o1xMecXCcG-BkDeQVo3k-wOeVogkTe7ajuFOX7O-WA8aRWhXz1jsToZif_TsA_xCWfhWRa0Zub2SvCEq3llgLk6ffMZL8GvelH3LQ4iPuhCfcZLLmeigPB9L8oW4UXXUAzF4en3ketkYyx1j1dLbUfhlOgkNcIcn9PwNtk_AU2csbUk6dd9sGo49Qn31qiMVOoIxofR_2o8VcZA3AAhCPReYBoJ8vY2Gq2593GaA4u4OYdDb2nQda_hO30Ax3Luqq5tHLkiv-8K74ZrQYkhEsv9Hsu2aa1Q9FD1VETS2aPo-aOF5UDFHoxNcbwtgbHCtaHYL4UbB5ZeaYveU5MhzVCx9rDox_3HU,,0.9,keep_primary_deduped,LODGE-01400,,,,4,P2_sentiment_missing,missing_sentiment|missing_source_link,scrape_reviews_for_sentiment,4
LODGE-01248,Family Only Amazing City View Villa - De Reiz Firen Syariah,villa,-6.867,107.6394,bandung_raya_valid,4434060.0,Rp 4.434.060,3.15,3.0,0,,Belum tersedia,Ber-AC; Balkon; Papan setrika; Dapur; Microwave; Pemanggang luar ruang; Teras; Boleh bawa hewan peliharaan; Bebas asap rokok; TV Kabel; Mesin cuci; Parkir gratis; Wi-Fi gratis,https://pix8.agoda.net/hotelImages/47227672/0/51c91f762064a63be5c510a52a15f841.jpeg?ce=0,,0.9,unique_primary,,,,,4,P2_sentiment_missing,missing_sentiment|missing_source_link,scrape_reviews_for_sentiment,4
LODGE-01211,3 Bed Villa The Dago View,villa,-6.8557,107.645,bandung_raya_valid,5982301.0,Rp 5.982.301,4.8,1.0,0,,Belum tersedia,Ber-AC; Dapur; Bebas asap rokok; Wi-Fi gratis,https://freecancellationscdn-hsbgcwfragasdpfe.z01.azurefd.net/remote/media.vrbo.com/lodging/79000000/78640000/78632100/78632066/d3de9584.jpg?impolicy=ccrop&w=1000&h=666&q=medium&w=1024&h=683&mode=crop&scale=both&anchor=middlecenter&quality=80,,0.9,unique_primary,,,,,4,P2_sentiment_missing,missing_sentiment|missing_source_link,scrape_reviews_for_sentiment,4
LODGE-01362,Griya Keraton Villa by Kozystay - Bandung,villa,-6.8411,107.6594,bandung_raya_valid,4309575.0,Rp 4.309.575,4.75,3.0,0,,Belum tersedia,Ber-AC; Cocok untuk anak; Ranjang bayi; Papan setrika; Dapur; Microwave; Kolam renang luar; Kompor; Bebas asap rokok; TV Kabel; Parkir gratis; Wi-Fi gratis,https://pix8.agoda.net/hotelImages/79258799/0/7cb2c6dc883f4f5f6c458d3e065d8f32.jpg?ce=2,,0.85,unique_primary,,,,,4,P2_sentiment_missing,missing_sentiment|missing_source_link,scrape_reviews_for_sentiment,4
LODGE-01566,Gedung Serba Guna & Villa Ambu,villa,-6.8577,107.6089,bandung_raya_valid,276136.0,Rp 276.136,4.6,5.0,0,,Belum tersedia,,https://lh5.googleusercontent.com/p/bx_5UVe2Qz3SnMOq3yA7dA=s10000,,0.7,unique_primary,,,,,4,P2_sentiment_missing,missing_sentiment|missing_amenities|missing_source_link,scrape_reviews_for_sentiment,3
