penginapan_id,name,property_type_final_after_p3,latitude,longitude,region_validation_label,price_lowest,price_display,overall_rating,reviews,hotel_review_count_analyzed,hotel_adjusted_sentiment_score,hotel_sentiment_label,amenities,primary_image_url,link,data_quality_score,primary_dedupe_status,primary_dedupe_merged_from_ids,data_focus_manual_decision,data_focus_manual_note,data_focus_merge_target_id,completion_priority_order,completion_priority_data_focus,completion_flags_data_focus,completion_route_data_focus,completion_score_data_focus,review_completion_rating_reviews_filled,review_completion_sentiment_filled,review_completion_price_candidate_available,review_completion_note
LODGE-00143,ADS House Padalarang - Guesthouse Aesthetic,guest_house,-6.8495,107.4725,bandung_raya_valid,589091.0,Rp 589.091,,,0,,Belum tersedia,Ber-AC; Kompor; Boleh bawa hewan peliharaan; Bebas asap rokok; TV Kabel; Dapat diakses pengguna kursi roda,https://xx.bstatic.com/xdata/w/hotel/840x460_watermarked_standard/UlYG65CxyC0DxV41jd_wcz_duON1jgEModsMoQcy6oSW8da8BagrMppj1KA0z5UMZXXVZPhod4y5xjqO66oBVOmfF4B3z_r-dP5qmZ69IAcaj9QFUMTeFA==.jpg,https://www.booking.com/hotel/id/ads-house.en-gb.html?aid=2068758&utm_source=seogooglelocal&utm_medium=description&utm_term=hotel-14631479&utm_campaign=en-gb&label=seogooglelocal-link-imagesaow-hotel-14631479_grp-3_gendate-20260524,0.8,unique_primary,,,,,3,P1_rating_reviews_missing,missing_rating_reviews|missing_sentiment,scrape_place_rating_reviews,4,False,False,False,
LODGE-00568,Homestay VV&V,guest_house,-7.1353,107.4067,bandung_raya_valid,360000.0,Rp 360.000,,,0,,Belum tersedia,Penghangat; Mesin cuci,https://xx.bstatic.com/xdata/w/hotel/840x460_watermarked_standard/UlbWNZwXU4abzAHUZuPqe8-dZCUqErtv8Jry1UE2p6gDgt-iVMPA6dT8ec0WIhp1ewcrKzAJX6XCGm9_wdcZu8jpyCDQvHVmcOciypVIWvhqRM1j1Mbp2Q==.jpg,https://www.booking.com/hotel/id/homestay-vv-amp-v.en-gb.html?aid=2068758&utm_source=seogooglelocal&utm_medium=description&utm_term=hotel-16078998&utm_campaign=en-gb&label=seogooglelocal-link-imagesaow-hotel-16078998_grp-2_gendate-20260524,0.8,unique_primary,,,,,3,P1_rating_reviews_missing,missing_rating_reviews|missing_sentiment,scrape_place_rating_reviews,4,False,False,False,
LODGE-00569,Homestay murah ciwidey,guest_house,-7.1195,107.4319,bandung_raya_valid,1678502.0,Rp 1.678.502,,,0,,Belum tersedia,Dapur; TV Kabel; Mesin cuci; Wi-Fi gratis,https://pix8.agoda.net/hotelImages/42074289/0/a8a383759e0a6a24435f715b7aca3d5a.jpg?ce=0&s=312x,https://www.bluepillow.com/search/655206291811a9820ec3f44a?dest=ago&cat=Vacation+rental+(other)&lat=-7.11947&lng=107.43189&language=en,0.8,keep_primary_deduped,LODGE-00697,,,,3,P1_rating_reviews_missing,missing_rating_reviews|missing_sentiment,scrape_place_rating_reviews,4,False,False,False,
LODGE-00836,Syariah Maribaya Family Guest House,guest_house,-6.8167,107.6273,bandung_raya_valid,271744.0,Rp 271.744,,,0,,Belum tersedia,Cocok untuk anak; Bebas asap rokok; TV Kabel; Mesin cuci; Parkir gratis; Wi-Fi gratis,https://q-xx.bstatic.com/xdata/images/hotel/max1024x683/613328707.jpg?k=39b4ffbc5363908a450b3346ada52b086a1778d2c85e4f8b417bc3aa80803548&o=&s=312x,https://www.bluepillow.com/search/67a20d10905c444f2d0272cb?dest=ago&cat=Vacation+rental+(other)&lat=-6.81669&lng=107.62728&language=en,0.8,unique_primary,,,,,3,P1_rating_reviews_missing,missing_rating_reviews|missing_sentiment,scrape_place_rating_reviews,4,False,False,False,
LODGE-00591,Tiara Guest House,guest_house,-6.7975,107.1724,bandung_raya_valid,235090.0,Rp 235.090,,,48,0.7059201132069448,Positif,Ber-AC; TV Kabel; Dapat diakses pengguna kursi roda; Parkir gratis; Wi-Fi gratis,https://pix8.agoda.net/hotelImages/39338728/0/2192e57a520f50724e40a8c16d878094.jpg?ce=0&s=312x,https://www.bluepillow.com/search/67a221ad905c444f2d035e29?dest=ago&cat=Vacation+rental+(other)&lat=-6.79752&lng=107.17242&language=en,0.8,unique_primary,,,,,3,P1_rating_reviews_missing,missing_rating_reviews,scrape_place_rating_reviews,5,False,False,False,
LODGE-00010,Wildan Guesthouse,guest_house,-6.8017,107.0619,bandung_raya_valid,1379101.0,Rp 1.379.101,,,0,,Belum tersedia,Gym; Dapur; Parkir gratis; Wi-Fi gratis,https://pix8.agoda.net/hotelImages/agoda-homes/9742517/0a4046509be42c1b885838851b6312d2.jpg?ca=9&ce=1,https://www.agoda.com/wildan-guesthouse/hotel/puncak-id.html,0.8,unique_primary,,,,,3,P1_rating_reviews_missing,missing_rating_reviews|missing_sentiment,scrape_place_rating_reviews,4,False,False,False,
LODGE-00212,Tirtasari Nice Guest House,guest_house,-6.875,107.5757,bandung_raya_valid,160025.0,Rp 160.025,,,22,0.6012327264564037,Positif,Ber-AC; Bebas asap rokok; TV Kabel; Parkir gratis; Wi-Fi gratis,https://static.cupid.travel/hotels/596794055.jpg,https://www.bluepillow.com/search/68e3dcf2f93025efadac04c7?dest=nuit&cat=&lat=-6.87502&lng=107.57574&language=en,0.75,unique_primary,,,,,3,P1_rating_reviews_missing,missing_rating_reviews,scrape_place_rating_reviews,5,False,False,False,
LODGE-00631,Alma Strawberry ( Home stay ),guest_house,-7.1323,107.4169,bandung_raya_valid,732067.0,Rp 732.067,,,0,,Belum tersedia,Dapur; TV Kabel,https://pix8.agoda.net/hotelImages/64309806/0/cfdaf06afa989a1f6c1b3b113bc4c289.jpg?ce=0,,0.7,unique_primary,,,,,3,P1_rating_reviews_missing,missing_rating_reviews|missing_sentiment|missing_source_link,scrape_place_rating_reviews,3,False,False,False,
LODGE-01575,Kost harian/penginapan peri,guest_house,-6.9446,107.5953,bandung_raya_valid,142648.0,Rp 142.648,,,0,,Belum tersedia,Ber-AC; Balkon; TV Kabel; Parkir gratis; Wi-Fi gratis,https://pix8.agoda.net/geo/poi/141593/2e5d52196bc3ad684899f68bf2a94d2e.jpg?ca=19&ce=1,,0.7,unique_primary,,,,,3,P1_rating_reviews_missing,missing_rating_reviews|missing_sentiment|missing_source_link,scrape_place_rating_reviews,3,False,False,False,
LODGE-00730,VV&V HomeStay,guest_house,-7.131,107.4208,bandung_raya_valid,900000.0,Rp 900.000,,,0,,Belum tersedia,,https://xx.bstatic.com/xdata/w/hotel/840x460_watermarked_standard/UlbWNZwXU4abzGGGMlMy1N-IJ0fLMXNOKfg6IKMF9Z0ke9idkDeSoFNLLlNtXmQVyWR-efJQO-IQq1Xnz1u6hWcA8gakGrrfwBgMt2atWLW5LvHznrImKg==.jpg,https://www.booking.com/hotel/id/vv-amp-v-homestay.en-gb.html?aid=2068758&utm_source=seogooglelocal&utm_medium=description&utm_term=hotel-14791791&utm_campaign=en-gb&label=seogooglelocal-link-imagesaow-hotel-14791791_grp-3_gendate-20260524,0.65,unique_primary,,,,,3,P1_rating_reviews_missing,missing_rating_reviews|missing_sentiment|missing_amenities,scrape_place_rating_reviews,3,False,False,False,
LODGE-01543,OYO 944 Doorman Residence,hotel,-6.918,107.5996,bandung_raya_valid,244106.0,Rp 244.106,,,0,,Belum tersedia,Ber-AC; Cocok untuk anak; Bebas asap rokok; TV Kabel; Dapat diakses pengguna kursi roda; Parkir gratis; Wi-Fi gratis,https://q-xx.bstatic.com/xdata/images/hotel/max1024x683/201583156.jpg?k=d46b79e965eaefe29639937d495f73538a1f1e98d91fcf29d87c13f3884250ea&o=&s=312x,https://www.bluepillow.com/search/61828d159e3163a56a29a8ed?dest=ago&cat=Vacation+rental+(other)&lat=-6.91797&lng=107.59957&language=en,0.75,unique_primary,,,,,3,P1_rating_reviews_missing,missing_rating_reviews|missing_sentiment,scrape_place_rating_reviews,4,False,False,False,
LODGE-00475,Buana Glamping,vacation_rental,-7.191,107.5794,bandung_raya_valid,940173.0,Rp 940.173,,,0,,Belum tersedia,Parkir gratis; Wi-Fi gratis,https://pix8.agoda.net/hotelImages/55892891/-1/a6a88b5e4c7551f8e76279ceae3184ee.jpg?ce=0,https://www.agoda.com/buana-glamping/hotel/bandung-id.html,0.85,unique_primary,,,,,3,P1_rating_reviews_missing,missing_rating_reviews|missing_sentiment,scrape_place_rating_reviews,4,False,False,False,
LODGE-00476,Bumina EENK,vacation_rental,-7.233,107.5215,bandung_raya_valid,1755000.0,Rp 1.755.000,,,0,,Belum tersedia,Dapur; Bebas asap rokok,https://xx.bstatic.com/xdata/w/hotel/840x460_watermarked_standard/UlbWNZwXU4abzKyqgb9QlOeHml38ntrNf06470YVB0GE6rYbBWpSTCN1X7UifO4y9gXdSWAKozSqz4fKsF8yZPoSijt5-zY4OYPxQtqATbHnBaOUReGHgQ==.jpg,https://www.booking.com/hotel/id/bumina-eenk.en-gb.html?aid=2068758&utm_source=seogooglelocal&utm_medium=description&utm_term=hotel-11239238&utm_campaign=en-gb&label=seogooglelocal-link-imagesaow-hotel-11239238_grp-2_gendate-20260524,0.85,unique_primary,,,,,3,P1_rating_reviews_missing,missing_rating_reviews|missing_sentiment,scrape_place_rating_reviews,4,False,False,False,
LODGE-00113,Maple Dome Glamping - Tent,vacation_rental,-6.8036,107.5482,bandung_raya_valid,1271171.0,Rp 1.271.171,,,0,,Belum tersedia,Ber-AC; Kolam renang di dalam ruangan; Pemanggang luar ruang; Parkir gratis,https://q-xx.bstatic.com/xdata/images/hotel/max1024x683/751186505.jpg?k=d7e54ccff49c432d12276848ee796e29e0a8361bbf42750092083caa7094932b&o=&a=1538557,https://www.bluepillow.com/search/6949a51b5c042e01bacd880e?dest=bkng&cat=House&lat=-6.8036&lng=107.54823&language=en,0.85,unique_primary,,,,,3,P1_rating_reviews_missing,missing_rating_reviews|missing_sentiment,scrape_place_rating_reviews,4,False,False,False,
LODGE-00477,Taman Wisata Bougenville by Kozystay,vacation_rental,-7.111,107.6019,bandung_raya_valid,3602977.0,Rp 3.602.977,,,0,0.6601710244617693,Belum tersedia,Kolam renang luar; Bebas asap rokok; Parkir gratis; Wi-Fi gratis,https://media.vrbo.com/lodging/121000000/120100000/120091300/120091278/3f367dd1.jpg,https://www.vrbo.com/pdp/lo/120091278?MDPCID=VRBO-META.HPA.WEB-ORGANIC.VR,0.85,keep_primary_deduped,LODGE-00478|LODGE-00483,,,,3,P1_rating_reviews_missing,missing_rating_reviews|missing_sentiment,scrape_place_rating_reviews,4,False,False,False,
LODGE-00147,Arumnala with butler and Breakfast at KBP,vacation_rental,-6.8636,107.4573,bandung_raya_valid,2722638.0,Rp 2.722.638,,,29,0.7094100944356169,Positif,Ber-AC; Papan setrika; Dapur; TV Kabel; Mesin cuci; Parkir gratis; Wi-Fi gratis,https://pix8.agoda.net/hotelImages/63281264/0/a19a49f83abe24110b1665772ad719ef.jpg?ce=0&s=312x,https://www.bluepillow.com/search/67a2424f905c444f2d0be066?dest=ago&cat=Vacation+rental+(other)&lat=-6.86364&lng=107.45731&language=en,0.8,keep_primary_deduped,LODGE-00148,,,,3,P1_rating_reviews_missing,missing_rating_reviews,scrape_place_rating_reviews,5,False,False,False,
LODGE-00151,Casa Miera,vacation_rental,-6.8687,107.454,bandung_raya_valid,3207168.0,Rp 3.207.168,,,0,,Belum tersedia,Ber-AC; Dapur,https://xx.bstatic.com/xdata/w/hotel/840x460_watermarked_standard/UlYG65CxyC0DxVkuorNyZ-Ovz6wivy7mGECUlZl7LzIS1DNQbgEMwJkJ4eOTLaWZxrWWSR_1HxeuQMCkfh50bjmr2GTvT5q-sBVcgJRLwGWl-uAwszPE-Q==.jpg,https://www.booking.com/hotel/id/casa-miera.en-gb.html?aid=2068758&utm_source=seogooglelocal&utm_medium=description&utm_term=hotel-15861779&utm_campaign=en-gb&label=seogooglelocal-link-imagesaow-hotel-15861779_grp-3_gendate-20260524,0.8,unique_primary,,,,,3,P1_rating_reviews_missing,missing_rating_reviews|missing_sentiment,scrape_place_rating_reviews,4,False,False,False,
LODGE-00561,Ciwidey Hills & Wetland Family 2,vacation_rental,-7.1228,107.4218,bandung_raya_valid,1260001.0,Rp 1.260.001,,,0,,Belum tersedia,Dapur,https://xx.bstatic.com/xdata/w/hotel/840x460_watermarked_standard/UlbWNZwXU4abzFaa682VxXCWdCRh3jvcKNO6Zgz7DMK7OJtRrQXRopfq7htej30GPBjRiPUsaby63QWyK8b5WeBC_uA0uzXu6nnnctZgc892DMtoxjQlMg==.jpg,https://www.booking.com/hotel/id/ciwidey-hills-amp-wetland-family-2.en-gb.html?aid=2068758&utm_source=seogooglelocal&utm_medium=description&utm_term=hotel-13410772&utm_campaign=en-gb&label=seogooglelocal-link-imagesaow-hotel-13410772_grp-0_gendate-20260524,0.8,unique_primary,,,,,3,P1_rating_reviews_missing,missing_rating_reviews|missing_sentiment,scrape_place_rating_reviews,4,False,False,False,
LODGE-01430,Collection O 3130 D'Valley View - Family Suite,vacation_rental,-6.8221,107.6093,bandung_raya_valid,166982.0,Rp 166.982,,,29,0.1813379258801804,Negatif,Ber-AC; Elevator; Dapur; Bebas asap rokok; TV Kabel; Parkir gratis; Wi-Fi gratis,https://static.cupid.travel/hotels/283211870.jpg,https://www.bluepillow.com/search/5eb453a467a9d10d04255e50?dest=bkng&cat=&lat=-6.82213&lng=107.60931&language=en,0.8,unique_primary,,,,,3,P1_rating_reviews_missing,missing_rating_reviews,scrape_place_rating_reviews,5,False,False,False,
LODGE-01440,Cozy home hideaway in Bandung,vacation_rental,-7.0114,107.5726,bandung_raya_valid,328625.0,Rp 328.625,,,0,,Belum tersedia,Ber-AC; Papan setrika; Dapur; TV Kabel; Mesin cuci; Parkir gratis; Wi-Fi gratis,https://pix8.agoda.net/hotelImages/64334303/0/885f3025d27517fbf5210fe509ed92d1.jpg?ce=0&s=312x,https://www.bluepillow.com/search/67a243b6905c444f2d0d0d3b?dest=ago&cat=Vacation+rental+(other)&lat=-7.0114&lng=107.57262&language=en,0.8,unique_primary,,,,,3,P1_rating_reviews_missing,missing_rating_reviews|missing_sentiment,scrape_place_rating_reviews,4,False,False,False,
LODGE-00565,Datar Pinus Cabin Mezzanine 18-1,vacation_rental,-7.1855,107.55,bandung_raya_valid,634604.0,Rp 634.604,,,0,0.6469663868167073,Belum tersedia,TV Kabel; Parkir gratis; Wi-Fi gratis,https://pix8.agoda.net/hotelImages/62943434/0/1821da38bbe97ca8cbe7b551bfb68e7c.jpg?ce=0&s=312x,https://www.bluepillow.com/search/67a241fe905c444f2d0b6b3b?dest=ago&cat=Vacation+rental+(other)&lat=-7.18547&lng=107.55004&language=en,0.8,keep_primary_deduped,LODGE-00687,,,,3,P1_rating_reviews_missing,missing_rating_reviews|missing_sentiment,scrape_place_rating_reviews,4,False,False,False,
LODGE-00566,Desaku Indah Home-Stay,vacation_rental,-6.8118,107.1451,bandung_raya_valid,298686.0,Rp 298.686,,,0,,Belum tersedia,Cocok untuk anak; Papan setrika; Boleh bawa hewan peliharaan; Parkir gratis; Wi-Fi gratis,https://pix8.agoda.net/hotelImages/13342511/0/e48ddb31a381c0dcda6940c834ccd311.jpg?ca=29&ce=0&s=312x,https://www.bluepillow.com/search/618288949e3163a56a251afd?dest=ago&cat=Apartment&lat=-6.81177&lng=107.14506&language=en,0.8,manual_resolved_keep_separate,,,,,3,P1_rating_reviews_missing,missing_rating_reviews|missing_sentiment,scrape_place_rating_reviews,4,False,False,False,
LODGE-00006,Desaku Indah Home-stay,vacation_rental,-6.8002,107.0624,bandung_raya_valid,302781.0,Rp 302.781,,,0,,Belum tersedia,Papan setrika; TV Kabel; Mesin cuci; Parkir gratis; Wi-Fi gratis,https://pix8.agoda.net/hotelImages/31669633/0/6355306d6278fec78c246dd4447e222c.jpg?ca=29&ce=0&s=312x,https://www.bluepillow.com/search/62de8c21de4e4eebed151a65?dest=ago&cat=Apartment&lat=-6.80023&lng=107.0624&language=en,0.8,manual_resolved_keep_separate,,,,,3,P1_rating_reviews_missing,missing_rating_reviews|missing_sentiment,scrape_place_rating_reviews,4,False,False,False,
LODGE-00567,Gede pangrango resort n cafe,vacation_rental,-6.8115,107.1456,bandung_raya_valid,504301.0,Rp 504.301,,,21,0.6737579027211446,Positif,Dapur; TV Kabel; Parkir gratis; Wi-Fi gratis,https://pix8.agoda.net/hotelImages/35674737/0/a1bc1766df098c81dbcc1e601863f53e.jpg?ce=0&s=312x,https://www.bluepillow.com/search/639a1b87df5d94a879febbe4?dest=ago&cat=Villa&lat=-6.81153&lng=107.14558&language=en,0.8,keep_primary_deduped,LODGE-00692,,,,3,P1_rating_reviews_missing,missing_rating_reviews,scrape_place_rating_reviews,5,False,False,False,
LODGE-00160,Hanna Home at Kota Baru Parahyangan KBP,vacation_rental,-6.8696,107.4559,bandung_raya_valid,975737.0,Rp 975.737,,,1,0.5973286813123249,Positif,Dapur; Mesin cuci; Parkir gratis; Wi-Fi gratis,https://pix8.agoda.net/hotelImages/65972420/0/ff899a3eb53cc1a9f5adb5c89095812c.jpg?ce=2,https://www.agoda.com/hanna-home/hotel/bandung-id.html,0.8,unique_primary,,,,,3,P1_rating_reviews_missing,missing_rating_reviews,scrape_place_rating_reviews,5,False,False,False,
LODGE-00163,Imah Safina Cozy Private Home Syariah Padalarang,vacation_rental,-6.8497,107.5115,bandung_raya_valid,1166025.0,Rp 1.166.025,,,0,,Belum tersedia,Balkon; Dapur; Parkir gratis,https://q-xx.bstatic.com/xdata/images/hotel/max500/522934635.jpg?k=dfa88f5a555bb8cb64f01d2ff233fc59d9f29734a609fcddc1abacae796b185d&o=,https://www.agoda.com/imah-safina-cozy-private-home-in-ngamprah/hotel/bandung-id.html,0.8,unique_primary,,,,,3,P1_rating_reviews_missing,missing_rating_reviews|missing_sentiment,scrape_place_rating_reviews,4,False,False,False,
LODGE-01455,"Jardin, City View, Netflix WIFI",vacation_rental,-6.892,107.605,bandung_raya_valid,317927.0,Rp 317.927,,,0,,Belum tersedia,Ber-AC; Papan setrika; Dapur; Boleh bawa hewan peliharaan; TV Kabel; Dapat diakses pengguna kursi roda; Parkir gratis,https://q-xx.bstatic.com/xdata/images/hotel/max1024x683/636963586.jpg?k=d7a592843503a47a684ce45da3da72619e41462f8240d54d30504e4b73bea2d5&o=&s=312x,https://www.bluepillow.com/search/67a2441f905c444f2d0da1fd?dest=ago&cat=Vacation+rental+(other)&lat=-6.892&lng=107.60499&language=en,0.8,unique_primary,,,,,3,P1_rating_reviews_missing,missing_rating_reviews|missing_sentiment,scrape_place_rating_reviews,4,False,False,False,
LODGE-01460,Jasmine 37 House,vacation_rental,-7.0067,107.5564,bandung_raya_valid,481543.0,Rp 481.543,,,0,,Belum tersedia,Dapur; Parkir gratis; Wi-Fi gratis,https://pix8.agoda.net/hotelImages/48794823/0/5104415a00e57456757f0e37e4a304b7.jpg?ce=0,https://www.agoda.com/jasmine-37-house/hotel/bandung-id.html,0.8,unique_primary,,,,,3,P1_rating_reviews_missing,missing_rating_reviews|missing_sentiment,scrape_place_rating_reviews,4,False,False,False,
LODGE-00570,Karna,vacation_rental,-7.1113,107.4969,bandung_raya_valid,295477.0,Rp 295.477,,,0,,Belum tersedia,Balkon; Pemanggang luar ruang; Kolam renang luar,https://pix8.agoda.net/hotelImages/58282343/0/f59cbbf12ae36562cdab7c4638fb410a.jpg?ce=0,https://www.agoda.com/karna/hotel/bandung-id.html,0.8,unique_primary,,,,,3,P1_rating_reviews_missing,missing_rating_reviews|missing_sentiment,scrape_place_rating_reviews,4,False,False,False,
LODGE-00571,Kresna,vacation_rental,-7.1114,107.4968,bandung_raya_valid,1068255.0,Rp 1.068.255,,,0,,Belum tersedia,Balkon; Dapur; Pemanggang luar ruang; Kolam renang luar; Parkir gratis,https://pix8.agoda.net/hotelImages/56157672/0/9eee09d4eecd03b3b4cc4e46e49749b6.jpg?ce=0,https://www.agoda.com/kresna/hotel/bandung-id.html,0.8,unique_primary,,,,,3,P1_rating_reviews_missing,missing_rating_reviews|missing_sentiment,scrape_place_rating_reviews,4,False,False,False,
LODGE-01462,M'Square Commercial Suites,vacation_rental,-6.9442,107.5946,bandung_raya_valid,314717.0,Rp 314.717,,,0,,Belum tersedia,Ber-AC; Cocok untuk anak; Dapur; TV Kabel; Dapat diakses pengguna kursi roda; Parkir gratis; Wi-Fi gratis,https://pix8.agoda.net/hotelImages/58940078/0/a7286227ee47ffe0132ffa48b62787ea.jpg?ce=0&s=312x,https://www.bluepillow.com/search/67a23e00905c444f2d07e649?dest=ago&cat=Vacation+rental+(other)&lat=-6.9442&lng=107.59456&language=en,0.8,unique_primary,,,,,3,P1_rating_reviews_missing,missing_rating_reviews|missing_sentiment,scrape_place_rating_reviews,4,False,False,False,
LODGE-00572,Madukara 2,vacation_rental,-7.1114,107.4968,bandung_raya_valid,1196494.0,Rp 1.196.494,,,0,,Belum tersedia,Balkon; Dapur; Pemanggang luar ruang; Kolam renang luar; Parkir gratis,https://pix8.agoda.net/hotelImages/55771869/0/9eee09d4eecd03b3b4cc4e46e49749b6.jpg?ce=0,https://www.agoda.com/vila-dengan-kolam-renang-n-view-pegunungan-ciwidey/hotel/bandung-id.html,0.8,unique_primary,,,,,3,P1_rating_reviews_missing,missing_rating_reviews|missing_sentiment,scrape_place_rating_reviews,4,False,False,False,
LODGE-00578,Regan Luxcamp by Digihub Hospitality - Tent,vacation_rental,-7.1845,107.5469,bandung_raya_valid,1307409.0,Rp 1.307.409,,,0,,Belum tersedia,Cocok untuk anak; Bebas asap rokok,https://freecancellationscdn-hsbgcwfragasdpfe.z01.azurefd.net/remote/images.trvl-media.com/lodging/114000000/113400000/113396900/113396836/f501e39d.jpg?impolicy=ccrop&w=1000&h=666&q=medium&w=1024&h=683&mode=crop&scale=both&anchor=middlecenter&quality=80,https://www.freecancellations.com/search/F2cjQQEBHHAHV1BVXlkEEggLD01kFl0T?lat=-7.18447&lng=107.54685&language=en,0.8,unique_primary,,,,,3,P1_rating_reviews_missing,missing_rating_reviews|missing_sentiment,scrape_place_rating_reviews,4,False,False,False,
LODGE-00581,SHAKILLA House Syariah Cianjur,vacation_rental,-6.8282,107.132,bandung_raya_valid,744544.0,Rp 744.544,,,32,0.7290424274883901,Positif,Ber-AC; Dapur; Kompor; Boleh bawa hewan peliharaan; TV Kabel; Dapat diakses pengguna kursi roda,https://xx.bstatic.com/xdata/w/hotel/840x460_watermarked_standard/UlYG65CxyC0DxY_W7z9RtgA7UiECcVTArf80gdX2-srFR197j8_ZttjAIrG9Ll6GRF1q6IUL1k7BGPnXFq6CDgDjTrKcMXr_GwO98jCEg-UVn7_DGwbfXg==.jpg,https://www.booking.com/hotel/id/shakilla-guest-house-cianjur.en-gb.html?aid=2068758&utm_source=seogooglelocal&utm_medium=description&utm_term=hotel-5272261&utm_campaign=en-gb&label=seogooglelocal-link-imagesaow-hotel-5272261_grp-1_gendate-20260524,0.8,unique_primary,,,,,3,P1_rating_reviews_missing,missing_rating_reviews,scrape_place_rating_reviews,5,False,False,False,
LODGE-00582,Sadewa,vacation_rental,-7.1114,107.4969,bandung_raya_valid,295470.0,Rp 295.470,,,0,,Belum tersedia,Balkon; Pemanggang luar ruang; Kolam renang luar; Parkir gratis,https://pix8.agoda.net/hotelImages/56158740/0/9eee09d4eecd03b3b4cc4e46e49749b6.jpg?ce=0,https://www.agoda.com/sadewa/hotel/bandung-id.html,0.8,unique_primary,,,,,3,P1_rating_reviews_missing,missing_rating_reviews|missing_sentiment,scrape_place_rating_reviews,4,False,False,False,
LODGE-00583,Salya Atas,vacation_rental,-7.1114,107.4968,bandung_raya_valid,328491.0,Rp 328.491,,,0,,Belum tersedia,Balkon; Pemanggang luar ruang; Kolam renang luar; Parkir gratis,https://pix8.agoda.net/hotelImages/55986549/0/9eee09d4eecd03b3b4cc4e46e49749b6.jpg?ce=0,https://www.agoda.com/salya/hotel/bandung-id.html,0.8,unique_primary,,,,,3,P1_rating_reviews_missing,missing_rating_reviews|missing_sentiment,scrape_place_rating_reviews,4,False,False,False,
LODGE-00584,Seribu Pulau Pangalengan,vacation_rental,-7.1902,107.5504,bandung_raya_valid,719218.0,Rp 719.218,,,0,,Belum tersedia,Ber-AC; Boleh bawa hewan peliharaan; Parkir gratis,https://pix8.agoda.net/hotelImages/61368613/0/1a9fcf4677c480a573c70202f8cfc16f.jpg?ce=0&s=312x,https://www.bluepillow.com/search/67a240c8905c444f2d0a3c76?dest=ago&cat=Vacation+rental+(other)&lat=-7.19025&lng=107.55041&language=en,0.8,unique_primary,,,,,3,P1_rating_reviews_missing,missing_rating_reviews|missing_sentiment,scrape_place_rating_reviews,4,False,False,False,
LODGE-00586,Shakilla House 2 Syariah Rancagoong Cianjur,vacation_rental,-6.8453,107.1136,bandung_raya_valid,730102.0,Rp 730.102,,,0,,Belum tersedia,Ber-AC; Dapur; TV Kabel; Parkir gratis; Wi-Fi gratis,https://pix8.agoda.net/hotelImages/agoda-homes/11769744/c06d33f8d2d8f50184f19c0f29301d2b.jpg?ca=9&ce=1&s=312x,https://www.bluepillow.com/search/6182884a9e3163a56a24c617?dest=ago&cat=House&lat=-6.84533&lng=107.11362&language=en,0.8,keep_primary_deduped,LODGE-00785,,,,3,P1_rating_reviews_missing,missing_rating_reviews|missing_sentiment,scrape_place_rating_reviews,4,False,False,False,
LODGE-00589,Shakilla House 6C Syariah Cigalumpit Cianjur,vacation_rental,-6.8162,107.1715,bandung_raya_valid,617248.0,Rp 617.248,,,0,,Belum tersedia,Ber-AC; Dapur,https://xx.bstatic.com/xdata/w/hotel/840x460_watermarked_standard/UlYG65CxyC0DxScD4JFsKuz6882qKNi5XP3CI_7fqZpHKnWRBXnUp4MgUq_hiZyVq_HJOciSB-SPhQzHKOvCN26_dMvshwYJqK5hRvR22TQ5KSXeyckBNw==.jpg,https://www.booking.com/hotel/id/shakilla-house-6c-syariah-cigalumpit-cianjur.en-gb.html?aid=2068758&utm_source=seogooglelocal&utm_medium=description&utm_term=hotel-14794772&utm_campaign=en-gb&label=seogooglelocal-link-imagesaow-hotel-14794772_grp-0_gendate-20260524,0.8,unique_primary,,,,,3,P1_rating_reviews_missing,missing_rating_reviews|missing_sentiment,scrape_place_rating_reviews,4,False,False,False,
LODGE-00590,Srikandi,vacation_rental,-7.1114,107.4968,bandung_raya_valid,952965.0,Rp 952.965,,,0,,Belum tersedia,Balkon; Dapur; Pemanggang luar ruang; Kolam renang luar; Parkir gratis,https://pix8.agoda.net/hotelImages/56157773/0/21d942c000d427301d0d75d417a446f3.jpg?ce=0,https://www.agoda.com/srikandi/hotel/bandung-id.html,0.8,unique_primary,,,,,3,P1_rating_reviews_missing,missing_rating_reviews|missing_sentiment,scrape_place_rating_reviews,4,False,False,False,
LODGE-00175,Suarga Loka,vacation_rental,-6.8304,107.5526,bandung_raya_valid,2250000.0,Rp 2.250.000,,,0,,Belum tersedia,Parkir gratis; Wi-Fi gratis,https://pix8.agoda.net/hotelImages/68783218/0/fd12801e1aec1033b9cf70b09bc2655c.jpg?ce=2,https://www.agoda.com/suarga-loka/hotel/bandung-id.html,0.8,unique_primary,,,,,3,P1_rating_reviews_missing,missing_rating_reviews|missing_sentiment,scrape_place_rating_reviews,4,False,False,False,
LODGE-00482,Villà mandala,vacation_rental,-7.186,107.5861,bandung_raya_valid,4909091.0,Rp 4.909.091,,,89,0.7717863146060366,Positif,Bebas asap rokok,https://xx.bstatic.com/xdata/w/hotel/840x460_watermarked_standard/UlYG65CxyC0DxRoMbpRD1Uc4Q8_DUBuJT5IxCpxPtP_BOSnetFONh2WJev3AMDqJn6kkNbMIXWEcYQROpMkiZycDs8ZmfX_fqoT11OftcLiJq83xPUnMtA==.jpg,https://www.booking.com/hotel/id/villa-mandala-kabupaten-bandung.en-gb.html?aid=2068758&utm_source=seogooglelocal&utm_medium=description&utm_term=hotel-14850062&utm_campaign=en-gb&label=seogooglelocal-link-imagesaow-hotel-14850062_grp-2_gendate-20260524,0.8,unique_primary,,,,,3,P1_rating_reviews_missing,missing_rating_reviews,scrape_place_rating_reviews,5,False,False,False,
LODGE-01504,WABS Syariah,vacation_rental,-6.9296,107.6262,bandung_raya_valid,270496.0,Rp 270.496,,,0,,Belum tersedia,Ber-AC; Bebas asap rokok; TV Kabel; Parkir gratis,https://q-xx.bstatic.com/xdata/images/hotel/max1024x683/616340214.jpg?k=84bdb367aef16a6bff17ab2ec2bc3c9f9622b691e973135344ea3844785ac498&o=&s=312x,https://www.bluepillow.com/search/67a2425b905c444f2d0bf6d0?dest=ago&cat=Vacation+rental+(other)&lat=-6.92962&lng=107.62622&language=en,0.8,unique_primary,,,,,3,P1_rating_reviews_missing,missing_rating_reviews|missing_sentiment,scrape_place_rating_reviews,4,False,False,False,
LODGE-01505,Wisma 812 Khusus Putra,vacation_rental,-6.8945,107.6392,bandung_raya_valid,148532.0,Rp 148.532,,,0,,Belum tersedia,Parkir gratis,https://q-xx.bstatic.com/xdata/images/hotel/max1024x683/562748859.jpg?k=686a993c508b94c7ff4e34e89d29feb2e54f52a4bd4b8bf6a8633e78a8fe03bc&o=&s=312x,https://www.bluepillow.com/search/67a23c75905c444f2d072084?dest=ago&cat=Vacation+rental+(other)&lat=-6.89446&lng=107.63916&language=en,0.8,unique_primary,,,,,3,P1_rating_reviews_missing,missing_rating_reviews|missing_sentiment,scrape_place_rating_reviews,4,False,False,False,
LODGE-00837,pnd property,vacation_rental,-6.8133,107.6571,bandung_raya_valid,403201.0,Rp 403.201,,,0,,Belum tersedia,Ber-AC; Dapur,https://xx.bstatic.com/xdata/w/hotel/840x460_watermarked_standard/UlYG65CxyC0DxZTXDfKNlouKXtxNs1-KNe8aTnXh3XF8tIsw4nJEXjtyB0eJ5lRKccNFmEi7ebPWNtd5CqVIf3rVNad9QjsrOMdZ-VPZpRIrRzUL8VwCFA==.jpg,https://www.booking.com/hotel/id/pnd-property.en-gb.html?aid=2068758&utm_source=seogooglelocal&utm_medium=description&utm_term=hotel-13911665&utm_campaign=en-gb&label=seogooglelocal-link-imagesaow-hotel-13911665_grp-1_gendate-20260524,0.8,unique_primary,,,,,3,P1_rating_reviews_missing,missing_rating_reviews|missing_sentiment,scrape_place_rating_reviews,4,False,False,False,
LODGE-00616,Bobocabin Kawah Ciwidey Bandung,vacation_rental,-7.1775,107.3946,bandung_raya_valid,2974535.0,Rp 2.974.535,,,22,0.5796628635174912,Positif,Dapur,https://media.vrbo.com/lodging/113000000/112380000/112370500/112370482/ef4a635e.jpg?impolicy=ccrop&w=1000&h=666&q=medium,https://www.bluepillow.com/search/6811558ea74f8eb5bd285adf?dest=bpex&cat=Cabin&lat=-7.17745&lng=107.39457&language=en,0.75,unique_primary,,,,,3,P1_rating_reviews_missing,missing_rating_reviews,scrape_place_rating_reviews,5,False,False,False,
LODGE-01533,Easton Park Naffi Rooms by Mustika,vacation_rental,-6.936,107.7651,bandung_raya_valid,238044.0,Rp 238.044,,,259,0.6642383551320543,Positif,Ber-AC; Kolam renang di dalam ruangan; Mesin cuci; Wi-Fi gratis,https://images.trvl-media.com/lodging/126000000/125170000/125161800/125161763/d8b45dfa_z.jpg,,0.75,unique_primary,,,,,3,P1_rating_reviews_missing,missing_rating_reviews|missing_source_link,scrape_place_rating_reviews,4,False,False,False,
LODGE-00618,Giri Home & Travel,vacation_rental,-7.0921,107.4742,bandung_raya_valid,612000.0,Rp 612.000,,,3,0.6085876439005449,Positif,Jemputan bandara; Balkon; Cocok untuk anak; Ranjang bayi; Kolam renang di dalam ruangan; Papan setrika; Dapur; Bebas asap rokok; TV Kabel; Dapat diakses pengguna kursi roda; Parkir gratis; Wi-Fi gratis,https://p.fih.io/v2/nSr0o-3gbZN8o1xMecXCcG-BkDeQVo3k-wOeVogkTe7ajuFOX7O-WA8aRWhXz1jsToZif_TsA_xCWfhWRa0ZqJWdtioy1WAqJyvQSsRPwBnzpyLpJ4H6-yyRI7fEnK2zLSp1qpqiIFK_KTF4en3ketkYyx1j1dLbUfhlOgkNcIcn9PwNtk_AU2csYWt6dZQ5HrU9YH_Mi1sOBJIp-_VR0o0tdfMtAxxDIiyYD4BSyNiZqAt1xXDKjOEhYqjEzXNlZvlZr3EwuOHUh4hANmGSisC4h7-DTktP9tNbouiPaQZ4OCFwEhjRY-A8ePJ9Uldy4T87SVhJaCmoaWk-_3XmyoPAZE8kPHeod_SAAmf4E-CeBPDhsV0zjwUDu5-t5UVY5R_5RRfFEiFjkRkZ1hssNTJxnW7sewgFzFLSxQV5-jW3o4VUOpFfwspylPTolWohIHKQ2--S9EjJyBStyyKD0NLZHz3fkbpX8WS37C3jBHX4t8RuMpKRG_D_ID4oEkvkaw_XbdLV0xlmQ6n49De6lX2jmoeDpF9R,,0.75,unique_primary,,,,,3,P1_rating_reviews_missing,missing_rating_reviews|missing_source_link,scrape_place_rating_reviews,4,False,False,False,
LODGE-00621,OZ Cabin by Farmstay Managel,vacation_rental,-6.7861,107.1329,bandung_raya_valid,450173.0,Rp 450.173,,,0,,Belum tersedia,Jemputan bandara; Sarapan gratis; Pemanggang luar ruang; Kolam renang luar; Boleh bawa hewan peliharaan; Mesin cuci; Parkir gratis; Wi-Fi gratis,https://images.trvl-media.com/lodging/124000000/123820000/123814000/123813940/255afb68_z.jpg,https://www.us.despegar.com/hotels/h-6932280,0.75,keep_primary_deduped,LODGE-00797,,,,3,P1_rating_reviews_missing,missing_rating_reviews|missing_sentiment,scrape_place_rating_reviews,4,False,False,False,
LODGE-01549,Rehat at Paskal Pelangi,vacation_rental,-6.9099,107.598,bandung_raya_valid,161727.0,Rp 161.727,,,22,0.667176788060932,Positif,Ber-AC,https://images.trvl-media.com/lodging/115000000/114180000/114176000/114175986/f5e75070.jpg?impolicy=ccrop&w=1000&h=666&q=medium,https://www.bluepillow.com/search/68115fd3a74f8eb5bd2a63f1?dest=bpex&cat=&lat=-6.90988&lng=107.59799&language=en,0.75,unique_primary,,,,,3,P1_rating_reviews_missing,missing_rating_reviews,scrape_place_rating_reviews,5,False,False,False,
LODGE-00011,Rice Field View,vacation_rental,-6.837,107.085,bandung_raya_valid,1339800.0,Rp 1.339.800,,,0,,Belum tersedia,Balkon; Dapur; Kompor; Boleh bawa hewan peliharaan; Mesin cuci; Parkir gratis,https://images.trvl-media.com/lodging/65000000/64740000/64738200/64738112/a0e85469_z.jpg,https://www.us.despegar.com/hotels/h-6753697,0.75,keep_primary_deduped,LODGE-00024,,,,3,P1_rating_reviews_missing,missing_rating_reviews|missing_sentiment,scrape_place_rating_reviews,4,False,False,False,
LODGE-00632,Baladewa,vacation_rental,-7.1114,107.4969,bandung_raya_valid,591120.0,Rp 591.120,,,0,,Belum tersedia,Balkon; Dapur; Pemanggang luar ruang; Kolam renang luar; TV Kabel; Parkir gratis,https://pix8.agoda.net/hotelImages/55769750/0/7f9f3a594b578fc1549d4500e84c8bb4.jpg?ce=0,,0.7,unique_primary,,,,,3,P1_rating_reviews_missing,missing_rating_reviews|missing_sentiment|missing_source_link,scrape_place_rating_reviews,3,False,False,False,
LODGE-00648,Subali,vacation_rental,-7.1113,107.4965,bandung_raya_valid,317622.0,Rp 317.622,,,18,0.6186049006018969,Positif,Balkon; Pemanggang luar ruang; Kolam renang luar; TV Kabel; Parkir gratis,https://pix8.agoda.net/hotelImages/55648897/0/221aa01068ffe83c0a0eeebd10c72778.jpg?ce=0&s=312x,,0.7,unique_primary,,,,,3,P1_rating_reviews_missing,missing_rating_reviews|missing_source_link,scrape_place_rating_reviews,4,False,False,False,
LODGE-00265,Pasteur House,vacation_rental,-6.891029358,107.5734711,bandung_raya_valid,720000.0,Rp 720.000,,,0,,Belum tersedia,"Ber-AC, Penghangat, Dapur",https://xx.bstatic.com/xdata/w/hotel/840x460_watermarked_standard/UlbWNZwXU4abzP_odXAmzGHfnxockjUfrW7Zlcg-hcVKdEosmhpZQpvHw2e4RooQFFRVlLRpbjYJVq7WmuyXh0WaDZg8511bpOaCBaoEWvw_nzifsZZGlQ==.jpg,https://www.booking.com/hotel/id/pasteur-house.en-gb.html?aid=2068758&utm_source=seogooglelocal&utm_medium=description&utm_term=hotel-15165930&utm_campaign=en-gb&label=seogooglelocal-link-imagesaow-hotel-15165930_grp-2_gendate-20260503,0.66,unique_primary,,,,,3,P1_rating_reviews_missing,missing_rating_reviews|missing_sentiment,scrape_place_rating_reviews,4,False,False,False,
LODGE-00525,Aubrey Villa Ciwidey - Chalet,villa,-7.124,107.5054,bandung_raya_valid,254919.0,Rp 254.919,,,0,,Belum tersedia,Ber-AC; Cocok untuk anak; Ranjang bayi; Kolam renang di dalam ruangan; Pemanggang luar ruang; Boleh bawa hewan peliharaan; Dapat diakses pengguna kursi roda; Parkir gratis; Wi-Fi gratis,https://q-xx.bstatic.com/xdata/images/hotel/max1024x683/789463785.jpg?k=7a1d914d7d5a867faf3b526ec73139c0bfdf73be83429c04baf4e69489a66365&o=&a=1538557,https://www.bluepillow.com/search/59439a957c00cb0e643d6dea?dest=bkng&cat=Villa&lat=-7.12395&lng=107.50541&language=en,0.85,keep_primary_deduped,LODGE-00558|LODGE-00559,,,,3,P1_rating_reviews_missing,missing_rating_reviews|missing_sentiment,scrape_place_rating_reviews,4,False,False,False,
LODGE-00556,Arreneuz Villa Syariah Ciwidey,villa,-7.1062,107.4262,bandung_raya_valid,932112.0,Rp 932.112,,,17,0.6683681120927129,Positif,Balkon; Dapur; Microwave; Pemanggang luar ruang; Parkir gratis,https://pix8.agoda.net/hotelImages/65694354/0/45b3c8d7d1ef56c613e4674a08981e06.jpg?ce=0,https://www.agoda.com/arrhenius-villa/hotel/bandung-id.html,0.8,unique_primary,,,,,3,P1_rating_reviews_missing,missing_rating_reviews,scrape_place_rating_reviews,5,False,False,False,
LODGE-00153,Casamora Villa Parahyangan Bandung,villa,-6.8229,107.5416,bandung_raya_valid,4976055.0,Rp 4.976.055,,,19,0.6900762139738328,Positif,Balkon; Bak air panas; Dapur; Microwave; Pemanggang luar ruang; Kompor; Parkir gratis; Wi-Fi gratis,https://pix8.agoda.net/hotelImages/78305801/0/69c2396147cf9c3858941b70eaf0cb05.jpg?ce=2,https://www.agoda.com/spacious-family-villa-with-skyline-view/hotel/bandung-id.html,0.8,unique_primary,,,,,3,P1_rating_reviews_missing,missing_rating_reviews,scrape_place_rating_reviews,5,False,False,False,
LODGE-00154,Clamitan Villas 2,villa,-6.8492,107.473,bandung_raya_valid,604399.0,Rp 604.399,,,0,,Belum tersedia,Parkir gratis; Wi-Fi gratis,https://pix8.agoda.net/hotelImages/75225798/0/c3842d01d6723f536871418aac55240e.jpg?ce=2,https://www.agoda.com/clamitan-villas-2/hotel/bandung-id.html,0.8,unique_primary,,,,,3,P1_rating_reviews_missing,missing_rating_reviews|missing_sentiment,scrape_place_rating_reviews,4,False,False,False,
LODGE-00159,Gyuzel villa di lembang,villa,-6.8457,107.5482,bandung_raya_valid,1800000.0,Rp 1.800.000,,,0,,Belum tersedia,Dapur; Bebas asap rokok; Mesin cuci,https://xx.bstatic.com/xdata/w/hotel/840x460_watermarked_standard/UlbWNZwXU4abzKJC3u6CjK41OpeEUZMnnfrIKF77mJnFGTerOUp6bonY9ZRv3QBE8JVLYuR-dhQTdpyJLLSW2RnF_iS8T5L6vfCZKZZdi3C2PpA8fWJC9Q==.jpg,https://www.booking.com/hotel/id/gyuzel-villa.en-gb.html?aid=2068758&utm_source=seogooglelocal&utm_medium=description&utm_term=hotel-16046781&utm_campaign=en-gb&label=seogooglelocal-link-imagesaow-hotel-16046781_grp-1_gendate-20260524,0.8,unique_primary,,,,,3,P1_rating_reviews_missing,missing_rating_reviews|missing_sentiment,scrape_place_rating_reviews,4,False,False,False,
LODGE-00169,Oemaja Villa Spacious Living Room KBP Bandung,villa,-6.8702,107.4531,bandung_raya_valid,2223000.0,Rp 2.223.000,,,0,,Belum tersedia,Ber-AC; Ranjang bayi; Papan setrika; Dapur; Microwave; Pemanggang luar ruang; Kompor; Boleh bawa hewan peliharaan; Bebas asap rokok; TV Kabel,https://xx.bstatic.com/xdata/w/hotel/840x460_watermarked_standard/UlbWNZwXU4abzOVeGLJsj2BZ_sIIEl6_9Mk3gNEXwCAlrgeEo9_H3qveCdkHfY3kyUK-vNFinpb78KTQ9Q1kN9UBkz0PRGbzYe4IZ4-N5q66A0FhO4KVCA==.jpg,https://www.booking.com/hotel/id/oemaja-villa-spacious-living-room-4-bedrooms.en-gb.html?aid=2068758&utm_source=seogooglelocal&utm_medium=description&utm_term=hotel-15796977&utm_campaign=en-gb&label=seogooglelocal-link-imagesaow-hotel-15796977_grp-1_gendate-20260524,0.8,unique_primary,,,,,3,P1_rating_reviews_missing,missing_rating_reviews|missing_sentiment,scrape_place_rating_reviews,4,False,False,False,
LODGE-00171,Perfect villa with city view for family gateaway,villa,-6.8485,107.4721,bandung_raya_valid,562806.0,Rp 562.806,,,0,,Belum tersedia,Balkon; Cocok untuk anak; Dapur; Mesin cuci; Parkir gratis; Wi-Fi gratis,https://pix8.agoda.net/hotelImages/28717297/0/3b97de7821055041abe38d3ac194f6a3.jpg?ce=2,https://www.agoda.com/unnamed-property-h28717297/hotel/bandung-id.html,0.8,keep_primary_deduped,LODGE-00172,,,,3,P1_rating_reviews_missing,missing_rating_reviews|missing_sentiment,scrape_place_rating_reviews,4,False,False,False,
LODGE-00574,Pierdi Villa,villa,-7.1219,107.4299,bandung_raya_valid,2310000.0,Rp 2.310.000,,,0,,Belum tersedia,Dapur; Kompor; Boleh bawa hewan peliharaan; Bebas asap rokok; TV Kabel,https://xx.bstatic.com/xdata/w/hotel/840x460_watermarked_standard/UlYG65CxyC0DxetJCFxLZQirFUEqz5A2ETTsYEgsGoqMYvs9raPnPWJARfbohfhMFGC5qcx_jOY5Ru_aQsE9HHahV50acap8tsgyrTyTd-0HOxPSO3-p-A==.jpg,https://www.booking.com/hotel/id/pierdi-villa.en-gb.html?aid=2068758&utm_source=seogooglelocal&utm_medium=description&utm_term=hotel-15835172&utm_campaign=en-gb&label=seogooglelocal-link-imagesaow-hotel-15835172_grp-0_gendate-20260524,0.8,unique_primary,,,,,3,P1_rating_reviews_missing,missing_rating_reviews|missing_sentiment,scrape_place_rating_reviews,4,False,False,False,
LODGE-00579,Rima Villa Ciwidey living,villa,-7.0871,107.4658,bandung_raya_valid,2632704.0,Rp 2.632.704,,,0,0.7182969358712651,Belum tersedia,Ber-AC; Cocok untuk anak; Dapur; TV Kabel; Mesin cuci; Parkir gratis; Wi-Fi gratis,https://pix8.agoda.net/hotelImages/60146192/0/a6f634dc5e08b186b1785b4b40124f57.jpg?ce=0&s=312x,https://www.bluepillow.com/search/67a23fa7905c444f2d092943?dest=ago&cat=Vacation+rental+(other)&lat=-7.08711&lng=107.46575&language=en,0.8,keep_primary_deduped,LODGE-00712,,,,3,P1_rating_reviews_missing,missing_rating_reviews|missing_sentiment,scrape_place_rating_reviews,4,False,False,False,
LODGE-00585,Sewa Villa Nadiviya Ciwidey,villa,-7.1326,107.4181,bandung_raya_valid,1004281.0,Rp 1.004.281,,,0,,Belum tersedia,Balkon; Dapur; Pemanggang luar ruang; Parkir gratis; Wi-Fi gratis,https://pix8.agoda.net/hotelImages/33882508/0/61e13023d1c3d5d9d73bd1002812e41e.jpg?ce=0,https://www.agoda.com/sewa-villa-ciwidey/hotel/bandung-id.html,0.8,unique_primary,,,,,3,P1_rating_reviews_missing,missing_rating_reviews|missing_sentiment,scrape_place_rating_reviews,4,False,False,False,
LODGE-00594,VILLA NADIVIYA,villa,-7.1326,107.4181,bandung_raya_valid,1151651.0,Rp 1.151.651,,,22,0.7046029664158867,Positif,Balkon; Dapur; Pemanggang luar ruang; Parkir gratis; Wi-Fi gratis,https://q-xx.bstatic.com/xdata/images/hotel/max500/581600024.jpg?k=44fe17d5c24155e172f6782b71a5c74bbc068bb1578f90ac6eb0fbbe055cb649&o=,https://www.agoda.com/homestay-nadiviya/hotel/bandung-id.html,0.8,unique_primary,,,,,3,P1_rating_reviews_missing,missing_rating_reviews,scrape_place_rating_reviews,5,False,False,False,
LODGE-00599,Villa CHW Family,villa,-7.1217,107.4217,bandung_raya_valid,960726.0,Rp 960.726,,,0,,Belum tersedia,Dapur; TV Kabel; Parkir gratis; Wi-Fi gratis,https://pix8.agoda.net/hotelImages/62272916/0/75b821967548a7ba16d119cdea23db66.jpg?ce=0&s=312x,https://www.bluepillow.com/search/67a24176905c444f2d0aeebc?dest=ago&cat=Vacation+rental+(other)&lat=-7.12168&lng=107.4217&language=en,0.8,keep_primary_deduped,LODGE-00736,,,,3,P1_rating_reviews_missing,missing_rating_reviews|missing_sentiment,scrape_place_rating_reviews,4,False,False,False,
LODGE-00480,Villa Cempaka Pangalengan,villa,-7.1878,107.6087,bandung_raya_valid,5554546.0,Rp 5.554.546,,,18,0.6212938020027307,Positif,Dapur; Kompor; Boleh bawa hewan peliharaan,https://xx.bstatic.com/xdata/w/hotel/840x460_watermarked_standard/UlbWNZwXU4abzKVzDE6TBkg6BHxnrG5gpWZBYTUarOGczFsRYhP1H1AHohBsbtpZ4zm9xCdQkN-RBwg60mWfAohf0LuPbt0RUiYlh5WmKwsgBO07Jw6gaw==.jpg,https://www.booking.com/hotel/id/villa-cempaka-pangalengan.en-gb.html?aid=2068758&utm_source=seogooglelocal&utm_medium=description&utm_term=hotel-4525586&utm_campaign=en-gb&label=seogooglelocal-link-imagesaow-hotel-4525586_grp-2_gendate-20260524,0.8,unique_primary,,,,,3,P1_rating_reviews_missing,missing_rating_reviews,scrape_place_rating_reviews,5,False,False,False,
LODGE-00600,Villa Daffa Ciwidey - for family events leisures,villa,-7.0849,107.4461,bandung_raya_valid,908384.0,Rp 908.384,,,17,0.6588338737538905,Positif,Cocok untuk anak; Papan setrika; Dapur; Boleh bawa hewan peliharaan; Bebas asap rokok; TV Kabel; Parkir gratis; Wi-Fi gratis,https://q-xx.bstatic.com/xdata/images/hotel/max1024x683/201996575.jpg?k=275dd5e2715fcfc922012f487437788e9e6c4390d4b79a262a8c045f0907d607&o=&s=312x,https://www.bluepillow.com/search/618288b59e3163a56a25511b?dest=ago&cat=Vacation+rental+(other)&lat=-7.08492&lng=107.44614&language=en,0.8,unique_primary,,,,,3,P1_rating_reviews_missing,missing_rating_reviews,scrape_place_rating_reviews,5,False,False,False,
LODGE-00183,Villa Family House Cimahi,villa,-6.8448,107.5453,bandung_raya_valid,585000.0,Rp 585.000,,,0,,Belum tersedia,Dapur,https://xx.bstatic.com/xdata/w/hotel/840x460_watermarked_standard/UlbWNZwXU4abzF-KzmU-BiANu5najsYOOavOMQnHaQ4Qifqv36xUzPc5k3H980DWaeU3i3rk7DwxPIhMt4outrWqXcMLUF61htHCwu7SrIRfgyy4uQ6dYg==.jpg,https://www.booking.com/hotel/id/villa-family-house-cimahi.en-gb.html?aid=2068758&utm_source=seogooglelocal&utm_medium=description&utm_term=hotel-15854078&utm_campaign=en-gb&label=seogooglelocal-link-imagesaow-hotel-15854078_grp-2_gendate-20260524,0.8,unique_primary,,,,,3,P1_rating_reviews_missing,missing_rating_reviews|missing_sentiment,scrape_place_rating_reviews,4,False,False,False,
LODGE-00601,Villa Haposan,villa,-7.1229,107.4329,bandung_raya_valid,6368000.0,Rp 6.368.000,,,25,0.7001453632811221,Positif,Balkon; Dapur; Microwave; Pemanggang luar ruang; Kolam renang luar; Parkir gratis; Wi-Fi gratis,https://pix8.agoda.net/hotelImages/55493230/0/ed4ad49c76c7ac6d691a57bb66fad7bb.jpg?ce=2,https://www.agoda.com/villa-haposan/hotel/bandung-id.html,0.8,manual_resolved_keep_separate,,,,,3,P1_rating_reviews_missing,missing_rating_reviews,scrape_place_rating_reviews,5,False,False,False,
LODGE-00184,Villa Kahuripan Triangle,villa,-6.8036,107.5482,bandung_raya_valid,1718182.0,Rp 1.718.182,,,0,,Belum tersedia,Ber-AC,https://xx.bstatic.com/xdata/w/hotel/840x460_watermarked_standard/UlbWNZwXU4abzP93TFngGp2bYvKu1yc6mN5NQ_vSzLbsf_lPsWRFRyaza8nlejrX_LYDUAABWRvk52SI4C1aTBLJP3T5ng45XrcA-K3wfsTT4VF9ElqkDA==.jpg,https://www.booking.com/hotel/id/villa-kahuripan-triangle.en-gb.html?aid=2068758&utm_source=seogooglelocal&utm_medium=description&utm_term=hotel-15668299&utm_campaign=en-gb&label=seogooglelocal-link-imagesaow-hotel-15668299_grp-3_gendate-20260524,0.8,unique_primary,,,,,3,P1_rating_reviews_missing,missing_rating_reviews|missing_sentiment,scrape_place_rating_reviews,4,False,False,False,
LODGE-00185,Villa Kyuri Lembang,villa,-6.8158,107.558,bandung_raya_valid,1177454.0,Rp 1.177.454,,,10,0.6472095475747323,Positif,Dapur; TV Kabel; Parkir gratis; Wi-Fi gratis,https://pix8.agoda.net/hotelImages/63130477/0/ac9096f92c4097d49d803f6804b1b285.jpg?ce=0&s=312x,https://www.bluepillow.com/search/67a2422b905c444f2d0bace7?dest=ago&cat=Vacation+rental+(other)&lat=-6.81579&lng=107.55798&language=en,0.8,keep_primary_deduped,LODGE-00186|LODGE-00330,,,,3,P1_rating_reviews_missing,missing_rating_reviews,scrape_place_rating_reviews,5,False,False,False,
LODGE-00187,Villa Murah-Unik-Bersih di Lembang Cimahi Bandung,villa,-6.9012,107.5152,bandung_raya_valid,485852.0,Rp 485.852,,,0,,Belum tersedia,Dapur; TV Kabel; Mesin cuci; Parkir gratis,https://pix8.agoda.net/hotelImages/34408218/0/ae266dac0f381f32aad4d860da0953da.jpg?ce=0&s=312x,https://www.bluepillow.com/search/639a19d2df5d94a879fd5877?dest=ago&cat=Vacation+rental+(other)&lat=-6.90118&lng=107.51516&language=en,0.8,keep_primary_deduped,LODGE-00331,,,,3,P1_rating_reviews_missing,missing_rating_reviews|missing_sentiment,scrape_place_rating_reviews,4,False,False,False,
LODGE-00604,Villa Nesa,villa,-6.812,107.1456,bandung_raya_valid,1995052.0,Rp 1.995.052,,,22,0.6534995102569101,Positif,Papan setrika; Dapur; TV Kabel; Parkir gratis; Wi-Fi gratis,https://pix8.agoda.net/hotelImages/59025693/0/4af800507ed7c5109f3c525d8d46befd.jpg?ce=0&s=312x,https://www.bluepillow.com/search/67a23e38905c444f2d080367?dest=ago&cat=Vacation+rental+(other)&lat=-6.81204&lng=107.14564&language=en,0.8,unique_primary,,,,,3,P1_rating_reviews_missing,missing_rating_reviews,scrape_place_rating_reviews,5,False,False,False,
LODGE-00481,Villa Pangalengan,villa,-7.2038,107.542,bandung_raya_valid,2860200.0,Rp 2.860.200,,,0,,Belum tersedia,Penghangat; Dapur,https://xx.bstatic.com/xdata/w/hotel/840x460_watermarked_standard/UlbWNZwXU4abzDoHTm8jzTKIBNxp1aH1ai2TaoCD0mqJtqN2DTWX4hPcWtp9hDdFqtwDTHO0bOHmYaYw2JslAye4NJy5Vg-n_yzPKKJHpLrR_VTaufrUFQ==.jpg,https://www.booking.com/hotel/id/villa-pangalengan.en-gb.html?aid=2068758&utm_source=seogooglelocal&utm_medium=description&utm_term=hotel-15326852&utm_campaign=en-gb&label=seogooglelocal-link-imagesaow-hotel-15326852_grp-0_gendate-20260524,0.8,unique_primary,,,,,3,P1_rating_reviews_missing,missing_rating_reviews|missing_sentiment,scrape_place_rating_reviews,4,False,False,False,
LODGE-00188,Villa Roseanne,villa,-6.8167,107.5578,bandung_raya_valid,1975394.0,Rp 1.975.394,,,0,,Belum tersedia,Ber-AC; TV Kabel; Parkir gratis; Wi-Fi gratis,https://pix8.agoda.net/hotelImages/50621932/0/d9e93f71dc40bf7b3d8c8b893cda1b89.jpg?ce=0&s=312x,https://www.bluepillow.com/search/65e2335493553be8f557f03f?dest=ago&cat=Vacation+rental+(other)&lat=-6.81672&lng=107.55779&language=en,0.8,unique_primary,,,,,3,P1_rating_reviews_missing,missing_rating_reviews|missing_sentiment,scrape_place_rating_reviews,4,False,False,False,
LODGE-00605,Villa Sakinah Ciwidey,villa,-7.1143,107.4458,bandung_raya_valid,1670636.0,Rp 1.670.636,,,21,0.700481833534601,Positif,Papan setrika; Dapur; Microwave; Pemanggang luar ruang; Kompor; Boleh bawa hewan peliharaan; Bebas asap rokok; TV Kabel; Mesin cuci,https://xx.bstatic.com/xdata/w/hotel/840x460_watermarked_standard/UlYG65CxyC0DxQjUtjAS7dV1Aziwis6ZvAEtcFMVdoiQkuNpBM1ZYmrV1CHuBQXwvJhyJlABHOvX7JbtGv0MotPxAIURpRxp6HPmYpxbHhlvndyciAkLnQ==.jpg,https://www.booking.com/hotel/id/villa-sakinah-ciwidey.en-gb.html?aid=2068758&utm_source=seogooglelocal&utm_medium=description&utm_term=hotel-14882888&utm_campaign=en-gb&label=seogooglelocal-link-imagesaow-hotel-14882888_grp-0_gendate-20260524,0.8,unique_primary,,,,,3,P1_rating_reviews_missing,missing_rating_reviews,scrape_place_rating_reviews,5,False,False,False,
LODGE-00607,Villa Situ Patenggang Bandung Selatan,villa,-7.1637,107.3577,bandung_raya_valid,1986890.0,Rp 1.986.890,,,0,,Belum tersedia,Balkon; Akses ke pantai; Dapur; Pemanggang luar ruang; Parkir gratis; Wi-Fi gratis,https://pix8.agoda.net/hotelImages/35958178/0/545ad13a9e36d49fbc7892a47948924c.jpg?ce=0,https://www.agoda.com/villa-situ-patenggang/hotel/bandung-id.html,0.8,unique_primary,,,,,3,P1_rating_reviews_missing,missing_rating_reviews|missing_sentiment,scrape_place_rating_reviews,4,False,False,False,
LODGE-00007,Villa Soli Deo Gloria,villa,-6.6295,107.5543,bandung_raya_valid,1017687.0,Rp 1.017.687,,,24,0.6565298605342457,Positif,Dapur; Kolam renang luar; Teras; TV Kabel; Dapat diakses pengguna kursi roda; Parkir gratis; Wi-Fi gratis,https://images.trvl-media.com/lodging/84000000/83350000/83348000/83347926/w720h960x0y320-8adc460c_z.jpg,https://www.expedia.com/Hotel.h83347926.Hotel-Information?mdpcid=META.HPA.WEB-ORGANIC.VR,0.8,keep_primary_deduped,LODGE-00027,,,,3,P1_rating_reviews_missing,missing_rating_reviews,scrape_place_rating_reviews,5,False,False,False,
LODGE-00189,Villa Suarga Loka,villa,-6.8304,107.5526,bandung_raya_valid,2045455.0,Rp 2.045.455,,,0,,Belum tersedia,Ber-AC,https://xx.bstatic.com/xdata/w/hotel/840x460_watermarked_standard/UlbWNZwXU4abzKZwjkgNSXit0nbEHEkfIQ-eG_qUdmNQXqc6cNncSPZEwHN2PVxHWmjg5DMxHnkADRRekmDLRtGuqEZ2IiQolVz4aCRmn8c__mLsnvs2aQ==.jpg,https://www.booking.com/hotel/id/villa-suarga-loka.en-gb.html?aid=2068758&utm_source=seogooglelocal&utm_medium=description&utm_term=hotel-14647975&utm_campaign=en-gb&label=seogooglelocal-link-imagesaow-hotel-14647975_grp-3_gendate-20260524,0.8,unique_primary,,,,,3,P1_rating_reviews_missing,missing_rating_reviews|missing_sentiment,scrape_place_rating_reviews,4,False,False,False,
LODGE-00609,Villa Tagar Hidayah Ciwidey,villa,-7.0858,107.4482,bandung_raya_valid,3239936.0,Rp 3.239.936,,,0,,Belum tersedia,Balkon; Cocok untuk anak; Bak air panas; Kolam renang di dalam ruangan; Dapur; Pemanggang luar ruang; Parkir gratis; Wi-Fi gratis,https://pix8.agoda.net/hotelImages/61388179/0/87a503621b470b89289ff9a116fb6f66.jpg?ce=0,https://www.agoda.com/villa-tagar-hidayah-ciwidey-h61388179/hotel/bandung-id.html,0.8,unique_primary,,,,,3,P1_rating_reviews_missing,missing_rating_reviews|missing_sentiment,scrape_place_rating_reviews,4,False,False,False,
LODGE-00008,Villa Tepi Bukit,villa,-6.7639,107.0594,bandung_raya_valid,2417535.0,Rp 2.417.535,,,4,0.6133597110326948,Positif,Dapur; TV Kabel; Parkir gratis,https://pix8.agoda.net/hotelImages/40905795/0/f0d8e0cdaf3ab9ec88193904e1f94608.jpg?ce=0&s=312x,https://www.bluepillow.com/search/655205031811a9820ec31084?dest=ago&cat=House&lat=-6.76392&lng=107.05941&language=en,0.8,unique_primary,,,,,3,P1_rating_reviews_missing,missing_rating_reviews,scrape_place_rating_reviews,5,False,False,False,
LODGE-00190,"Villa With Private Jacuzzi , Damar Ningrum 3",villa,-6.8304,107.5526,bandung_raya_valid,916364.0,Rp 916.364,,,0,,Belum tersedia,Ber-AC,https://xx.bstatic.com/xdata/w/hotel/840x460_watermarked_standard/UlbWNZwXU4abzJOD0Y9mwbs-BArHCfvMjl2D-L67cs6vR-DPj8d47Z8F3KV-CpFSfb7wn09oXiArss6ZVlyaSMtntY3wBX9_xb-m4v3L9gIC_MvRIqJhSQ==.jpg,https://www.booking.com/hotel/id/villa-with-private-jacuzzi-damar-ningrum-3.en-gb.html?aid=2068758&utm_source=seogooglelocal&utm_medium=description&utm_term=hotel-16338080&utm_campaign=en-gb&label=seogooglelocal-link-imagesaow-hotel-16338080_grp-0_gendate-20260524,0.8,unique_primary,,,,,3,P1_rating_reviews_missing,missing_rating_reviews|missing_sentiment,scrape_place_rating_reviews,4,False,False,False,
LODGE-00610,Villa minimalis nyaman beraih rapih,villa,-6.812,107.1452,bandung_raya_valid,1554704.0,Rp 1.554.704,,,0,,Belum tersedia,Ber-AC; TV Kabel; Parkir gratis; Wi-Fi gratis,https://pix8.agoda.net/hotelImages/61396521/0/530768a3ade147b23f0ef994942ff54d.jpg?ce=0&s=312x,https://www.bluepillow.com/search/67a240cf905c444f2d0a4782?dest=ago&cat=Vacation+rental+(other)&lat=-6.81195&lng=107.14517&language=en,0.8,unique_primary,,,,,3,P1_rating_reviews_missing,missing_rating_reviews|missing_sentiment,scrape_place_rating_reviews,4,False,False,False,
LODGE-00611,Villa osaka,villa,-6.8118,107.1454,bandung_raya_valid,492644.0,Rp 492.644,,,0,,Belum tersedia,Dapur; Pemanggang luar ruang; Kompor; Parkir gratis,https://pix8.agoda.net/hotelImages/64859128/0/dc51cfbabf4fb4d168d9a8026c69ae33.jpg?ce=0,https://www.agoda.com/villa-osaka/hotel/cianjur-id.html,0.8,unique_primary,,,,,3,P1_rating_reviews_missing,missing_rating_reviews|missing_sentiment,scrape_place_rating_reviews,4,False,False,False,
LODGE-00612,Villa pataya kota bunga 3 kamar tidur,villa,-6.8118,107.1454,bandung_raya_valid,719246.0,Rp 719.246,,,0,,Belum tersedia,Balkon; Bak air panas; Dapur; Pemanggang luar ruang; Parkir gratis,https://pix8.agoda.net/hotelImages/59606108/0/b4d3a9b550161e00d9c041db9e282f44.jpg?ce=2,https://www.agoda.com/villa-madrid-35/hotel/cianjur-id.html,0.8,unique_primary,,,,,3,P1_rating_reviews_missing,missing_rating_reviews|missing_sentiment,scrape_place_rating_reviews,4,False,False,False,
LODGE-00191,Villa roseane,villa,-6.8162,107.5579,bandung_raya_valid,1800000.0,Rp 1.800.000,,,0,,Belum tersedia,Dapur,https://xx.bstatic.com/xdata/w/hotel/840x460_watermarked_standard/UlbWNZwXU4abzHT8RWx-_hEG6SHuDiDrApUgHoBXhEvmPQhbQezYEBhlxyRNxGIYRX9dp-fydcVQefz1tECJzHTUVTGkYJs2kG1HJ6E1fPKPY6UQdGOXvg==.jpg,https://www.booking.com/hotel/id/villa-roseane.en-gb.html?aid=2068758&utm_source=seogooglelocal&utm_medium=description&utm_term=hotel-13386829&utm_campaign=en-gb&label=seogooglelocal-link-imagesaow-hotel-13386829_grp-1_gendate-20260524,0.8,unique_primary,,,,,3,P1_rating_reviews_missing,missing_rating_reviews|missing_sentiment,scrape_place_rating_reviews,4,False,False,False,
LODGE-00193,"Villa with jacuzzi, Damar Ningrum 5",villa,-6.8216,107.5555,bandung_raya_valid,1080000.0,Rp 1.080.000,,,0,,Belum tersedia,Ber-AC; Dapur,https://xx.bstatic.com/xdata/w/hotel/840x460_watermarked_standard/UlbWNZwXU4abzGrNWg9-CKq_bc_kWpXnIq1toNipj69R_CgkVUjnF2uwiu7VpfdmovozgyNa70jwLWh4uF8fB2BMOiVQBuRV9XmppK52Pz9AgHJo5RL8_A==.jpg,https://www.booking.com/hotel/id/villa-with-jacuzzi-damar-ningrum-5.en-gb.html?aid=2068758&utm_source=seogooglelocal&utm_medium=description&utm_term=hotel-15929378&utm_campaign=en-gb&label=seogooglelocal-link-imagesaow-hotel-15929378_grp-2_gendate-20260524,0.8,unique_primary,,,,,3,P1_rating_reviews_missing,missing_rating_reviews|missing_sentiment,scrape_place_rating_reviews,4,False,False,False,
LODGE-00613,disewakan villa puncak kota bunga new year,villa,-6.812,107.1451,bandung_raya_valid,4140820.0,Rp 4.140.820,,,0,,Belum tersedia,TV Kabel,https://pix8.agoda.net/hotelImages/64314534/0/52944714f16352204b457ab2c9685660.jpg?ce=0&s=312x,https://www.bluepillow.com/search/67a243a9905c444f2d0cfc48?dest=ago&cat=Vacation+rental+(other)&lat=-6.81197&lng=107.1451&language=en,0.8,unique_primary,,,,,3,P1_rating_reviews_missing,missing_rating_reviews|missing_sentiment,scrape_place_rating_reviews,4,False,False,False,
LODGE-00839,Villa Bumisoka,villa,-6.7124,107.5322,bandung_raya_valid,1181818.0,Rp 1.181.818,,,3,0.6094801674228741,Positif,Dapur; Kompor; Teras; Bebas asap rokok; TV Kabel; Parkir gratis,https://freecancellationscdn-hsbgcwfragasdpfe.z01.azurefd.net/remote/static.cupid.travel/hotels/499723385.jpg?w=1024&h=683&mode=crop&scale=both&anchor=middlecenter&quality=80,,0.75,unique_primary,,,,,3,P1_rating_reviews_missing,missing_rating_reviews|missing_source_link,scrape_place_rating_reviews,4,False,False,False,
LODGE-00629,Villa Feridys,villa,-7.0896,107.5548,bandung_raya_valid,2384183.0,Rp 2.384.183,,,34,0.6398921208783861,Positif,Papan setrika; Dapur; Microwave; Kompor; Boleh bawa hewan peliharaan; Dapat diakses pengguna kursi roda; Parkir gratis; Wi-Fi gratis,https://images.trvl-media.com/lodging/126000000/125430000/125421800/125421729/e836c51b_z.jpg,https://deals.vio.com?sig=73aca13c7f952d2641c156f3e69125e1eb497c325f122828ee5aa8797168b9a12d32303331333438363233&turl=https%3A%2F%2Fwww.vio.com%2FHotel%2FSearch%3FhotelId%3D150013674%26utm_source%3Dgha-vr%26utm_campaign%3Dstatic%26openHotelDetails%3D1,0.75,keep_primary_deduped,LODGE-00741|LODGE-00812,,,,3,P1_rating_reviews_missing,missing_rating_reviews,scrape_place_rating_reviews,5,False,False,False,
LODGE-00630,Villa Situ Patenggang BKSDA,villa,-7.1637,107.3577,bandung_raya_valid,332270.0,Rp 332.270,,,0,,Belum tersedia,Dapur; Pemanggang luar ruang; Bebas asap rokok; TV Kabel; Parkir gratis,https://media.vrbo.com/lodging/122000000/121700000/121696300/121696246/93e4c30d.jpg,https://www.us.despegar.com/hotels/h-6849599,0.75,keep_primary_deduped,LODGE-00805|LODGE-00817,,,,3,P1_rating_reviews_missing,missing_rating_reviews|missing_sentiment,scrape_place_rating_reviews,4,False,False,False,
LODGE-00661,dr stable villa,villa,-6.8118,107.1451,bandung_raya_valid,593978.0,Rp 593.978,,,0,,Belum tersedia,Balkon; Cocok untuk anak; Papan setrika; Dapur; Pemanggang luar ruang; Kolam renang luar; TV Kabel; Mesin cuci; Parkir gratis; Wi-Fi gratis,https://pix8.agoda.net/hotelImages/62518054/0/042e5e7c69d4e4be70d9d3a8ff487989.jpg?ce=0,,0.7,unique_primary,,,,,3,P1_rating_reviews_missing,missing_rating_reviews|missing_sentiment|missing_source_link,scrape_place_rating_reviews,3,False,False,False,
