penginapan_id,name,property_type,overall_rating,reviews,price_lowest,price_display,amenities,primary_image_url,link,data_quality_score,data_quality_label,hotel_review_count_analyzed,hotel_adjusted_sentiment_score,hotel_adjusted_sentiment_label,hotel_review_confidence_label,rating_sentiment_score,name_looks_detail_listing,capacity_min_estimated,capacity_max_estimated,capacity_confidence,attention_score,attention_level,attention_reasons,recommended_data_action,refined_detail_listing_group,refined_detail_listing_action,refined_detail_listing_priority,refined_price_status,refined_price_action,refined_price_note,refined_low_quality_status,refined_low_quality_action,refined_low_quality_note,refined_overall_data_action
LODGE-00004,Wildan Homestay - Economy Twin Room,guest_house,4.8846,13.0,1752101.0,Rp 1.752.101,Jemputan bandara; Cocok untuk anak; Kolam renang di dalam ruangan; Papan setrika; Dapur; Bebas asap rokok; Mesin cuci; Parkir gratis; Wi-Fi gratis,https://p.fih.io/v2/nSr0o-3gbZN8o1xMecXCcG-BkDeQVo3k-wOeVogkTe7ajuFOX7O-WA8aRWhXz1jsToZif_TsA_xCWfhWRa0ZiJaQvQ0t3Uw5FT6KH55x0DfB8kvTAeGc_zj3B7yoqI2XVgVj2Z-6Il_DBzF4en3ketkYyx1j1dLbUfhlOgkNcIcn9PwNtk_AU2csbUk6dd9sWYhZZ2bLtSQWP41C4PdruZMqfo8yAGlOIznTD4R8rfKDqwRbxV_L46cgSN_A210aZtZC-Wkf3-HxtZpcMGaA3uWi_buUSFh17v4zm8GxZ3FcPzF8ES23DMQVVtx3QVdY_w46P1lON3CWRHYxtmCB6Lf-SBocARGBauCXHmb0W9qaK9nb-2RGoWUxr9Pi8i87pRDvd238Ag9gijRmojIuAD1YolPfeRsVyUrvvh9k7SbovoZTF75OprVoiMGLrGsXAW6t6ravkkj33RWl0SHk4dXnNTnlkYA061-wzU7pfkf_tcdte5qzfbzXIQ9rBHTNCxTeDdXHhg7rz3-GnysPMl4w8H2ODK_y8_lDHcn2cD3k8bWmk3pMb5kpXZMgZNUT5cHNBQVkRwJJLlD7WXWHRUVVFwHqpOQDApoWVNRG62qyoKvh1g,,0.9,high,0,,Belum tersedia,missing_review_confidence,0.9423,True,1,2,medium_capacity_confidence,8,high,missing_source_link|looks_like_detail_or_unit_listing|property_type_maybe_needs_review|price_outlier_for_type,review_parent_child_or_mark_secondary,room_level_detail,hold_as_child_detail,high_attention,verify_price_source,manual_source_check,harga tinggi dengan rating/source lemah perlu cek sumber,,,,hold_or_secondary_detail_listing
LODGE-00010,Wildan Guesthouse,guest_house,,,1379101.0,Rp 1.379.101,Gym; Dapur; Parkir gratis; Wi-Fi gratis,https://pix8.agoda.net/hotelImages/agoda-homes/9742517/0a4046509be42c1b885838851b6312d2.jpg?ca=9&ce=1,https://www.agoda.com/wildan-guesthouse/hotel/puncak-id.html,0.8,high,0,,Belum tersedia,missing_review_confidence,,False,1,2,low_capacity_confidence,8,high,missing_rating_or_reviews|missing_any_sentiment|property_type_maybe_needs_review|price_outlier_for_type,verify_price_source,,,,verify_price_source,manual_source_check,harga tinggi dengan rating/source lemah perlu cek sumber,,,,verify_price_or_type
LODGE-00094,Larisa Homestay Syariah - Three-Bedroom House,guest_house,4.6333,36.0,1288551.0,Rp 1.288.551,Ber-AC; Ranjang bayi; Kolam renang di dalam ruangan; Dapur; Bebas asap rokok; TV Kabel; Mesin cuci; Parkir gratis; Wi-Fi Berbayar,https://freecancellationscdn-hsbgcwfragasdpfe.z01.azurefd.net/remote/static.cupid.travel/hotels/409013019.jpg?w=1024&h=683&mode=crop&scale=both&anchor=middlecenter&quality=80,,0.9,high,0,,Belum tersedia,missing_review_confidence,0.8167,True,5,6,medium_capacity_confidence,8,high,missing_source_link|looks_like_detail_or_unit_listing|property_type_maybe_needs_review|price_outlier_for_type,review_parent_child_or_mark_secondary,whole_house_or_large_unit,keep_secondary_or_review_parent_status,high_attention,secondary_high_price_unit,keep_secondary_and_verify_if_top_ranked,"apartemen/unit mahal tidak salah, tapi jangan jadi opsi utama tanpa konteks user",,,,keep_secondary_or_review_parent_status
LODGE-00401,Pasteur Beautiful Luxurious House,hotel,4.8,4.0,2126250.0,Rp 2.126.250,,https://cdn.worldota.net/t/1024x768/content/8f/18/8f1853f32102b2bdff458b6a2a73c3b7968d8268.jpeg,,0.58,medium,21,0.6634893361578915,Positif,high_review_confidence,1.0,False,1,2,low_capacity_confidence,7,high,missing_amenities|missing_source_link|property_type_maybe_needs_review|price_outlier_for_type,verify_price_source,,,,property_type_or_unit_size_review,review_type_or_capacity_before_ranking,"tipe terlihat seperti rumah/homestay/unit besar, bukan hotel reguler",,,,verify_price_or_type
LODGE-00562,Ciwidey Homestay 4 Bedroom,guest_house,,,1960574.0,Rp 1.960.574,Cocok untuk anak; Papan setrika; Dapur; Boleh bawa hewan peliharaan; TV Kabel; Dapat diakses pengguna kursi roda; Parkir gratis; Wi-Fi gratis,https://pix8.agoda.net/hotelImages/4998501/0/96f09f99f7857a68856ece2a1fe7b425.jpg?ca=21&ce=0&s=312x,https://www.bluepillow.com/search/61828bf09e3163a56a28b769?dest=ago&cat=Vacation+rental+(other)&lat=-7.13304&lng=107.42159&language=en,0.8,high,0,,Belum tersedia,missing_review_confidence,,False,7,8,medium_capacity_confidence,8,high,missing_rating_or_reviews|missing_any_sentiment|property_type_maybe_needs_review|price_outlier_for_type,verify_price_source,,,,property_type_or_unit_size_review,review_type_or_capacity_before_ranking,"tipe terlihat seperti rumah/homestay/unit besar, bukan hotel reguler",,,,verify_price_or_type
LODGE-00564,D'Lily Guest House Syariah,guest_house,,,1244405.0,Rp 1.244.405,Dapur; TV Kabel; Parkir gratis; Wi-Fi gratis,https://pix8.agoda.net/hotelImages/47415998/0/aeacc595f8d1b5b8b54cca937ee3bbc6.jpg?ce=0&s=312x,https://www.bluepillow.com/search/65e2266493553be8f55669ab?dest=ago&cat=Vacation+rental+(other)&lat=-7.08795&lng=107.47755&language=en,0.8,high,18,0.6218514432639921,Positif,high_review_confidence,,False,1,2,low_capacity_confidence,6,medium,missing_rating_or_reviews|property_type_maybe_needs_review|price_outlier_for_type,verify_price_source,,,,property_type_or_unit_size_review,review_type_or_capacity_before_ranking,"tipe terlihat seperti rumah/homestay/unit besar, bukan hotel reguler",,,,verify_price_or_type
LODGE-00569,Homestay murah ciwidey,guest_house,,,1678502.0,Rp 1.678.502,Dapur; TV Kabel; Mesin cuci; Wi-Fi gratis,https://pix8.agoda.net/hotelImages/42074289/0/a8a383759e0a6a24435f715b7aca3d5a.jpg?ce=0&s=312x,https://www.bluepillow.com/search/655206291811a9820ec3f44a?dest=ago&cat=Vacation+rental+(other)&lat=-7.11947&lng=107.43189&language=en,0.8,high,0,,Belum tersedia,missing_review_confidence,,False,1,2,low_capacity_confidence,8,high,missing_rating_or_reviews|missing_any_sentiment|property_type_maybe_needs_review|price_outlier_for_type,verify_price_source,,,,verify_price_source,manual_source_check,harga tinggi dengan rating/source lemah perlu cek sumber,,,,verify_price_or_type
LODGE-00891,Cottonwood Apartment at Marbella Suites Dago - Two-Bedroom Apartment,apartment,3.65,8.0,1603720.0,Rp 1.603.720,Ber-AC; Cocok untuk anak; Ranjang bayi; Elevator; Gym; Papan setrika; Dapur; Microwave; Kolam renang luar; Kompor; Bebas asap rokok; TV Kabel; Dapat diakses pengguna kursi roda; Parkir gratis,https://static.cupid.travel/hotels/485598650.jpg,https://www.bluepillow.com/search/65c9ea56671b07d23c68748e?dest=bkng&cat=Apartment&lat=-6.87&lng=107.63295&language=en,1.0,high,0,,Belum tersedia,missing_review_confidence,0.325,True,3,4,high_capacity_confidence,5,medium,looks_like_detail_or_unit_listing|price_outlier_for_type,review_parent_child_or_mark_secondary,apartment_unit_detail,secondary_option_not_primary_parent,high_attention,secondary_high_price_unit,keep_secondary_and_verify_if_top_ranked,"apartemen/unit mahal tidak salah, tapi jangan jadi opsi utama tanpa konteks user",,,,hold_or_secondary_detail_listing
LODGE-00898,De Riau Guesthouse - Six-Bedroom House,guest_house,4.75,2.0,1814126.0,Rp 1.814.126,Jemputan bandara; Ranjang bayi; Kolam renang di dalam ruangan; Papan setrika; Dapur; Microwave; Kompor; Teras; Bebas asap rokok; TV Kabel; Dapat diakses pengguna kursi roda; Parkir gratis; Wi-Fi gratis,https://static.cupid.travel/hotels/216973522.jpg,https://www.bluepillow.com/search/5accf8867c00cb17a4a91caa?dest=bkng&cat=House&lat=-6.90343&lng=107.62658&language=en,1.0,high,0,,Belum tersedia,missing_review_confidence,0.875,True,11,12,medium_capacity_confidence,7,high,looks_like_detail_or_unit_listing|property_type_maybe_needs_review|price_outlier_for_type,review_parent_child_or_mark_secondary,whole_house_or_large_unit,keep_secondary_or_review_parent_status,high_attention,property_type_or_unit_size_review,review_type_or_capacity_before_ranking,"tipe terlihat seperti rumah/homestay/unit besar, bukan hotel reguler",,,,keep_secondary_or_review_parent_status
LODGE-00904,Four Points by Sheraton Bandung,hotel,4.6,6543.0,2017221.0,Rp 2.017.221,Breakfast ($); Free Wi-Fi; Free parking; Outdoor pool; Air conditioning; Fitness center; Bar; Restaurant; Room service; Airport shuttle; Accessible; Business center; Kid-friendly,https://lh3.googleusercontent.com/gps-cs-s/APNQkAEI6sQJ5iwCtu0RNxdtHS57RASvSx__u_TvpilhAYABu2uJ4sI-woNPyqwJ7VG7PwgyGfdDl-NNn-gVWFv1hJF3oS5rvZyAiSit53PnRnV1LSMhvAxO5rvs0GprszDTryC0tAemdhqncxV3=s10000,https://www.marriott.com/en-us/hotels/bdofp-four-points-bandung/overview/?scid=f2ae0541-1279-4f24-b197-a979c79310b0,1.0,high,0,,Belum tersedia,missing_review_confidence,0.8,False,1,2,low_capacity_confidence,2,low,price_outlier_for_type,verify_price_source,,,,price_outlier_keep_with_caution,keep_but_lower_price_confidence,"tidak terlihat error jelas, cukup ditandai outlier",,,,keep_but_lower_price_confidence
LODGE-00919,Guest House Omah Ningrat Bandung,guest_house,4.25,6.0,1063636.0,Rp 1.063.636,Ber-AC; Bebas asap rokok; TV Kabel,https://xx.bstatic.com/xdata/w/hotel/840x460_watermarked_standard/UlbWNZwXU4abzBWMMS4KXuwR1EQ6oNv0rGfVuUSyzlzXvo6ir-SxjwRO18TI-3snt1HMAtlbjTIHIJ5r8ASMzBU9Wd_3Xw3xLHhXVD8g4NdLKLzTb2xSJg==.jpg,https://www.booking.com/hotel/id/omah-ningrat.en-gb.html?aid=2068758&utm_source=seogooglelocal&utm_medium=description&utm_term=hotel-7598618&utm_campaign=en-gb&label=seogooglelocal-link-imagesaow-hotel-7598618_grp-2_gendate-20260524,1.0,high,0,,Belum tersedia,missing_review_confidence,0.625,False,1,2,low_capacity_confidence,4,medium,property_type_maybe_needs_review|price_outlier_for_type,verify_price_source,,,,property_type_or_unit_size_review,review_type_or_capacity_before_ranking,"tipe terlihat seperti rumah/homestay/unit besar, bukan hotel reguler",,,,verify_price_or_type
LODGE-00970,Over Easy Apartment - Apartment - Ground Floor,apartment,4.0,2.0,1511712.0,Rp 1.511.712,Cocok untuk anak; Ranjang bayi; Gym; Kolam renang di dalam ruangan; Dapur; Microwave; Kompor; Boleh bawa hewan peliharaan; Bebas asap rokok; TV Kabel; Parkir gratis; Wi-Fi gratis,https://static.cupid.travel/hotels/498079197.jpg,https://www.bluepillow.com/search/65c9f7ae671b07d23c6945eb?dest=bkng&cat=Apartment&lat=-6.85259&lng=107.62729&language=en,1.0,high,0,,Belum tersedia,missing_review_confidence,0.5,True,2,4,low_capacity_confidence,6,medium,looks_like_detail_or_unit_listing|price_outlier_for_type|capacity_low_confidence_for_unit_property,review_parent_child_or_mark_secondary,other_detail_listing,review_parent_child_status,low_attention,secondary_high_price_unit,keep_secondary_and_verify_if_top_ranked,"apartemen/unit mahal tidak salah, tapi jangan jadi opsi utama tanpa konteks user",,,,review_parent_child_status
LODGE-01052,The Gaia Hotel Bandung,hotel,4.8,8376.0,1905920.0,Rp 1.905.920,Breakfast ($); Free Wi-Fi; Free parking; Outdoor pool; Hot tub; Air conditioning; Fitness center; Spa; Bar; Restaurant; Room service; Airport shuttle; Full-service laundry; Accessible; Business center,https://lh3.googleusercontent.com/gps-cs-s/APNQkAH0KYj6sAbfTyjdpdTYsmAWwN23IomckmLt23DBwVjyzT8R6mdgs5qAiJRZtmaueysH-Iju_i0XqBzex4_MvstdP8g_fH4kvbAuRmOX4FunvnQ28ua1y06oFc2sJ2Ynk6k_4vADTw=s10000,http://www.thegaiabandung.com/,1.0,high,27,0.7160047101382211,Positif,high_review_confidence,0.9,False,1,2,low_capacity_confidence,2,low,price_outlier_for_type,verify_price_source,,,,price_outlier_keep_with_caution,keep_but_lower_price_confidence,"tidak terlihat error jelas, cukup ditandai outlier",,,,keep_but_lower_price_confidence
LODGE-01109,Bajorah Homestay,guest_house,3.5,1.0,1172727.0,Rp 1.172.727,Dapur; Kompor; Boleh bawa hewan peliharaan; TV Kabel,https://xx.bstatic.com/xdata/w/hotel/840x460_watermarked_standard/UlbWNZwXU4abzLPLYA7z7wbI6mpAVY5vIef_bgIfqxawc0Ugn0A3WaDhBpENi0HtULGXcM2z7Z0gzHuLnUYm_1S5ycHkX7voHFi3HODYS4sU_Yn0_6Z6Gw==.jpg,https://www.booking.com/hotel/id/bajorah-homestay.en-gb.html?aid=2068758&utm_source=seogooglelocal&utm_medium=description&utm_term=hotel-4738868&utm_campaign=en-gb&label=seogooglelocal-link-imagesaow-hotel-4738868_grp-0_gendate-20260524,0.95,high,5,0.621913989489821,Positif,low_review_confidence,0.25,False,1,2,low_capacity_confidence,4,medium,property_type_maybe_needs_review|price_outlier_for_type,verify_price_source,,,,price_outlier_keep_with_caution,keep_but_lower_price_confidence,"tidak terlihat error jelas, cukup ditandai outlier",,,,keep_but_lower_price_confidence
LODGE-01160,Over Easy Apartment - Three-Bedroom Apartment,apartment,4.0,2.0,1507968.0,Rp 1.507.968,Cocok untuk anak; Ranjang bayi; Gym; Kolam renang di dalam ruangan; Dapur; Microwave; Kompor; Boleh bawa hewan peliharaan; Bebas asap rokok; TV Kabel; Parkir gratis; Wi-Fi gratis,https://static.cupid.travel/hotels/498079197.jpg,https://www.bluepillow.com/search/65c9f7ae671b07d23c6945eb/1089383702?dest=bkng&cat=Apartment&lat=-6.85259&lng=107.62729&language=en,0.95,high,0,,Belum tersedia,missing_review_confidence,0.5,True,5,6,high_capacity_confidence,5,medium,looks_like_detail_or_unit_listing|price_outlier_for_type,review_parent_child_or_mark_secondary,apartment_unit_detail,secondary_option_not_primary_parent,high_attention,secondary_high_price_unit,keep_secondary_and_verify_if_top_ranked,"apartemen/unit mahal tidak salah, tapi jangan jadi opsi utama tanpa konteks user",,,,hold_or_secondary_detail_listing
LODGE-01212,4 BR City View Villa with a private pool 1,villa,5.0,2.0,20880104.0,Rp 20.880.104,Ber-AC; Balkon; Penghangat; Bak air panas; Papan setrika; Dapur; Microwave; Teras; Bebas asap rokok; TV Kabel; Mesin cuci; Parkir gratis; Wi-Fi gratis,https://p.fih.io/v2/nSr0o-3gbZN8o1xMecXCcG-BkDeQVo3k-wOeVogkTe7ajuFOX7O-WA8aRWhXz1jsToZif_TsA_xCWfhWRa0ZmMqUsAcG6SQYMBmrRsVN6xfOhXvsJrWpizXcCanCqJS_IjEQ8b_YVlO_PTF4en3ketkYyx1j1dLbUfhlOgkNcIcn9PwNtk_AU2csbUk6dd9sHrY9VmP2oVtSPacx5dpRpY0tdfs0O2klORT9A5pSgPnevBhQ3nG9m-EPX9ye2XQ7a_hO30Ey8p2tq4tlIUuR-8O4z7zXYkhA-vxpmOGZDXpwFT1rXyPQfLkoDMd7awtI-XJidwhiXmQHJWh5Sd-8h89UXptoEw,,0.9,high,0,,Belum tersedia,missing_review_confidence,1.0,True,6,8,high_capacity_confidence,6,medium,missing_source_link|looks_like_detail_or_unit_listing|price_outlier_for_type,review_parent_child_or_mark_secondary,whole_house_or_large_unit,keep_secondary_or_review_parent_status,medium_attention,likely_valid_large_unit_price,keep_but_mark_high_price,"harga tinggi masuk akal untuk villa/rumah/unit besar, tetap perlu label harga mahal",,,,keep_secondary_or_review_parent_status
LODGE-01213,4 BR City View Villa with a private pool 2,villa,5.0,16.0,20077708.0,Rp 20.077.708,Ber-AC; Balkon; Penghangat; Papan setrika; Dapur; Microwave; Kolam renang luar; Bebas asap rokok; TV Kabel; Mesin cuci; Parkir gratis; Wi-Fi gratis,https://images.trvl-media.com/lodging/37000000/36480000/36471800/36471725/96fba1cc_z.jpg,,0.9,high,0,,Belum tersedia,missing_review_confidence,1.0,True,6,8,high_capacity_confidence,6,medium,missing_source_link|looks_like_detail_or_unit_listing|price_outlier_for_type,review_parent_child_or_mark_secondary,whole_house_or_large_unit,keep_secondary_or_review_parent_status,medium_attention,likely_valid_large_unit_price,keep_but_mark_high_price,"harga tinggi masuk akal untuk villa/rumah/unit besar, tetap perlu label harga mahal",,,,keep_secondary_or_review_parent_status
LODGE-01214,6 BR Hill View Villa with a private pool 1,villa,4.0,2.0,20987090.0,Rp 20.987.090,Ber-AC; Balkon; Papan setrika; Dapur; Microwave; Teras; Bebas asap rokok; TV Kabel; Mesin cuci; Parkir gratis; Wi-Fi gratis,https://images.trvl-media.com/lodging/37000000/36480000/36471700/36471688/2f65a277_z.jpg,,0.9,high,0,,Belum tersedia,missing_review_confidence,0.5,True,10,12,high_capacity_confidence,6,medium,missing_source_link|looks_like_detail_or_unit_listing|price_outlier_for_type,review_parent_child_or_mark_secondary,whole_house_or_large_unit,keep_secondary_or_review_parent_status,medium_attention,likely_valid_large_unit_price,keep_but_mark_high_price,"harga tinggi masuk akal untuk villa/rumah/unit besar, tetap perlu label harga mahal",,,,keep_secondary_or_review_parent_status
LODGE-01226,Belle Vue by Kozystay - Dago,vacation_rental,4.61,23.0,24080054.0,Rp 24.080.054,Ber-AC; Balkon; Bak air panas; Dapur; Microwave; Kolam renang luar; Kompor; Bebas asap rokok; Mesin cuci; Parkir gratis; Wi-Fi gratis,https://p.fih.io/v2/nSr0o-3gbZN8o1xMecXCcG-BkDeQVo3k-wOeVogkTe7ajuFOX7O-WA8aRWhXz1jsToZif_TsA_xCWfhWRa0Z05zokjly73JqKRG9Sa9k6B7PqVP7RJv-mzjFc4n2gOixKCFSrbTaDE3gKTF4en3ketkYyx1j1dLbUfhlOgkNcIcn9PwNtk_AU2csbUk6dd9sGo49Qn31qiMVOoIxofR_2o8VcZA3AAhCPReYBoJ8vY2Gq2593GaA4u4OT9Tb2nQda_hO30Az3Jnoq6VlLkiv-8O4z7ScYUh6sPx5mOyYfAdwFxNzWTSIWrg-a8N4RSFT7hNMQQRLQQu6blhdvk_2497wQhMpwHnIu9_ewi0eawXRjgoQSg,,0.9,high,9,0.6180461161970671,Positif,medium_review_confidence,0.805,False,4,8,low_capacity_confidence,4,medium,missing_source_link|price_outlier_for_type|capacity_low_confidence_for_unit_property,verify_price_source,,,,likely_valid_large_unit_price,keep_but_mark_high_price,"harga tinggi masuk akal untuk villa/rumah/unit besar, tetap perlu label harga mahal",,,,keep_but_mark_high_price
LODGE-01243,Dago Escape Villa by Kozystay - Bandung,villa,4.675,21.0,27551038.0,Rp 27.551.038,Ber-AC; Balkon; Elevator; Gym; Bak air panas; Papan setrika; Dapur; Microwave; Kolam renang luar; Kompor; Bebas asap rokok; Parkir gratis; Wi-Fi gratis,https://p.fih.io/v2/nSr0o-3gbZN8o1xMecXCcG-BkDeQVo3k-wOeVogkTe7ajuFOX7O-WA8aRWhXz1jsToZif_TsA_xCWfhWRa0Zo6CP5yoS02QdO0yMYsFw-Rzio2v6Roi_tx_Ma5zfrZGEC1Zh2azEBU_COTF4en3ketkYyx1j1dLbUfhlOgkNcIcn9PwNtk_AU2csbUk6dd9sGo49Qn31qiMVOoIxofR_2o8VcZA3AAhCPReYBoJ8vY2Gq2593GaA4u4OT9Db2nQda_hO30Az3JWqq7VLLkiv-8O4z7SdY1hA-_xXsuyYfAdwFy1ZWDeIaLk9VeF4RzFY_QZibFlLUR-6blhdvk_2497wQhMptChxaY7PCzrN7InNNAvBpQ,,0.9,high,0,,Belum tersedia,missing_review_confidence,0.8375,False,4,8,low_capacity_confidence,4,medium,missing_source_link|price_outlier_for_type|capacity_low_confidence_for_unit_property,verify_price_source,,,,likely_valid_large_unit_price,keep_but_mark_high_price,"harga tinggi masuk akal untuk villa/rumah/unit besar, tetap perlu label harga mahal",,,,keep_but_mark_high_price
LODGE-01246,Deluxe & Well Appointed 2Br at El Royale Apartment,apartment,3.8,50.0,1234179.0,Rp 1.234.179,Ber-AC; Elevator; Dapur; Microwave; Kolam renang luar; Bebas asap rokok; Parkir berbayar; Wi-Fi gratis,https://dimg04.c-ctrip.com/images//0220812000kxn2h2g555A_Mtrip_D.jpg,,0.9,high,0,,Belum tersedia,missing_review_confidence,0.4,True,3,4,high_capacity_confidence,6,medium,missing_source_link|looks_like_detail_or_unit_listing|price_outlier_for_type,review_parent_child_or_mark_secondary,apartment_unit_detail,secondary_option_not_primary_parent,high_attention,secondary_high_price_unit,keep_secondary_and_verify_if_top_ranked,"apartemen/unit mahal tidak salah, tapi jangan jadi opsi utama tanpa konteks user",,,,hold_or_secondary_detail_listing
LODGE-01247,Double R Villa F11 Dago Village - Villa,villa,4.5,2.0,17035600.0,Rp 17.035.600,Ber-AC; Balkon; Cocok untuk anak; Ranjang bayi; Elevator; Gym; Bak air panas; Papan setrika; Dapur; Microwave; Pemanggang luar ruang; Teras; Bebas asap rokok; TV Kabel; Mesin cuci; Dapat diakses pengguna kursi roda; Parkir gratis; Wi-Fi gratis,https://pix8.agoda.net/hotelImages/40559737/0/213348fdd55f2736e96e26aaa488632c.jpg?ce=0,,0.9,high,16,0.6806597063680656,Positif,high_review_confidence,0.75,True,1,2,medium_capacity_confidence,6,medium,missing_source_link|looks_like_detail_or_unit_listing|price_outlier_for_type,review_parent_child_or_mark_secondary,villa_or_house_detail,review_parent_child_status,medium_attention,likely_valid_large_unit_price,keep_but_mark_high_price,"harga tinggi masuk akal untuk villa/rumah/unit besar, tetap perlu label harga mahal",,,,review_parent_child_status
LODGE-01254,Green Forest Plantation View 6BR with Infinity Pool,vacation_rental,3.8222,9.0,8711336.0,Rp 8.711.336,Ber-AC; Jemputan bandara; Balkon; Cocok untuk anak; Papan setrika; Dapur; Microwave; Kolam renang luar; Kompor; TV Kabel; Mesin cuci; Parkir gratis; Wi-Fi gratis,https://freecancellationscdn-hsbgcwfragasdpfe.z01.azurefd.net/remote/images.trvl-media.com/lodging/10000000/9240000/9231700/9231691/f6813dda.jpg?impolicy=ccrop&w=1000&h=666&q=medium&w=1024&h=683&mode=crop&scale=both&anchor=middlecenter&quality=80,,0.9,high,0,,Belum tersedia,missing_review_confidence,0.4111,True,10,12,high_capacity_confidence,6,medium,missing_source_link|looks_like_detail_or_unit_listing|price_outlier_for_type,review_parent_child_or_mark_secondary,other_detail_listing,review_parent_child_status,low_attention,likely_valid_large_unit_price,keep_but_mark_high_price,"harga tinggi masuk akal untuk villa/rumah/unit besar, tetap perlu label harga mahal",,,,review_parent_child_status
LODGE-01255,Guest House Omah Ningrat Bandung,guest_house,4.75,8.0,1167396.0,Rp 1.167.396,Ber-AC; Balkon; Cocok untuk anak; Elevator; Dapur; Bebas asap rokok; TV Kabel; Parkir gratis,https://pix8.agoda.net/hotelImages/51976674/0/62c01e3d6e95c82e110b2aedd7600be4.jpeg?ce=0,,0.9,high,7,0.6024921479512424,Positif,medium_review_confidence,0.875,False,1,2,low_capacity_confidence,5,medium,missing_source_link|property_type_maybe_needs_review|price_outlier_for_type,verify_price_source,,,,property_type_or_unit_size_review,review_type_or_capacity_before_ranking,"tipe terlihat seperti rumah/homestay/unit besar, bukan hotel reguler",,,,verify_price_or_type
LODGE-01279,Kamala plantation view villa 10 bedrooms with a private heated Infinity pool and a billiard table - Villa with Private Pool,villa,4.7143,7.0,14637649.0,Rp 14.637.649,Ber-AC; Cocok untuk anak; Ranjang bayi; Papan setrika; Dapur; Microwave; Kolam renang luar; Kompor; Teras; TV Kabel; Mesin cuci; Parkir gratis,https://q-xx.bstatic.com/xdata/images/hotel/max1024x683/569136004.jpg?k=a5a4f74cc40b8b45cb802c65c5ae8469a4a3e222ec545d0bb6a48ea3724479cf&o=&a=1538557,,0.9,high,0,,Belum tersedia,missing_review_confidence,0.8571,True,18,20,high_capacity_confidence,6,medium,missing_source_link|looks_like_detail_or_unit_listing|price_outlier_for_type,review_parent_child_or_mark_secondary,whole_house_or_large_unit,keep_secondary_or_review_parent_status,medium_attention,likely_valid_large_unit_price,keep_but_mark_high_price,"harga tinggi masuk akal untuk villa/rumah/unit besar, tetap perlu label harga mahal",,,,keep_secondary_or_review_parent_status
LODGE-01287,Modern Look 3Br At Apartment Braga City Walk,apartment,2.4286,7.0,1302832.0,Rp 1.302.832,Ber-AC; Elevator; Gym; Dapur; Microwave; Kompor; TV Kabel; Parkir gratis; Wi-Fi gratis,https://p.fih.io/v2/nSr0o-3gbZN8o1xMecXCcG-BkDeQVo3k-wOeVogkTe7ajuFOX7O-WA8aRWhXz1jsToZif_TsA_xCWfhWRa0Zx8HrhzkDs09jb0ifb5tA9CzY7CfWDYuKpgnyNYP19qa9LCVA9-i7F2vOfjF4en3ketkYyx1j1dLbUfhlOgkNcIcn9PwNtk_AU2csbUk6dd9sGqAEVmr2qjQMPI095Pdv3pEtFPIxOxxOPC-YWoFEg4yVvBhU3nG9m-EOYdDa2mQda_hex0EzzJHoqbVDLkiv_4W5z7CSYU8b-v9HsuOba3Y9FC1nHSCIdLg9aOJmUw9u8ThxMhxmQibyYUENqI0gkrgSzzJrSliF5R5-blU,,0.9,high,0,,Belum tersedia,missing_review_confidence,-0.2857,True,5,6,high_capacity_confidence,6,medium,missing_source_link|looks_like_detail_or_unit_listing|price_outlier_for_type,review_parent_child_or_mark_secondary,apartment_unit_detail,secondary_option_not_primary_parent,high_attention,secondary_high_price_unit,keep_secondary_and_verify_if_top_ranked,"apartemen/unit mahal tidak salah, tapi jangan jadi opsi utama tanpa konteks user",,,,hold_or_secondary_detail_listing
LODGE-01292,Ouma Guest House,guest_house,5.0,16.0,1078597.0,Rp 1.078.597,Ber-AC; Papan setrika; Dapur; Kompor; Bebas asap rokok; Mesin cuci; Dapat diakses pengguna kursi roda; Wi-Fi gratis,https://freecancellationscdn-hsbgcwfragasdpfe.z01.azurefd.net/remote/static.cupid.travel/hotels/ex_895bf8a8_z.jpg?w=1024&h=683&mode=crop&scale=both&anchor=middlecenter&quality=80,,0.9,high,26,0.7134141208799472,Positif,high_review_confidence,1.0,False,1,2,low_capacity_confidence,5,medium,missing_source_link|property_type_maybe_needs_review|price_outlier_for_type,verify_price_source,,,,property_type_or_unit_size_review,review_type_or_capacity_before_ranking,"tipe terlihat seperti rumah/homestay/unit besar, bukan hotel reguler",,,,verify_price_or_type
LODGE-01302,Radiance Hill View Villa 10 bedrooms with a private heated pool and billard - Villa with Private Pool,villa,5.0,2.0,13204546.0,Rp 13.204.546,Ber-AC; Dapur; Kolam renang luar; Boleh bawa hewan peliharaan; Bebas asap rokok; TV Kabel; Mesin cuci; Parkir gratis,https://static.cupid.travel/hotels/569127629.jpg,,0.9,high,0,,Belum tersedia,missing_review_confidence,1.0,True,18,20,high_capacity_confidence,6,medium,missing_source_link|looks_like_detail_or_unit_listing|price_outlier_for_type,review_parent_child_or_mark_secondary,whole_house_or_large_unit,keep_secondary_or_review_parent_status,medium_attention,likely_valid_large_unit_price,keep_but_mark_high_price,"harga tinggi masuk akal untuk villa/rumah/unit besar, tetap perlu label harga mahal",,,,keep_secondary_or_review_parent_status
LODGE-01316,Sorte by Kozystay -Dago,vacation_rental,4.8342,32.0,6185939.0,Rp 6.185.939,Ber-AC; Bak air panas; Papan setrika; Microwave; Pemanggang luar ruang; Kolam renang luar; Kompor; Parkir gratis; Wi-Fi gratis,https://p.fih.io/v2/nSr0o-3gbZN8o1xMecXCcG-BkDeQVo3k-wOeVogkTe7ajuFOX7O-WA8aRWhXz1jsToZif_TsA_xCWfhWRa0ZrrO3jQEj7HgzNRjTaJRp7iXDj1KUBuCNukjpFqDp_-iDMyQU-brgK3bnfjF4en3ketkYyx1j1dLbUfhlOgkNcIcn9PwNtk_AU2csbUk6dd9sGo49Qn31qiMVOoIxofR_2o8VcZA3AAhCPReYBoJ8vY2Gq2593GaA4u4Ocfbb2nQda_hO30Az3JWsq7VTLkiv-8O4z7SdYnZAsv9XtuyYfAdwFy1RWDSmfPs-a894Rx9TowVlVl5fURe6blhdvk_2497wQhMpbW0ABurjdoiE2iXgZxes4w,,0.9,high,0,,Belum tersedia,missing_review_confidence,0.9171,False,4,8,low_capacity_confidence,4,medium,missing_source_link|price_outlier_for_type|capacity_low_confidence_for_unit_property,verify_price_source,,,,likely_valid_large_unit_price,keep_but_mark_high_price,"harga tinggi masuk akal untuk villa/rumah/unit besar, tetap perlu label harga mahal",,,,keep_but_mark_high_price
LODGE-01319,Sukha by Kozystay - Dago,vacation_rental,4.56,9.0,8309069.0,Rp 8.309.069,Ber-AC; Balkon; Papan setrika; Dapur; Microwave; Pemanggang luar ruang; Kolam renang luar; Kompor; Bebas asap rokok; TV Kabel; Parkir gratis; Wi-Fi gratis,https://pix8.agoda.net/hotelImages/49680632/0/3dc4230a32faa7a0eb890c632332a581.jpg?ce=0,,0.9,high,0,,Belum tersedia,missing_review_confidence,0.78,False,4,8,low_capacity_confidence,4,medium,missing_source_link|price_outlier_for_type|capacity_low_confidence_for_unit_property,verify_price_source,,,,likely_valid_large_unit_price,keep_but_mark_high_price,"harga tinggi masuk akal untuk villa/rumah/unit besar, tetap perlu label harga mahal",,,,keep_but_mark_high_price
LODGE-01320,Sunrise City View Villa 9 Bedrooms With a Private Swimming Pool and a Billiard Table,villa,4.15,4.0,15519391.0,Rp 15.519.391,Ber-AC; Ranjang bayi; Papan setrika; Dapur; Microwave; Kolam renang luar; Teras; Bebas asap rokok; TV Kabel; Mesin cuci; Parkir gratis; Wi-Fi gratis,https://p.fih.io/v2/nSr0o-3gbZN8o1xMecXCcG-BkDeQVo3k-wOeVogkTe7ajuFOX7O-WA8aRWhXz1jsToZif_TsA_xCWfhWRa0Zub2SvCEq3llgLk6ffMZL8GvelH3LQ4iPuhCfcZLLmeigPB9L8oW4UXXUAzF4en3ketkYyx1j1dLbUfhlOgkNcIcn9PwNtk_AU2csbUk6dd9sGo49Qn31qiMVOoIxofR_2o8VcZA3AAhCPReYBoJ8vY2Gq2593GaA4u4OYdDb2nQda_hO30Ax3Luqq5tHLkiv-8K74ZrQYkhEsv9Hsu2aa1Q9FD1VETS2aPo-aOF5UDFHoxNcbwtgbHCtaHYL4UbB5ZeaYveU5MhzVCx9rDox_3HU,,0.9,high,0,,Belum tersedia,missing_review_confidence,0.575,False,16,18,high_capacity_confidence,3,low,missing_source_link|price_outlier_for_type,verify_price_source,,,,likely_valid_large_unit_price,keep_but_mark_high_price,"harga tinggi masuk akal untuk villa/rumah/unit besar, tetap perlu label harga mahal",,,,keep_but_mark_high_price
LODGE-01343,Beverly Hill Mountain View Villa 8BR,villa,5.0,2.0,14229140.0,Rp 14.229.140,Balkon; Cocok untuk anak; Dapur; Microwave; Kolam renang luar; Kompor; Bebas asap rokok; TV Kabel; Dapat diakses pengguna kursi roda; Parkir gratis; Wi-Fi gratis,https://freecancellationscdn-hsbgcwfragasdpfe.z01.azurefd.net/remote/static.cupid.travel/hotels/ex_8e6914f1_z.jpg?w=1024&h=683&mode=crop&scale=both&anchor=middlecenter&quality=80,,0.85,high,0,,Belum tersedia,missing_review_confidence,1.0,True,14,16,high_capacity_confidence,6,medium,missing_source_link|looks_like_detail_or_unit_listing|price_outlier_for_type,review_parent_child_or_mark_secondary,whole_house_or_large_unit,keep_secondary_or_review_parent_status,medium_attention,likely_valid_large_unit_price,keep_but_mark_high_price,"harga tinggi masuk akal untuk villa/rumah/unit besar, tetap perlu label harga mahal",,,,keep_secondary_or_review_parent_status
LODGE-01344,Bohemian Spacious 2BR at Apartment Marbella Suites Dago Pakar Bandung By Travelio,apartment,3.1,9.0,1246744.0,Rp 1.246.744,Elevator; Dapur; Microwave; Kolam renang luar; Bebas asap rokok; Parkir berbayar; Wi-Fi gratis,https://p.fih.io/v2/nSr0o-3gbZN8o1xMecXCcG-BkDeQVo3k-wOeVogkTe7ajuFOX7O-WA8aRWhXz1jsToZif_TsA_xCWfhWRa0ZiIuYmykzzEINMxvXWK5iyAvdh3n0Day-giPMKof4q569TktF8_D2FkvkITF4en3ketkYyx1j1dLbUfhlOgkNcIcn9PwNtk_AU2csbUk6dd9sGqAEVmr2qjQMPI095Pdv3pEtFPIxOxxOPC-YWoFEg4zZvxhQ3nG9m-EOZqmY2koZa_hO30Ezy-irqLVHbEqv0cO59snRYXZit_1HlOKbfAZgFBNkBjW2aPQpaZE9Rgh64AZ_KQd1YCKlEbhb0J3x_0uWSTZneD8c,,0.85,high,0,,Belum tersedia,missing_review_confidence,0.05,True,3,4,high_capacity_confidence,6,medium,missing_source_link|looks_like_detail_or_unit_listing|price_outlier_for_type,review_parent_child_or_mark_secondary,apartment_unit_detail,secondary_option_not_primary_parent,high_attention,secondary_high_price_unit,keep_secondary_and_verify_if_top_ranked,"apartemen/unit mahal tidak salah, tapi jangan jadi opsi utama tanpa konteks user",,,,hold_or_secondary_detail_listing
LODGE-01347,Cottonwood Apartment at Marbella Suites Dago,apartment,3.8043,35.0,1446528.0,Rp 1.446.528,Ber-AC; Cocok untuk anak; Elevator; Papan setrika; Dapur; Microwave; Kompor; Boleh bawa hewan peliharaan; Bebas asap rokok; TV Kabel; Dapat diakses pengguna kursi roda; Parkir gratis,https://freecancellationscdn-hsbgcwfragasdpfe.z01.azurefd.net/remote/static.cupid.travel/hotels/485598650.jpg?w=1024&h=683&mode=crop&scale=both&anchor=middlecenter&quality=80,,0.85,high,0,,Belum tersedia,missing_review_confidence,0.4022,False,2,4,low_capacity_confidence,4,medium,missing_source_link|price_outlier_for_type|capacity_low_confidence_for_unit_property,verify_price_source,,,,secondary_high_price_unit,keep_secondary_and_verify_if_top_ranked,"apartemen/unit mahal tidak salah, tapi jangan jadi opsi utama tanpa konteks user",,,,keep_secondary_and_verify_if_top_ranked
LODGE-01351,De Riau Cottage by House in Bandung,hotel,4.8,12.0,1649984.0,Rp 1.649.984,Free Wi-Fi; Restaurant; Airport shuttle; Kid-friendly,https://lh3.googleusercontent.com/gps-cs-s/APNQkAHY_XF6GGtv0Cjto-p2TCR0aEi9mUY-xiDnWz7bwNla2M7g0tnZr4WqD5wsOdsHoqztyMlV01oGgRShNes4b4xPxO99brcuRKYHksfpECMDE4vlnrQ0fWvGGMsgdgTdLRQIyWbNow=s10000,,0.85,high,0,,Belum tersedia,missing_review_confidence,0.9,False,1,2,low_capacity_confidence,5,medium,missing_source_link|property_type_maybe_needs_review|price_outlier_for_type,verify_price_source,,,,property_type_or_unit_size_review,review_type_or_capacity_before_ranking,"tipe terlihat seperti rumah/homestay/unit besar, bukan hotel reguler",,,,verify_price_or_type
LODGE-01361,Greenhill Mountain City View 8BR Villa Heated Pool,villa,5.0,9.0,13750000.0,Rp 13.750.000,Ber-AC; Balkon; Cocok untuk anak; Dapur; Microwave; Kolam renang luar; Kompor; Parkir gratis; Wi-Fi gratis,https://images.trvl-media.com/lodging/89000000/88350000/88341300/88341253/0122047b_z.jpg,,0.85,high,0,,Belum tersedia,missing_review_confidence,1.0,True,14,16,high_capacity_confidence,6,medium,missing_source_link|looks_like_detail_or_unit_listing|price_outlier_for_type,review_parent_child_or_mark_secondary,whole_house_or_large_unit,keep_secondary_or_review_parent_status,medium_attention,likely_valid_large_unit_price,keep_but_mark_high_price,"harga tinggi masuk akal untuk villa/rumah/unit besar, tetap perlu label harga mahal",,,,keep_secondary_or_review_parent_status
LODGE-01378,Mentari Hill View Villa 8 Bedrooms With a Private Heated Swimming Pool and a Movie Room and a Billiard Table - Villa with Private Pool,villa,4.6364,11.0,14492147.0,Rp 14.492.147,Ber-AC; Ranjang bayi; Dapur; Kolam renang luar; TV Kabel; Mesin cuci; Parkir gratis; Wi-Fi gratis,https://p.fih.io/v2/nSr0o-3gbZN8o1xMecXCcG-BkDeQVo3k-wOeVogkTe7ajuFOX7O-WA8aRWhXz1jsToZif_TsA_xCWfhWRa0ZiYu3nwU1xic3ND6LdIRisQzMr137Ma2_txCQCZ7ejLSKLApF-4r3VgLiBzF4en3ketkYyx1j1dLbUfhlOgkNcIcn9PwNtk_AU2csbUk6dd9sGo49Qn31qiMVOoIxofR_2o8VcZA3AAhCPReYBoJ8vY2Gq2593GaA4u8OcdDb2nQda_hJpk8zzJWtqItHLkiogs258bTUY0hE9f9Ay-KYe3o5FT1RWzSbAbw9e8xmRB9c_hFePltJaDWrUUZGpVzU596G92aKRSF8hfRGA1YbSOA,,0.85,high,0,,Belum tersedia,missing_review_confidence,0.8182,True,14,16,high_capacity_confidence,6,medium,missing_source_link|looks_like_detail_or_unit_listing|price_outlier_for_type,review_parent_child_or_mark_secondary,whole_house_or_large_unit,keep_secondary_or_review_parent_status,medium_attention,likely_valid_large_unit_price,keep_but_mark_high_price,"harga tinggi masuk akal untuk villa/rumah/unit besar, tetap perlu label harga mahal",,,,keep_secondary_or_review_parent_status
LODGE-01382,Newly Renovated 3BR with Smart TV Braga City Walk Apartment By Travelio,apartment,3.4294,109.0,1443598.0,Rp 1.443.598,Ber-AC; Kolam renang luar; Bebas asap rokok; Parkir gratis,https://static.cupid.travel/hotels/203909650.jpg,,0.85,high,0,,Belum tersedia,missing_review_confidence,0.2147,True,5,6,high_capacity_confidence,6,medium,missing_source_link|looks_like_detail_or_unit_listing|price_outlier_for_type,review_parent_child_or_mark_secondary,apartment_unit_detail,secondary_option_not_primary_parent,high_attention,secondary_high_price_unit,keep_secondary_and_verify_if_top_ranked,"apartemen/unit mahal tidak salah, tapi jangan jadi opsi utama tanpa konteks user",,,,hold_or_secondary_detail_listing
LODGE-01396,Savya Aparthotel by Kozystay - Bandung,hotel,4.0,6.0,1765060.0,Rp 1.765.060,Ber-AC; Elevator; Gym; Papan setrika; Dapur; Microwave; Kolam renang luar; Bebas asap rokok; Parkir gratis; Wi-Fi gratis,https://images.trvl-media.com/lodging/114000000/113320000/113317300/113317233/37d2064d_z.jpg,,0.85,high,23,0.6152962953443115,Positif,high_review_confidence,0.5,False,1,2,low_capacity_confidence,3,low,missing_source_link|price_outlier_for_type,verify_price_source,,,,verify_price_source,manual_source_check,harga tinggi dengan rating/source lemah perlu cek sumber,,,,verify_price_or_type
LODGE-01400,Sunrise City View Villa 9 Bedrooms With a Private Swimming Pool and a Billiard Table,villa,3.5,2.0,14000000.0,Rp 14.000.000,Ber-AC; Balkon; Dapur; Microwave; Kompor; Teras; Boleh bawa hewan peliharaan; Bebas asap rokok; TV Kabel; Parkir gratis; Wi-Fi gratis,https://pix8.agoda.net/hotelImages/46999383/0/76e8044e30baa5def0352d923e39e0d3.jpg?ce=0,,0.85,high,0,,Belum tersedia,missing_review_confidence,0.25,False,16,18,high_capacity_confidence,3,low,missing_source_link|price_outlier_for_type,verify_price_source,,,,likely_valid_large_unit_price,keep_but_mark_high_price,"harga tinggi masuk akal untuk villa/rumah/unit besar, tetap perlu label harga mahal",,,,keep_but_mark_high_price
LODGE-01401,Tabgha by Kozystay - Dago,vacation_rental,4.91,11.0,5142640.0,Rp 5.142.640,Ber-AC; Ranjang bayi; Papan setrika; Dapur; Microwave; Kolam renang luar; Kompor; Bebas asap rokok; TV Kabel; Parkir gratis; Wi-Fi gratis,https://p.fih.io/v2/nSr0o-3gbZN8o1xMecXCcG-BkDeQVo3k-wOeVogkTe7ajuFOX7O-WA8aRWhXz1jsToZif_TsA_xCWfhWRa0Zs5CXpiAz5kwGGUaxaalSz27jhGDAELaPkRvZDKPTiuu8HycS9ZrqPFCzfjF4en3ketkYyx1j1dLbUfhlOgkNcIcn9PwNtk_AU2csbUk6dd9sGo49Qn31qiMVOoIxofR_2o8VcZA3AAhCPReYBoJ8vY2Gq2593GaA4u4Ocfbb2nQda_hO30Az3JWsq7VXLkiv-8O4z7SdYnZA-Px5ouyYfAdwFy1RWDeYWvY-e-l4UwhD7hJfSllKUQ-6blhdvk_2497wQhMpeBvN70nt-9kttQdgC2mgSw,,0.85,high,0,,Belum tersedia,missing_review_confidence,0.955,False,4,8,low_capacity_confidence,4,medium,missing_source_link|price_outlier_for_type|capacity_low_confidence_for_unit_property,verify_price_source,,,,likely_valid_large_unit_price,keep_but_mark_high_price,"harga tinggi masuk akal untuk villa/rumah/unit besar, tetap perlu label harga mahal",,,,keep_but_mark_high_price
LODGE-01443,Fatih Homestay,guest_house,,,1063636.0,Rp 1.063.636,Ber-AC; Dapur,https://xx.bstatic.com/xdata/w/hotel/840x460_watermarked_standard/UlbWNZwXU4abzMrgcmpxcqYJwQPNTIZQJtJW9KQ_sNjnKQw1BYEFbKsywfEZjPUhdnHDT70P06hiKcT5lKmU2ZnduwmwnfNV6NvHJ5ITkASj3kQW_9yumw==.jpg,https://www.booking.com/hotel/id/fatih-homestay-kota-bandung.en-gb.html?aid=2068758&utm_source=seogooglelocal&utm_medium=description&utm_term=hotel-14504727&utm_campaign=en-gb&label=seogooglelocal-link-imagesaow-hotel-14504727_grp-3_gendate-20260524,0.8,high,0,,Belum tersedia,missing_review_confidence,,False,1,2,low_capacity_confidence,8,high,missing_rating_or_reviews|missing_any_sentiment|property_type_maybe_needs_review|price_outlier_for_type,verify_price_source,,,,verify_price_source,manual_source_check,harga tinggi dengan rating/source lemah perlu cek sumber,,,,verify_price_or_type
