source_file,search_query,target_id,target_name,result_source,result_name,distance_km,name_similarity,price_lowest,price_display,overall_rating,reviews,property_token,audit_status
pasted-text.txt,Rhapsodic Stay Bed and Breakfast Bandung Kota Bandung Jawa Barat Indonesia,LODGE-01551,Rhapsodic Stay Bed and Breakfast Bandung,properties,Rhapsodic Stay Bed and Breakfast Bandung,0.004,1.0,,,4.3,65.0,ChoIudSv3YOipa7EARoNL2cvMTFjbWhkbDV2NxAB,target_found_no_price
pasted-text.txt,Rhapsodic Stay Bed and Breakfast Bandung Kota Bandung Jawa Barat Indonesia,LODGE-01551,Rhapsodic Stay Bed and Breakfast Bandung,properties,Daun Residence,1.131,0.217,410477.0,Rp 410.477,4.5,383.0,ChkI6Oq366mtyJp8Gg0vZy8xMWZqd3pmaHhoEAE,other_property_price_ignore
pasted-text.txt,Rhapsodic Stay Bed and Breakfast Bandung Kota Bandung Jawa Barat Indonesia,LODGE-01551,Rhapsodic Stay Bed and Breakfast Bandung,properties,Pagar Putih Guest House Syariah,1.358,0.254,157343.0,Rp 157.343,4.6,156.0,ChkI_amaqeDl9fESGg0vZy8xMXNwODY0eWpuEAE,other_property_price_ignore
pasted-text.txt,Rhapsodic Stay Bed and Breakfast Bandung Kota Bandung Jawa Barat Indonesia,LODGE-01551,Rhapsodic Stay Bed and Breakfast Bandung,properties,Buminanienie Family Guest House,1.162,0.222,163214.0,Rp 163.214,4.1,172.0,ChcI85yV5MOUjetrGgsvZy8xdGY0YmZsNRAB,other_property_price_ignore
pasted-text.txt,Rhapsodic Stay Bed and Breakfast Bandung Kota Bandung Jawa Barat Indonesia,LODGE-01551,Rhapsodic Stay Bed and Breakfast Bandung,properties,Selaras Guest House & Restaurant,0.947,0.323,379313.0,Rp 379.313,4.6,1182.0,ChgIlIPchaOmvtBRGgwvZy8xMXg5YnRkenQQAQ,other_property_price_ignore
pasted-text.txt,Rhapsodic Stay Bed and Breakfast Bandung Kota Bandung Jawa Barat Indonesia,LODGE-01551,Rhapsodic Stay Bed and Breakfast Bandung,properties,NEO Hotel by ASTON Dipati Ukur Bandung,0.927,0.189,386700.0,Rp 386.700,4.6,6508.0,ChkIx7mbur279Pk0Gg0vZy8xMWJ2M3JuN2JrEAE,other_property_price_ignore
pasted-text.txt,Rhapsodic Stay Bed and Breakfast Bandung Kota Bandung Jawa Barat Indonesia,LODGE-01551,Rhapsodic Stay Bed and Breakfast Bandung,properties,Guest House Mallea,0.971,0.2,252486.0,Rp 252.486,4.8,23.0,ChoI6cqKitSc4Y3MARoNL2cvMTFjNjBkeDBkaxAB,other_property_price_ignore
pasted-text.txt,Rhapsodic Stay Bed and Breakfast Bandung Kota Bandung Jawa Barat Indonesia,LODGE-01551,Rhapsodic Stay Bed and Breakfast Bandung,properties,Urban Merdeka by UHM,1.702,0.245,111654.0,Rp 111.654,4.2,163.0,ChoI66aGy_j0pNDUARoNL2cvMTFmcmZtN3BudBAB,other_property_price_ignore
pasted-text.txt,Rhapsodic Stay Bed and Breakfast Bandung Kota Bandung Jawa Barat Indonesia,LODGE-01551,Rhapsodic Stay Bed and Breakfast Bandung,properties,Hotel tekMIRA,1.092,0.103,168480.0,Rp 168.480,4.4,191.0,ChkIx7XYqrSwlcNCGg0vZy8xMXkyN2wxcWo0EAE,other_property_price_ignore
pasted-text.txt,Rhapsodic Stay Bed and Breakfast Bandung Kota Bandung Jawa Barat Indonesia,LODGE-01551,Rhapsodic Stay Bed and Breakfast Bandung,properties,De'qur Hotel,0.552,0.053,163648.0,Rp 163.648,3.3,512.0,ChcI2bDIxsSUyYoOGgsvZy8xdGN4bTIycBAB,other_property_price_ignore
pasted-text.txt,Rhapsodic Stay Bed and Breakfast Bandung Kota Bandung Jawa Barat Indonesia,LODGE-01551,Rhapsodic Stay Bed and Breakfast Bandung,properties,Travellers Inn,0.71,0.217,369669.0,Rp 369.669,4.3,509.0,ChoIyOfVnNmxx_HRARoNL2cvMTFiN2w0XzUwZhAB,other_property_price_ignore
pasted-text.txt,Rhapsodic Stay Bed and Breakfast Bandung Kota Bandung Jawa Barat Indonesia,LODGE-01551,Rhapsodic Stay Bed and Breakfast Bandung,properties,RedDoorz near Gedung Sate 2,0.198,0.259,208607.0,Rp 208.607,4.5,682.0,ChoI7YyY58WBiuX7ARoNL2cvMTFmNHd2YmwwMhAB,other_property_price_ignore
pasted-text.txt,Rhapsodic Stay Bed and Breakfast Bandung Kota Bandung Jawa Barat Indonesia,LODGE-01551,Rhapsodic Stay Bed and Breakfast Bandung,properties,ibis Styles Bandung Grand Central,0.578,0.421,528756.0,Rp 528.756,4.8,4489.0,ChkIjprq0vXIjvlpGg0vZy8xMWZybDhyYzNqEAE,other_property_price_ignore
pasted-text.txt,Rhapsodic Stay Bed and Breakfast Bandung Kota Bandung Jawa Barat Indonesia,LODGE-01551,Rhapsodic Stay Bed and Breakfast Bandung,properties,Tebu Hotel Bandung,1.077,0.111,502443.0,Rp 502.443,4.4,4490.0,ChoI56LWicfIz8nAARoNL2cvMTFiNzVoc2tqchAB,other_property_price_ignore
pasted-text.txt,Rhapsodic Stay Bed and Breakfast Bandung Kota Bandung Jawa Barat Indonesia,LODGE-01551,Rhapsodic Stay Bed and Breakfast Bandung,properties,Vio Hotel Surapati,0.312,0.182,302604.0,Rp 302.604,4.4,1728.0,ChkI4bH1_8qk0bzFARoML2cvMTJoemhfeXNxEAE,other_property_price_ignore
pasted-text.txt,Rhapsodic Stay Bed and Breakfast Bandung Kota Bandung Jawa Barat Indonesia,LODGE-01551,Rhapsodic Stay Bed and Breakfast Bandung,properties,My Hotel,1.084,0.059,248108.0,Rp 248.108,4.8,12.0,ChoIgumd_NP_mdiGARoNL2cvMTFyZ2g3ODdiYhAB,other_property_price_ignore
pasted-text.txt,Rhapsodic Stay Bed and Breakfast Bandung Kota Bandung Jawa Barat Indonesia,LODGE-01551,Rhapsodic Stay Bed and Breakfast Bandung,properties,Hotel Corsica,1.175,0.256,223130.0,Rp 223.130,4.2,718.0,ChkIpOGKuJe3uJf6ARoML2cvMWhjMmNsYzlnEAE,other_property_price_ignore
pasted-text.txt,Rhapsodic Stay Bed and Breakfast Bandung Kota Bandung Jawa Barat Indonesia,LODGE-01551,Rhapsodic Stay Bed and Breakfast Bandung,properties,IB23 inn,0.809,0.15,494353.0,Rp 494.353,4.8,245.0,ChkI1NGIq6z_xYoHGg0vZy8xMXk2YjJxeng5EAE,other_property_price_ignore
pasted-text.txt,Rhapsodic Stay Bed and Breakfast Bandung Kota Bandung Jawa Barat Indonesia,LODGE-01551,Rhapsodic Stay Bed and Breakfast Bandung,properties,House in the Center of Bandung 10 Minutes to Gedung Sate,0.852,0.219,785455.0,Rp 785.455,,,ChoQtJWtkoDE6sG3ARoNL2cvMTF6Nm0ydDBmMxAC,other_property_price_ignore
pasted-text.txt,Rhapsodic Stay Bed and Breakfast Bandung Kota Bandung Jawa Barat Indonesia,LODGE-01551,Rhapsodic Stay Bed and Breakfast Bandung,properties,Oak Woodpecker Studio,1.451,0.302,861229.0,Rp 861.229,,,ChkQgMHD947Av9cCGg0vZy8xMXljbDhuX3c2EAI,other_property_price_ignore
pasted-text.txt,Rhapsodic Stay Bed and Breakfast Bandung Kota Bandung Jawa Barat Indonesia,LODGE-01551,Rhapsodic Stay Bed and Breakfast Bandung,properties,My Hotel,1.084,0.059,248104.0,Rp 248.104,4.8,12.0,ChoIgumd_NP_mdiGARoNL2cvMTFyZ2g3ODdiYhAB,other_property_price_ignore
pasted-text.txt,Rhapsodic Stay Bed and Breakfast Bandung Kota Bandung Jawa Barat Indonesia,LODGE-01551,Rhapsodic Stay Bed and Breakfast Bandung,properties,Palais Dago Hotel,0.905,0.14,390592.0,Rp 390.592,4.5,1006.0,ChgIx9-X76WJ-fizARoLL2cvMXRkOGcyeGYQAQ,other_property_price_ignore
pasted-text.txt,Rhapsodic Stay Bed and Breakfast Bandung Kota Bandung Jawa Barat Indonesia,LODGE-01551,Rhapsodic Stay Bed and Breakfast Bandung,properties,Namin Hotel - Bandung,0.773,0.162,477520.0,Rp 477.520,4.2,1351.0,ChoI4oCK3ZvYh7HTARoNL2cvMTFidjN2cHBwchAB,other_property_price_ignore
pasted-text.txt,Rhapsodic Stay Bed and Breakfast Bandung Kota Bandung Jawa Barat Indonesia,LODGE-01551,Rhapsodic Stay Bed and Breakfast Bandung,properties,RUMAH TAMU bandung,0.971,0.238,243144.0,Rp 243.144,4.6,37.0,ChkItov636_b59N-Gg0vZy8xMW54M3Jrc3I4EAE,other_property_price_ignore
pasted-text.txt,Rhapsodic Stay Bed and Breakfast Bandung Kota Bandung Jawa Barat Indonesia,LODGE-01551,Rhapsodic Stay Bed and Breakfast Bandung,properties,C60 Homestay,0.071,0.273,,,4.8,162.0,ChoI_ov5qaiCsbrXARoNL2cvMTFkX3l2eWw0NxAB,other_no_price
pasted-text.txt,Rhapsodic Stay Bed and Breakfast Bandung Kota Bandung Jawa Barat Indonesia,LODGE-01551,Rhapsodic Stay Bed and Breakfast Bandung,properties,Rumah Cimandiri,0.857,0.298,496752.0,Rp 496.752,4.6,80.0,ChkI9aWBveeS2-1wGg0vZy8xMXA1eDVuMnkzEAE,other_property_price_ignore
pasted-text.txt,Rhapsodic Stay Bed and Breakfast Bandung Kota Bandung Jawa Barat Indonesia,LODGE-01551,Rhapsodic Stay Bed and Breakfast Bandung,properties,Suryakencana Boutique Guest House,0.912,0.277,714400.0,Rp 714.400,4.8,371.0,ChkI-fvKh7nu1rojGg0vZy8xMWgyYzJsM2R6EAE,other_property_price_ignore
pasted-text.txt,Rhapsodic Stay Bed and Breakfast Bandung Kota Bandung Jawa Barat Indonesia,LODGE-01551,Rhapsodic Stay Bed and Breakfast Bandung,properties,Rumah Ebo Guesthouse,0.826,0.269,432160.0,Rp 432.160,4.3,167.0,ChgI9aumwfeqmZSaARoLL2cvMXg2bjRsZmoQAQ,other_property_price_ignore
pasted-text.txt,Rhapsodic Stay Bed and Breakfast Bandung Kota Bandung Jawa Barat Indonesia,LODGE-01551,Rhapsodic Stay Bed and Breakfast Bandung,properties,Hotel tekMIRA,1.092,0.103,229320.0,Rp 229.320,4.4,191.0,ChkIx7XYqrSwlcNCGg0vZy8xMXkyN2wxcWo0EAE,other_property_price_ignore
pasted-text.txt,Rhapsodic Stay Bed and Breakfast Bandung Kota Bandung Jawa Barat Indonesia,LODGE-01551,Rhapsodic Stay Bed and Breakfast Bandung,properties,Vio Hotel Surapati,0.312,0.182,307072.0,Rp 307.072,4.4,1728.0,ChkI4bH1_8qk0bzFARoML2cvMTJoemhfeXNxEAE,other_property_price_ignore
pasted-text.txt,Rhapsodic Stay Bed and Breakfast Bandung Kota Bandung Jawa Barat Indonesia,LODGE-01551,Rhapsodic Stay Bed and Breakfast Bandung,properties,WOODPECKER Tiny Home's,1.45,0.185,916832.0,Rp 916.832,4.9,128.0,ChkIq-y55Ymb-LUWGg0vZy8xMXduNTFfdGJ2EAE,other_property_price_ignore
pasted-text.txt,Rhapsodic Stay Bed and Breakfast Bandung Kota Bandung Jawa Barat Indonesia,LODGE-01551,Rhapsodic Stay Bed and Breakfast Bandung,properties,Tibera Hotel,1.387,0.211,439344.0,Rp 439.344,4.6,1124.0,ChkI8Yz9yYaTjvZvGg0vZy8xMWI2Y19mcnYwEAE,other_property_price_ignore
pasted-text.txt,Rhapsodic Stay Bed and Breakfast Bandung Kota Bandung Jawa Barat Indonesia,LODGE-01551,Rhapsodic Stay Bed and Breakfast Bandung,properties,Hummingbird Eatery & Space,0.981,0.214,,,4.7,12645.0,ChkIlr_OnrSMvZZ2Gg0vZy8xMWI2YjVrM2h5EAE,other_no_price
pasted-text.txt,Rhapsodic Stay Bed and Breakfast Bandung Kota Bandung Jawa Barat Indonesia,LODGE-01551,Rhapsodic Stay Bed and Breakfast Bandung,properties,Bumi Singgah emaki & Cafe,0.641,0.327,509920.0,Rp 509.920,4.6,53.0,ChkI2qqbuKCK1o5YGg0vZy8xMXcxZjJxM2x6EAE,other_property_price_ignore
pasted-text.txt,Rhapsodic Stay Bed and Breakfast Bandung Kota Bandung Jawa Barat Indonesia,LODGE-01551,Rhapsodic Stay Bed and Breakfast Bandung,properties,Ivory Hotel Bandung,1.235,0.108,559904.0,Rp 559.904,4.6,2539.0,ChoIq5Dyl_jkzrbiARoNL2cvMTFiNmdsNzkwchAB,other_property_price_ignore
pasted-text.txt,Rhapsodic Stay Bed and Breakfast Bandung Kota Bandung Jawa Barat Indonesia,LODGE-01551,Rhapsodic Stay Bed and Breakfast Bandung,properties,Beehive Cafe & Boutique Hotel,1.373,0.189,638016.0,Rp 638.016,4.5,3441.0,ChoIg_6fx5_uwIqtARoNL2cvMTFjM2s2ajhtMBAB,other_property_price_ignore
pasted-text.txt,Rhapsodic Stay Bed and Breakfast Bandung Kota Bandung Jawa Barat Indonesia,LODGE-01551,Rhapsodic Stay Bed and Breakfast Bandung,properties,Citarum Hotel,0.885,0.205,494000.0,Rp 494.000,4.5,1702.0,ChcI1KGGt_-T6t4aGgsvZy8xdGQ4MGNrYhAB,other_property_price_ignore
pasted-text.txt,Rhapsodic Stay Bed and Breakfast Bandung Kota Bandung Jawa Barat Indonesia,LODGE-01551,Rhapsodic Stay Bed and Breakfast Bandung,properties,M Premiere Hotel Bandung,1.164,0.143,531008.0,Rp 531.008,4.4,1046.0,ChoI8YDWkfu0iovpARoNL2cvMTFiNnE2YnExMBAB,other_property_price_ignore
pasted-text.txt,Rhapsodic Stay Bed and Breakfast Bandung Kota Bandung Jawa Barat Indonesia,LODGE-01551,Rhapsodic Stay Bed and Breakfast Bandung,properties,RedDoorz near Gedung Sate 2 - RedDoorz Double Room,0.185,0.347,391579.0,Rp 391.579,4.05,8.0,ChkQmv3fwPD0vftjGg0vZy8xMW1rX21wdGpkEAI,other_property_price_ignore
pasted-text.txt,Rhapsodic Stay Bed and Breakfast Bandung Kota Bandung Jawa Barat Indonesia,LODGE-01551,Rhapsodic Stay Bed and Breakfast Bandung,properties,bumimakhraja syariah 4 - Deluxe Double Room,1.227,0.274,173079.0,Rp 173.079,2.5,2.0,ChkQ_6GcsPm1zL0vGg0vZy8xMXo1cV84aHZoEAI,other_property_price_ignore
pasted-text.txt,Rhapsodic Stay Bed and Breakfast Bandung Kota Bandung Jawa Barat Indonesia,LODGE-01551,Rhapsodic Stay Bed and Breakfast Bandung,properties,Vio Hotel Cimanuk,0.721,0.233,300014.0,Rp 300.014,4.2,1391.0,ChgI8b-Aj7u01-OSARoLL2cvMXRjeW5ia2wQAQ,other_property_price_ignore
pasted-text.txt,Rhapsodic Stay Bed and Breakfast Bandung Kota Bandung Jawa Barat Indonesia,LODGE-01551,Rhapsodic Stay Bed and Breakfast Bandung,properties,Saninten Inn,1.204,0.182,825856.0,Rp 825.856,4.7,214.0,ChoI5cKm54-vnabtARoNL2cvMTFnZ3M4bW56YhAB,other_property_price_ignore
pasted-text.txt,Rhapsodic Stay Bed and Breakfast Bandung Kota Bandung Jawa Barat Indonesia,LODGE-01551,Rhapsodic Stay Bed and Breakfast Bandung,properties,Hotel Supratman,0.825,0.244,182000.0,Rp 182.000,4.3,448.0,ChgIv_Da2L7IuOPQARoLL2cvMXdqd3h5ZGQQAQ,other_property_price_ignore
pasted-text.txt,Rhapsodic Stay Bed and Breakfast Bandung Kota Bandung Jawa Barat Indonesia,LODGE-01551,Rhapsodic Stay Bed and Breakfast Bandung,properties,Hotel Bumi Asih Gedung Sate Bandung,0.907,0.226,503727.0,Rp 503.727,4.3,903.0,ChgIj8zgvdCOvNKPARoLL2cvMXZxeXpwd2gQAQ,other_property_price_ignore
pasted-text.txt,Rhapsodic Stay Bed and Breakfast Bandung Kota Bandung Jawa Barat Indonesia,LODGE-01551,Rhapsodic Stay Bed and Breakfast Bandung,properties,Spot 43 Hotel & Cafe,1.06,0.091,521593.0,Rp 521.593,4.8,188.0,ChoIjLHq4MGC7IyAARoNL2cvMTF5Ml81djI4ZxAB,other_property_price_ignore
pasted-text.txt,Rhapsodic Stay Bed and Breakfast Bandung Kota Bandung Jawa Barat Indonesia,LODGE-01551,Rhapsodic Stay Bed and Breakfast Bandung,properties,JIRO Hotel,1.275,0.111,646104.0,Rp 646.104,4.7,148.0,ChkIr6HZ8Z_0tKBvGg0vZy8xMXk2bGZyY2syEAE,other_property_price_ignore
pasted-text.txt,Rhapsodic Stay Bed and Breakfast Bandung Kota Bandung Jawa Barat Indonesia,LODGE-01551,Rhapsodic Stay Bed and Breakfast Bandung,properties,DuaSatu Living,1.313,0.174,,,4.9,67.0,ChkIh8qY9ZCX2dkDGg0vZy8xMXlmZzhibTR0EAE,other_no_price
pasted-text.txt,Rhapsodic Stay Bed and Breakfast Bandung Kota Bandung Jawa Barat Indonesia,LODGE-01551,Rhapsodic Stay Bed and Breakfast Bandung,properties,Serela Riau Hotel,1.071,0.279,256547.0,Rp 256.547,4.0,3059.0,ChcIhsmFm87TwvxsGgsvZy8xdGYycDBsYxAB,other_property_price_ignore
pasted-text.txt,Rhapsodic Stay Bed and Breakfast Bandung Kota Bandung Jawa Barat Indonesia,LODGE-01551,Rhapsodic Stay Bed and Breakfast Bandung,properties,RedDoorz near Gedung Sate 2,0.198,0.259,328488.0,Rp 328.488,4.5,682.0,ChoI7YyY58WBiuX7ARoNL2cvMTFmNHd2YmwwMhAB,other_property_price_ignore
pasted-text.txt,Rhapsodic Stay Bed and Breakfast Bandung Kota Bandung Jawa Barat Indonesia,LODGE-01551,Rhapsodic Stay Bed and Breakfast Bandung,properties,Hotel De Paviljoen Bandung,1.083,0.182,751170.0,Rp 751.170,4.5,6025.0,ChoIn92CvZDeqtLLARoNL2cvMTFiNmJweGJkbBAB,other_property_price_ignore
pasted-text.txt,Rhapsodic Stay Bed and Breakfast Bandung Kota Bandung Jawa Barat Indonesia,LODGE-01551,Rhapsodic Stay Bed and Breakfast Bandung,properties,Bumi Makhraja,1.226,0.222,159091.0,Rp 159.091,4.2,203.0,ChoIp7Pb7dKzq9TQARoNL2cvMTFmN2tsYm44eRAB,other_property_price_ignore
pasted-text.txt,Rhapsodic Stay Bed and Breakfast Bandung Kota Bandung Jawa Barat Indonesia,LODGE-01551,Rhapsodic Stay Bed and Breakfast Bandung,properties,Rumah Aca Guest House,0.99,0.34,,,4.4,135.0,ChgIut3W4P3HkrUDGgwvZy8xMXhnY3AzbmgQAQ,other_no_price
pasted-text.txt,Rhapsodic Stay Bed and Breakfast Bandung Kota Bandung Jawa Barat Indonesia,LODGE-01551,Rhapsodic Stay Bed and Breakfast Bandung,properties,Kulem Rangga Gempol,0.929,0.196,444125.0,Rp 444.125,4.4,68.0,ChkIoJSov5qKoMVyGg0vZy8xMWR6ZGMzcGdwEAE,other_property_price_ignore
pasted-text.txt,Rhapsodic Stay Bed and Breakfast Bandung Kota Bandung Jawa Barat Indonesia,LODGE-01551,Rhapsodic Stay Bed and Breakfast Bandung,properties,The Gempol 111 Room,0.846,0.085,,,4.5,89.0,ChkI26LDz6ufyc5OGg0vZy8xMXN5M3YxbnRkEAE,other_no_price
pasted-text.txt,Rhapsodic Stay Bed and Breakfast Bandung Kota Bandung Jawa Barat Indonesia,LODGE-01551,Rhapsodic Stay Bed and Breakfast Bandung,properties,Wisma Dago Hotel,1.058,0.095,226384.0,Rp 226.384,3.8,673.0,ChgIhub-0I6Ws6XwARoLL2cvMXRqNWg4M2YQAQ,other_property_price_ignore
pasted-text.txt,Rhapsodic Stay Bed and Breakfast Bandung Kota Bandung Jawa Barat Indonesia,LODGE-01551,Rhapsodic Stay Bed and Breakfast Bandung,properties,Amaris Hotel Cimanuk,0.866,0.261,437395.0,Rp 437.395,4.3,1949.0,ChcIpMXN5oSs_IxsGgsvZy8xdHI2cHBucRAB,other_property_price_ignore
pasted-text.txt,Rhapsodic Stay Bed and Breakfast Bandung Kota Bandung Jawa Barat Indonesia,LODGE-01551,Rhapsodic Stay Bed and Breakfast Bandung,properties,Sisco B&B,1.151,0.293,,,4.4,93.0,ChkIq6-Y176ZgrouGg0vZy8xMWJ0bWNiNWM0EAE,other_no_price
pasted-text.txt,Rhapsodic Stay Bed and Breakfast Bandung Kota Bandung Jawa Barat Indonesia,LODGE-01551,Rhapsodic Stay Bed and Breakfast Bandung,properties,Patra Bandung Hotel,1.18,0.108,707575.0,Rp 707.575,4.6,3070.0,ChgI-dGYjLqZkY4VGgwvZy8xcHpyd3JreXIQAQ,other_property_price_ignore
pasted-text.txt,Rhapsodic Stay Bed and Breakfast Bandung Kota Bandung Jawa Barat Indonesia,LODGE-01551,Rhapsodic Stay Bed and Breakfast Bandung,properties,"Japanese Atmosphere Home in Central Bandung, 10 Minutes to Gedung Sate",0.947,0.2,1227273.0,Rp 1.227.273,,,ChoQh634sr2bgLOoARoNL2cvMTF6OW4xbTA4eBAC,other_property_price_ignore
pasted-text.txt,Rhapsodic Stay Bed and Breakfast Bandung Kota Bandung Jawa Barat Indonesia,LODGE-01551,Rhapsodic Stay Bed and Breakfast Bandung,properties,Villa Taribandung - Four-Bedroom House,1.058,0.294,1969324.0,Rp 1.969.324,4.5,10.0,ChoQtomIwr6R2aOrARoNL2cvMTF6MTN5aHpiaBAC,other_property_price_ignore
pasted-text.txt,Hotel RedDoorz Malabar 39 Kota Bandung Jawa Barat Indonesia,LODGE-01539,Hotel RedDoorz Malabar 39,properties,Hotel RedDoorz Malabar 39,0.005,1.0,,,4.4,63.0,ChoI_fWuzqfhkJvgARoNL2cvMTFmZzQ0emRodhAB,target_found_no_price
pasted-text.txt,Hotel RedDoorz Malabar 39 Kota Bandung Jawa Barat Indonesia,LODGE-01539,Hotel RedDoorz Malabar 39,properties,RedDoorz Near Trans Studio Mall 3,0.003,0.596,201533.0,Rp 201.533,3.7,94.0,ChkIjqKIyOyC7OwlGg0vZy8xMXBmMnE2eTJ5EAE,other_property_price_ignore
pasted-text.txt,Hotel RedDoorz Malabar 39 Kota Bandung Jawa Barat Indonesia,LODGE-01539,Hotel RedDoorz Malabar 39,properties,Sans Vibes Hotel Malabar,0.121,0.486,242281.0,Rp 242.281,4.4,693.0,ChoI9pmbmbrs95q_ARoNL2cvMTFmZnYydHBkZhAB,other_property_price_ignore
pasted-text.txt,Hotel RedDoorz Malabar 39 Kota Bandung Jawa Barat Indonesia,LODGE-01539,Hotel RedDoorz Malabar 39,properties,Emia Hotel,0.003,0.261,,,3.9,402.0,ChgI2a2bl8bWzapRGgwvZy8xcHp5a24zancQAQ,other_no_price
pasted-text.txt,Hotel RedDoorz Malabar 39 Kota Bandung Jawa Barat Indonesia,LODGE-01539,Hotel RedDoorz Malabar 39,properties,Reddoorz at Malabar Street,0.125,0.81,256216.0,Rp 256.216,,,ChoIq9DO_MSR99biARoNL2cvMTF4cnhkMF81aBAB,other_property_price_ignore
pasted-text.txt,Hotel RedDoorz Malabar 39 Kota Bandung Jawa Barat Indonesia,LODGE-01539,Hotel RedDoorz Malabar 39,properties,Airy Malabar Gatot Subroto 62 Bandung,0.003,0.417,,,3.7,25.0,ChkI-Pvwqezcj4EMGg0vZy8xMWM1czhxcXprEAE,other_no_price
pasted-text.txt,Hotel RedDoorz Malabar 39 Kota Bandung Jawa Barat Indonesia,LODGE-01539,Hotel RedDoorz Malabar 39,properties,Urbanview Hotel Grand Malabar Bandung,0.458,0.524,281497.0,Rp 281.497,4.1,346.0,ChkI273F7Z3R94t0Gg0vZy8xMWI2M2ZwYzZ2EAE,other_property_price_ignore
pasted-text.txt,Hotel RedDoorz Malabar 39 Kota Bandung Jawa Barat Indonesia,LODGE-01539,Hotel RedDoorz Malabar 39,properties,Reddoorz Syariah @ Gatot Subroto Street Bandung 4,0.193,0.414,134530.0,Rp 134.530,3.1,32.0,ChoIl8yl4bT-grzvARoNL2cvMTFwNXJ5ZDRrXxAB,other_property_price_ignore
pasted-text.txt,Hotel RedDoorz Malabar 39 Kota Bandung Jawa Barat Indonesia,LODGE-01539,Hotel RedDoorz Malabar 39,properties,Collection O Riau Near Trans Studio Bandung Formerly Asteria Hotel,0.583,0.242,118980.0,Rp 118.980,3.7,377.0,ChkIjJmS_bG87v1BGg0vZy8xMWc4XzFwbXY2EAE,other_property_price_ignore
pasted-text.txt,Hotel RedDoorz Malabar 39 Kota Bandung Jawa Barat Indonesia,LODGE-01539,Hotel RedDoorz Malabar 39,properties,La Nostalgie Boutique Hotel Bandung,0.167,0.2,326188.0,Rp 326.188,4.4,437.0,ChkIn9Lb9-eslZalARoML2cvMWhoaGNod3htEAE,other_property_price_ignore
pasted-text.txt,Hotel RedDoorz Malabar 39 Kota Bandung Jawa Barat Indonesia,LODGE-01539,Hotel RedDoorz Malabar 39,properties,Hotel Sebelas @ Jalan Palasari Mitra RedDoorz,0.771,0.286,150990.0,Rp 150.990,3.9,184.0,ChoIxvDSs-rQgoPMARoNL2cvMTFiN2xjcWg3cxAB,other_property_price_ignore
pasted-text.txt,Hotel RedDoorz Malabar 39 Kota Bandung Jawa Barat Indonesia,LODGE-01539,Hotel RedDoorz Malabar 39,properties,Laswi Syariah Guest House,0.385,0.227,243367.0,Rp 243.367,4.9,83.0,ChkIvpnAodDNsrB-Gg0vZy8xMXd3czdqZ2s2EAE,other_property_price_ignore
pasted-text.txt,Hotel RedDoorz Malabar 39 Kota Bandung Jawa Barat Indonesia,LODGE-01539,Hotel RedDoorz Malabar 39,properties,RedDoorz Plus @ Karapitan Street,1.125,0.545,204383.0,Rp 204.383,4.6,243.0,ChoIkeS5_6aS-bbhARoNL2cvMTFxcGp4c3NwNRAB,other_property_price_ignore
pasted-text.txt,Hotel RedDoorz Malabar 39 Kota Bandung Jawa Barat Indonesia,LODGE-01539,Hotel RedDoorz Malabar 39,properties,De Halimun Guest House,0.468,0.244,326970.0,Rp 326.970,4.4,983.0,ChgIquewybWS85xQGgwvZy8xcHpyZmpreXYQAQ,other_property_price_ignore
pasted-text.txt,Hotel RedDoorz Malabar 39 Kota Bandung Jawa Barat Indonesia,LODGE-01539,Hotel RedDoorz Malabar 39,properties,RedDoorz @ Hotel Lodaya Bandung,0.789,0.647,146830.0,Rp 146.830,3.6,595.0,ChcIoOnF0qjxmstfGgsvZy8xdG05ZGxsMBAB,other_property_price_ignore
pasted-text.txt,Hotel RedDoorz Malabar 39 Kota Bandung Jawa Barat Indonesia,LODGE-01539,Hotel RedDoorz Malabar 39,properties,RedDoorz @ Malabar Street,0.435,0.81,,,5.0,2.0,ChkIzdvp28bGxd8CGg0vZy8xMXloY3p6Z3c0EAE,other_no_price
pasted-text.txt,Hotel RedDoorz Malabar 39 Kota Bandung Jawa Barat Indonesia,LODGE-01539,Hotel RedDoorz Malabar 39,properties,Sentra Inn Bandung,0.646,0.138,235334.0,Rp 235.334,4.3,439.0,ChoIocPy-oPtjfLnARoNL2cvMTFieGR2a2o2bBAB,other_property_price_ignore
pasted-text.txt,Hotel RedDoorz Malabar 39 Kota Bandung Jawa Barat Indonesia,LODGE-01539,Hotel RedDoorz Malabar 39,properties,OYO 2625 Pondok Penginapan Patradisa,0.435,0.182,90605.0,Rp 90.605,2.9,106.0,ChoIu6bGvuf18bW0ARoNL2cvMTFmcjZzbjBrcBAB,other_property_price_ignore
pasted-text.txt,Hotel RedDoorz Malabar 39 Kota Bandung Jawa Barat Indonesia,LODGE-01539,Hotel RedDoorz Malabar 39,properties,Apartment Greko Bandung,0.553,0.176,413114.0,Rp 413.114,2.9750001,6.0,ChgQw4_Y44ejymsaDS9nLzExbDIyOWtsZ3oQAg,other_property_price_ignore
pasted-text.txt,Hotel RedDoorz Malabar 39 Kota Bandung Jawa Barat Indonesia,LODGE-01539,Hotel RedDoorz Malabar 39,properties,Apartment Greko Bandung - Studio Apartment,0.553,0.314,456661.0,Rp 456.661,2.75,2.0,ChoQu47Cj7Hd8dC_ARoNL2cvMTF6NGNwZ3lmcxAC,other_property_price_ignore
pasted-text.txt,Hotel RedDoorz Malabar 39 Kota Bandung Jawa Barat Indonesia,LODGE-01539,Hotel RedDoorz Malabar 39,properties,Wisma Asia Busindo Syari'ah Bandung,0.519,0.261,105493.0,Rp 105.493,4.0,400.0,ChkIivefwPLKz-wZGg0vZy8xMWI2Z2x3MGxmEAE,other_property_price_ignore
pasted-text.txt,Hotel RedDoorz Malabar 39 Kota Bandung Jawa Barat Indonesia,LODGE-01539,Hotel RedDoorz Malabar 39,properties,Hotel Narapati Indah Syariah,0.459,0.146,183633.0,Rp 183.633,4.3,602.0,ChkIj-Lj7s7sooERGg0vZy8xMWM1Ymp6bWtfEAE,other_property_price_ignore
pasted-text.txt,Hotel RedDoorz Malabar 39 Kota Bandung Jawa Barat Indonesia,LODGE-01539,Hotel RedDoorz Malabar 39,properties,Rizh Hotel,0.696,0.174,208231.0,Rp 208.231,4.5,206.0,ChkIq-v0xIjt0bNfGg0vZy8xMXMzX3h3MW42EAE,other_property_price_ignore
pasted-text.txt,Hotel RedDoorz Malabar 39 Kota Bandung Jawa Barat Indonesia,LODGE-01539,Hotel RedDoorz Malabar 39,properties,OYO 259 Galaxy Inn,1.214,0.378,98107.0,Rp 98.107,4.1,954.0,ChkI2c625YCwhrBeGg0vZy8xMWgweDFzdm50EAE,other_property_price_ignore
pasted-text.txt,Hotel RedDoorz Malabar 39 Kota Bandung Jawa Barat Indonesia,LODGE-01539,Hotel RedDoorz Malabar 39,properties,Vi Hotel Bandung,0.724,0.0,225413.0,Rp 225.413,4.2,406.0,ChkIx6LGrP3xv6CCARoML2cvMWhjMnNkdjNwEAE,other_property_price_ignore
pasted-text.txt,Hotel RedDoorz Malabar 39 Kota Bandung Jawa Barat Indonesia,LODGE-01539,Hotel RedDoorz Malabar 39,properties,Hotel Sepuluh Bandung,1.227,0.154,257444.0,Rp 257.444,4.8,8.0,ChkItebZntruytZrGg0vZy8xMXk0X3Y2enduEAE,other_property_price_ignore
pasted-text.txt,Hotel RedDoorz Malabar 39 Kota Bandung Jawa Barat Indonesia,LODGE-01539,Hotel RedDoorz Malabar 39,properties,"INAP at Capsule Hostel Bandung, Grand Asia Afrika",0.724,0.143,297092.0,Rp 297.092,4.4,795.0,ChoI066Ip96njN2bARoNL2cvMTFiXzJtdHZ2OBAB,other_property_price_ignore
pasted-text.txt,Hotel RedDoorz Malabar 39 Kota Bandung Jawa Barat Indonesia,LODGE-01539,Hotel RedDoorz Malabar 39,properties,RedDoorz near Pelajar Pejuang 3,0.813,0.667,228118.0,Rp 228.118,4.1,476.0,ChoI7cjD_dvDorCBARoNL2cvMTFncGZkajk1cRAB,other_property_price_ignore
pasted-text.txt,Hotel RedDoorz Malabar 39 Kota Bandung Jawa Barat Indonesia,LODGE-01539,Hotel RedDoorz Malabar 39,properties,Rehat at Hotel 10 Buah Batu,1.227,0.324,229206.0,Rp 229.206,4.2,277.0,ChkIofOBirq24pF5Gg0vZy8xMW5zeXRkMXp0EAE,other_property_price_ignore
pasted-text.txt,Hotel RedDoorz Malabar 39 Kota Bandung Jawa Barat Indonesia,LODGE-01539,Hotel RedDoorz Malabar 39,properties,RedDoorz @ Galunggung,0.173,0.579,,,3.5,2.0,ChkI8Ja-i_bihLk4Gg0vZy8xMWNqaF82MXBqEAE,other_no_price
pasted-text.txt,Hotel RedDoorz Malabar 39 Kota Bandung Jawa Barat Indonesia,LODGE-01539,Hotel RedDoorz Malabar 39,properties,OYO 94726 Asteria Talaga Bodas,0.577,0.286,133829.0,Rp 133.829,5.0,2.0,ChoI7euUgqmggqSGARoNL2cvMTF5amtmejY3cxAB,other_property_price_ignore
pasted-text.txt,Hotel RedDoorz Malabar 39 Kota Bandung Jawa Barat Indonesia,LODGE-01539,Hotel RedDoorz Malabar 39,properties,Hotel Montameri,0.699,0.071,152673.0,Rp 152.673,3.7,600.0,ChkIy5qkxsfcud9dGg0vZy8xMWI2ZGZucGxjEAE,other_property_price_ignore
pasted-text.txt,Hotel RedDoorz Malabar 39 Kota Bandung Jawa Barat Indonesia,LODGE-01539,Hotel RedDoorz Malabar 39,properties,RedDoorz @ Talaga Bodas,0.693,0.7,,,4.2,221.0,ChkIpeCHqO63vchvGg0vZy8xMWMybm55ZGtuEAE,other_no_price
pasted-text.txt,Hotel RedDoorz Malabar 39 Kota Bandung Jawa Barat Indonesia,LODGE-01539,Hotel RedDoorz Malabar 39,properties,Malaka Hotel,0.414,0.4,521044.0,Rp 521.044,4.4,4131.0,ChcIqfDm--TJm8IZGgsvZy8xdmI2N3R6dxAB,other_property_price_ignore
pasted-text.txt,Hotel RedDoorz Malabar 39 Kota Bandung Jawa Barat Indonesia,LODGE-01539,Hotel RedDoorz Malabar 39,properties,Sutan Raja Guest House Bandung,0.56,0.146,225024.0,Rp 225.024,4.2,330.0,ChkI9PXR5euZ5txhGg0vZy8xMWI3NzRocHF3EAE,other_property_price_ignore
pasted-text.txt,Hotel RedDoorz Malabar 39 Kota Bandung Jawa Barat Indonesia,LODGE-01539,Hotel RedDoorz Malabar 39,properties,Elephant Eleven Residence Buah Batu Kota Bandung,1.099,0.259,237565.0,Rp 237.565,4.5,89.0,ChoIqMu40ZKg9d7CARoNL2cvMTFzN3duazVfcRAB,other_property_price_ignore
pasted-text.txt,Hotel RedDoorz Malabar 39 Kota Bandung Jawa Barat Indonesia,LODGE-01539,Hotel RedDoorz Malabar 39,properties,dPalma Hotel,0.524,0.24,302193.0,Rp 302.193,4.1,748.0,ChkIu7zfhLGYvIBDGg0vZy8xMWI3M3YzbXo2EAE,other_property_price_ignore
pasted-text.txt,Hotel RedDoorz Malabar 39 Kota Bandung Jawa Barat Indonesia,LODGE-01539,Hotel RedDoorz Malabar 39,properties,Hotel Benua,1.027,0.167,233127.0,Rp 233.127,4.1,2900.0,ChcIhtTEj_XR-cINGgsvZy8xdGdjdmdfeRAB,other_property_price_ignore
pasted-text.txt,Hotel RedDoorz Malabar 39 Kota Bandung Jawa Barat Indonesia,LODGE-01539,Hotel RedDoorz Malabar 39,properties,Simply Studio at Grand Asia Afrika Apt By Travelio,0.715,0.095,329806.0,Rp 329.806,,,ChkQh731tq2XrKUkGg0vZy8xMXhmdDJkczJsEAI,other_property_price_ignore
pasted-text.txt,Hotel RedDoorz Malabar 39 Kota Bandung Jawa Barat Indonesia,LODGE-01539,Hotel RedDoorz Malabar 39,properties,WABS Syariah,0.631,0.258,271312.0,Rp 271.312,,,ChkQ2IXksrTl0socGg0vZy8xMXljbDJ0XzFyEAI,other_property_price_ignore
pasted-text.txt,Hotel RedDoorz Malabar 39 Kota Bandung Jawa Barat Indonesia,LODGE-01539,Hotel RedDoorz Malabar 39,properties,kost pria / wanita,0.432,0.229,135371.0,Rp 135.371,4.8,8.0,ChkInMX52dG9lYtKGg0vZy8xMWI2enJrX3M1EAE,other_property_price_ignore
pasted-text.txt,Hotel RedDoorz Malabar 39 Kota Bandung Jawa Barat Indonesia,LODGE-01539,Hotel RedDoorz Malabar 39,properties,Hotel Rumah Tawa Syariah,1.355,0.324,248563.0,Rp 248.563,4.4,356.0,ChcI7f3pvZbIzZsVGgsvZy8xdGY4a2IydxAB,other_property_price_ignore
pasted-text.txt,Hotel RedDoorz Malabar 39 Kota Bandung Jawa Barat Indonesia,LODGE-01539,Hotel RedDoorz Malabar 39,properties,RedDoorz near Trans Studio Mall,0.425,0.533,,,4.1,37.0,ChkIsLTWuOGqi-I-Gg0vZy8xMWNteXQ3MHE1EAE,other_no_price
pasted-text.txt,Hotel RedDoorz Malabar 39 Kota Bandung Jawa Barat Indonesia,LODGE-01539,Hotel RedDoorz Malabar 39,properties,Sartika Hotel,0.694,0.154,109964.0,Rp 109.964,3.5,220.0,ChgI3N3lstrRmKefARoLL2cvMXYzd2g1OW4QAQ,other_property_price_ignore
pasted-text.txt,Hotel RedDoorz Malabar 39 Kota Bandung Jawa Barat Indonesia,LODGE-01539,Hotel RedDoorz Malabar 39,properties,G10 Guest House,1.24,0.118,240786.0,Rp 240.786,4.6,120.0,ChoIu6a5nYuqyv-yARoNL2cvMTFjMXhobnJiNRAB,other_property_price_ignore
pasted-text.txt,Hotel RedDoorz Malabar 39 Kota Bandung Jawa Barat Indonesia,LODGE-01539,Hotel RedDoorz Malabar 39,properties,The Papandayan,0.165,0.207,1151016.0,Rp 1.151.016,4.7,10341.0,ChcIrbKMsezv_vZ_GgsvZy8xdGZwbTM4eBAB,other_property_price_ignore
pasted-text.txt,Hotel RedDoorz Malabar 39 Kota Bandung Jawa Barat Indonesia,LODGE-01539,Hotel RedDoorz Malabar 39,properties,Rehat at Gania Hotel Bandung,1.229,0.333,260613.0,Rp 260.613,4.4,163.0,ChgI3Zrz7taYl5X9ARoLL2cvMXRjd2MycHkQAQ,other_property_price_ignore
pasted-text.txt,Hotel RedDoorz Malabar 39 Kota Bandung Jawa Barat Indonesia,LODGE-01539,Hotel RedDoorz Malabar 39,properties,Chara Hotel,0.603,0.167,452047.0,Rp 452.047,4.0,1387.0,ChgI66D2lcaw17kUGgwvZy8xMXhjNjVyazYQAQ,other_property_price_ignore
pasted-text.txt,Hotel RedDoorz Malabar 39 Kota Bandung Jawa Barat Indonesia,LODGE-01539,Hotel RedDoorz Malabar 39,properties,Urbanview Hotel Newton Riau Bandung,1.174,0.2,353641.0,Rp 353.641,4.1,2188.0,ChgIk_7O85bvoqwpGgwvZy8xMmo0eGgxdDAQAQ,other_property_price_ignore
pasted-text.txt,Hotel RedDoorz Malabar 39 Kota Bandung Jawa Barat Indonesia,LODGE-01539,Hotel RedDoorz Malabar 39,properties,High Livin Apartment Asia Afrika,0.74,0.196,263114.0,Rp 263.114,3.8,81.0,ChkIuKn2vqS0r4p8Gg0vZy8xMXRrNTFjcmI3EAE,other_property_price_ignore
pasted-text.txt,Hotel RedDoorz Malabar 39 Kota Bandung Jawa Barat Indonesia,LODGE-01539,Hotel RedDoorz Malabar 39,properties,De'rain Hotel,0.918,0.154,364232.0,Rp 364.232,4.2,2543.0,ChkI7ta3-Yj7nKgyGg0vZy8xMWI3dzBiMWdjEAE,other_property_price_ignore
pasted-text.txt,Hotel RedDoorz Malabar 39 Kota Bandung Jawa Barat Indonesia,LODGE-01539,Hotel RedDoorz Malabar 39,properties,Hotel Kurnia,1.018,0.16,163455.0,Rp 163.455,3.6,312.0,ChoIlt_blM3X65X3ARoNL2cvMTFiNXdtbjN0NBAB,other_property_price_ignore
pasted-text.txt,Hotel RedDoorz Malabar 39 Kota Bandung Jawa Barat Indonesia,LODGE-01539,Hotel RedDoorz Malabar 39,properties,RedDoorz Plus near Trans Studio Mall 4,0.634,0.553,,,4.0,2.0,ChoIw-7sjYf2s_zCARoNL2cvMTFnd21rMjgzdxAB,other_no_price
pasted-text.txt,Hotel RedDoorz Malabar 39 Kota Bandung Jawa Barat Indonesia,LODGE-01539,Hotel RedDoorz Malabar 39,properties,Guest House Rumah Tawa Syariah 1,0.678,0.275,192479.0,Rp 192.479,4.3,143.0,ChkI14uQh5aq3_siGg0vZy8xMWI2bGd3N2ZxEAE,other_property_price_ignore
pasted-text.txt,Hotel RedDoorz Malabar 39 Kota Bandung Jawa Barat Indonesia,LODGE-01539,Hotel RedDoorz Malabar 39,properties,SANS Family Hotel Bandung,0.795,0.2,437593.0,Rp 437.593,4.2,49.0,ChoI74C5ituPp9KqARoNL2cvMTF3eHNydHN4YhAB,other_property_price_ignore
pasted-text.txt,Hotel RedDoorz Malabar 39 Kota Bandung Jawa Barat Indonesia,LODGE-01539,Hotel RedDoorz Malabar 39,properties,Reddoorz Near Trans Studio Mall 2,0.81,0.553,254820.0,Rp 254.820,4.2,403.0,ChoIm_mYxYKp9db1ARoNL2cvMTFkeGIxN2hrdxAB,other_property_price_ignore
pasted-text.txt,Hotel RedDoorz Malabar 39 Kota Bandung Jawa Barat Indonesia,LODGE-01539,Hotel RedDoorz Malabar 39,properties,Vio Hotel Veteran,1.223,0.133,275307.0,Rp 275.307,4.3,1684.0,ChkIiaaC7sHj4vY9Gg0vZy8xMWJid19fZmo5EAE,other_property_price_ignore
pasted-text.txt,Hotel RedDoorz Malabar 39 Kota Bandung Jawa Barat Indonesia,LODGE-01539,Hotel RedDoorz Malabar 39,properties,RedDoorz @ Pelajar Pejuang 2,0.781,0.622,,,3.8,13.0,ChkItJHv7PKDt8hGGg0vZy8xMWNuZGR0Z3I0EAE,other_no_price
pasted-text.txt,Hotel RedDoorz Malabar 39 Kota Bandung Jawa Barat Indonesia,LODGE-01539,Hotel RedDoorz Malabar 39,properties,RedDoorz near Trans Studio Mall 2 - Deluxe Room,0.801,0.441,291936.0,Rp 291.936,4.5,16.0,ChkQ44vrtPqPwYxsGg0vZy8xMXhkM2Jzam04EAI,other_property_price_ignore
pasted-text.txt,Hotel RedDoorz Malabar 39 Kota Bandung Jawa Barat Indonesia,LODGE-01539,Hotel RedDoorz Malabar 39,properties,apartemen jarrdin Cihampelas by partyroom,0.975,0.211,286364.0,Rp 286.364,,,ChkQ_7zPh-T1wok_Gg0vZy8xMXo5bjEyNDFqEAI,other_property_price_ignore
pasted-text.txt,Hotel RedDoorz Malabar 39 Kota Bandung Jawa Barat Indonesia,LODGE-01539,Hotel RedDoorz Malabar 39,properties,Hotel RedDoorz Malabar 39,0.005,1.0,,,4.4,63.0,ChoI_fWuzqfhkJvgARoNL2cvMTFmZzQ0emRodhAB,target_found_no_price
pasted-text.txt,Hotel RedDoorz Malabar 39 Kota Bandung Jawa Barat Indonesia,LODGE-01539,Hotel RedDoorz Malabar 39,properties,RedDoorz Near Trans Studio Mall 3,0.003,0.596,201533.0,Rp 201.533,3.7,94.0,ChkIjqKIyOyC7OwlGg0vZy8xMXBmMnE2eTJ5EAE,other_property_price_ignore
pasted-text.txt,Hotel RedDoorz Malabar 39 Kota Bandung Jawa Barat Indonesia,LODGE-01539,Hotel RedDoorz Malabar 39,properties,Sans Vibes Hotel Malabar,0.121,0.486,242281.0,Rp 242.281,4.4,693.0,ChoI9pmbmbrs95q_ARoNL2cvMTFmZnYydHBkZhAB,other_property_price_ignore
pasted-text.txt,Hotel RedDoorz Malabar 39 Kota Bandung Jawa Barat Indonesia,LODGE-01539,Hotel RedDoorz Malabar 39,properties,Emia Hotel,0.003,0.261,,,3.9,402.0,ChgI2a2bl8bWzapRGgwvZy8xcHp5a24zancQAQ,other_no_price
pasted-text.txt,Hotel RedDoorz Malabar 39 Kota Bandung Jawa Barat Indonesia,LODGE-01539,Hotel RedDoorz Malabar 39,properties,Reddoorz at Malabar Street,0.125,0.81,256216.0,Rp 256.216,,,ChoIq9DO_MSR99biARoNL2cvMTF4cnhkMF81aBAB,other_property_price_ignore
pasted-text.txt,Hotel RedDoorz Malabar 39 Kota Bandung Jawa Barat Indonesia,LODGE-01539,Hotel RedDoorz Malabar 39,properties,Airy Malabar Gatot Subroto 62 Bandung,0.003,0.417,,,3.7,25.0,ChkI-Pvwqezcj4EMGg0vZy8xMWM1czhxcXprEAE,other_no_price
pasted-text.txt,Hotel RedDoorz Malabar 39 Kota Bandung Jawa Barat Indonesia,LODGE-01539,Hotel RedDoorz Malabar 39,properties,Urbanview Hotel Grand Malabar Bandung,0.458,0.524,281497.0,Rp 281.497,4.1,346.0,ChkI273F7Z3R94t0Gg0vZy8xMWI2M2ZwYzZ2EAE,other_property_price_ignore
pasted-text.txt,Hotel RedDoorz Malabar 39 Kota Bandung Jawa Barat Indonesia,LODGE-01539,Hotel RedDoorz Malabar 39,properties,Reddoorz Syariah @ Gatot Subroto Street Bandung 4,0.193,0.414,134530.0,Rp 134.530,3.1,32.0,ChoIl8yl4bT-grzvARoNL2cvMTFwNXJ5ZDRrXxAB,other_property_price_ignore
pasted-text.txt,Hotel RedDoorz Malabar 39 Kota Bandung Jawa Barat Indonesia,LODGE-01539,Hotel RedDoorz Malabar 39,properties,Collection O Riau Near Trans Studio Bandung Formerly Asteria Hotel,0.583,0.242,118980.0,Rp 118.980,3.7,377.0,ChkIjJmS_bG87v1BGg0vZy8xMWc4XzFwbXY2EAE,other_property_price_ignore
pasted-text.txt,Hotel RedDoorz Malabar 39 Kota Bandung Jawa Barat Indonesia,LODGE-01539,Hotel RedDoorz Malabar 39,properties,La Nostalgie Boutique Hotel Bandung,0.167,0.2,326188.0,Rp 326.188,4.4,437.0,ChkIn9Lb9-eslZalARoML2cvMWhoaGNod3htEAE,other_property_price_ignore
pasted-text.txt,Hotel RedDoorz Malabar 39 Kota Bandung Jawa Barat Indonesia,LODGE-01539,Hotel RedDoorz Malabar 39,properties,Hotel Sebelas @ Jalan Palasari Mitra RedDoorz,0.771,0.286,150990.0,Rp 150.990,3.9,184.0,ChoIxvDSs-rQgoPMARoNL2cvMTFiN2xjcWg3cxAB,other_property_price_ignore
pasted-text.txt,Hotel RedDoorz Malabar 39 Kota Bandung Jawa Barat Indonesia,LODGE-01539,Hotel RedDoorz Malabar 39,properties,Laswi Syariah Guest House,0.385,0.227,243367.0,Rp 243.367,4.9,83.0,ChkIvpnAodDNsrB-Gg0vZy8xMXd3czdqZ2s2EAE,other_property_price_ignore
pasted-text.txt,Hotel RedDoorz Malabar 39 Kota Bandung Jawa Barat Indonesia,LODGE-01539,Hotel RedDoorz Malabar 39,properties,RedDoorz Plus @ Karapitan Street,1.125,0.545,204383.0,Rp 204.383,4.6,243.0,ChoIkeS5_6aS-bbhARoNL2cvMTFxcGp4c3NwNRAB,other_property_price_ignore
pasted-text.txt,Hotel RedDoorz Malabar 39 Kota Bandung Jawa Barat Indonesia,LODGE-01539,Hotel RedDoorz Malabar 39,properties,De Halimun Guest House,0.468,0.244,326970.0,Rp 326.970,4.4,983.0,ChgIquewybWS85xQGgwvZy8xcHpyZmpreXYQAQ,other_property_price_ignore
pasted-text.txt,Hotel RedDoorz Malabar 39 Kota Bandung Jawa Barat Indonesia,LODGE-01539,Hotel RedDoorz Malabar 39,properties,RedDoorz @ Hotel Lodaya Bandung,0.789,0.647,146830.0,Rp 146.830,3.6,595.0,ChcIoOnF0qjxmstfGgsvZy8xdG05ZGxsMBAB,other_property_price_ignore
pasted-text.txt,Hotel RedDoorz Malabar 39 Kota Bandung Jawa Barat Indonesia,LODGE-01539,Hotel RedDoorz Malabar 39,properties,RedDoorz @ Malabar Street,0.435,0.81,,,5.0,2.0,ChkIzdvp28bGxd8CGg0vZy8xMXloY3p6Z3c0EAE,other_no_price
pasted-text.txt,Hotel RedDoorz Malabar 39 Kota Bandung Jawa Barat Indonesia,LODGE-01539,Hotel RedDoorz Malabar 39,properties,Sentra Inn Bandung,0.646,0.138,235334.0,Rp 235.334,4.3,439.0,ChoIocPy-oPtjfLnARoNL2cvMTFieGR2a2o2bBAB,other_property_price_ignore
pasted-text.txt,Hotel RedDoorz Malabar 39 Kota Bandung Jawa Barat Indonesia,LODGE-01539,Hotel RedDoorz Malabar 39,properties,OYO 2625 Pondok Penginapan Patradisa,0.435,0.182,90605.0,Rp 90.605,2.9,106.0,ChoIu6bGvuf18bW0ARoNL2cvMTFmcjZzbjBrcBAB,other_property_price_ignore
pasted-text.txt,Hotel RedDoorz Malabar 39 Kota Bandung Jawa Barat Indonesia,LODGE-01539,Hotel RedDoorz Malabar 39,properties,Apartment Greko Bandung,0.553,0.176,413114.0,Rp 413.114,2.9750001,6.0,ChgQw4_Y44ejymsaDS9nLzExbDIyOWtsZ3oQAg,other_property_price_ignore
pasted-text.txt,Hotel RedDoorz Malabar 39 Kota Bandung Jawa Barat Indonesia,LODGE-01539,Hotel RedDoorz Malabar 39,properties,Apartment Greko Bandung - Studio Apartment,0.553,0.314,456661.0,Rp 456.661,2.75,2.0,ChoQu47Cj7Hd8dC_ARoNL2cvMTF6NGNwZ3lmcxAC,other_property_price_ignore
pasted-text.txt,Hotel RedDoorz Malabar 39 Kota Bandung Jawa Barat Indonesia,LODGE-01539,Hotel RedDoorz Malabar 39,properties,Wisma Asia Busindo Syari'ah Bandung,0.519,0.261,105493.0,Rp 105.493,4.0,400.0,ChkIivefwPLKz-wZGg0vZy8xMWI2Z2x3MGxmEAE,other_property_price_ignore
pasted-text.txt,Hotel RedDoorz Malabar 39 Kota Bandung Jawa Barat Indonesia,LODGE-01539,Hotel RedDoorz Malabar 39,properties,Hotel Narapati Indah Syariah,0.459,0.146,183633.0,Rp 183.633,4.3,602.0,ChkIj-Lj7s7sooERGg0vZy8xMWM1Ymp6bWtfEAE,other_property_price_ignore
pasted-text.txt,Hotel RedDoorz Malabar 39 Kota Bandung Jawa Barat Indonesia,LODGE-01539,Hotel RedDoorz Malabar 39,properties,Rizh Hotel,0.696,0.174,208231.0,Rp 208.231,4.5,206.0,ChkIq-v0xIjt0bNfGg0vZy8xMXMzX3h3MW42EAE,other_property_price_ignore
pasted-text.txt,Hotel RedDoorz Malabar 39 Kota Bandung Jawa Barat Indonesia,LODGE-01539,Hotel RedDoorz Malabar 39,properties,OYO 259 Galaxy Inn,1.214,0.378,98107.0,Rp 98.107,4.1,954.0,ChkI2c625YCwhrBeGg0vZy8xMWgweDFzdm50EAE,other_property_price_ignore
pasted-text.txt,Hotel RedDoorz Malabar 39 Kota Bandung Jawa Barat Indonesia,LODGE-01539,Hotel RedDoorz Malabar 39,properties,Vi Hotel Bandung,0.724,0.0,225413.0,Rp 225.413,4.2,406.0,ChkIx6LGrP3xv6CCARoML2cvMWhjMnNkdjNwEAE,other_property_price_ignore
pasted-text.txt,Hotel RedDoorz Malabar 39 Kota Bandung Jawa Barat Indonesia,LODGE-01539,Hotel RedDoorz Malabar 39,properties,Hotel Sepuluh Bandung,1.227,0.154,257444.0,Rp 257.444,4.8,8.0,ChkItebZntruytZrGg0vZy8xMXk0X3Y2enduEAE,other_property_price_ignore
pasted-text.txt,Hotel RedDoorz Malabar 39 Kota Bandung Jawa Barat Indonesia,LODGE-01539,Hotel RedDoorz Malabar 39,properties,"INAP at Capsule Hostel Bandung, Grand Asia Afrika",0.724,0.143,297092.0,Rp 297.092,4.4,795.0,ChoI066Ip96njN2bARoNL2cvMTFiXzJtdHZ2OBAB,other_property_price_ignore
pasted-text.txt,Hotel RedDoorz Malabar 39 Kota Bandung Jawa Barat Indonesia,LODGE-01539,Hotel RedDoorz Malabar 39,properties,RedDoorz near Pelajar Pejuang 3,0.813,0.667,228118.0,Rp 228.118,4.1,476.0,ChoI7cjD_dvDorCBARoNL2cvMTFncGZkajk1cRAB,other_property_price_ignore
pasted-text.txt,Hotel RedDoorz Malabar 39 Kota Bandung Jawa Barat Indonesia,LODGE-01539,Hotel RedDoorz Malabar 39,properties,Rehat at Hotel 10 Buah Batu,1.227,0.324,229206.0,Rp 229.206,4.2,277.0,ChkIofOBirq24pF5Gg0vZy8xMW5zeXRkMXp0EAE,other_property_price_ignore
pasted-text.txt,Hotel RedDoorz Malabar 39 Kota Bandung Jawa Barat Indonesia,LODGE-01539,Hotel RedDoorz Malabar 39,properties,RedDoorz @ Galunggung,0.173,0.579,,,3.5,2.0,ChkI8Ja-i_bihLk4Gg0vZy8xMWNqaF82MXBqEAE,other_no_price
pasted-text.txt,Hotel RedDoorz Malabar 39 Kota Bandung Jawa Barat Indonesia,LODGE-01539,Hotel RedDoorz Malabar 39,properties,OYO 94726 Asteria Talaga Bodas,0.577,0.286,133829.0,Rp 133.829,5.0,2.0,ChoI7euUgqmggqSGARoNL2cvMTF5amtmejY3cxAB,other_property_price_ignore
pasted-text.txt,Hotel RedDoorz Malabar 39 Kota Bandung Jawa Barat Indonesia,LODGE-01539,Hotel RedDoorz Malabar 39,properties,Hotel Montameri,0.699,0.071,152673.0,Rp 152.673,3.7,600.0,ChkIy5qkxsfcud9dGg0vZy8xMWI2ZGZucGxjEAE,other_property_price_ignore
pasted-text.txt,Hotel RedDoorz Malabar 39 Kota Bandung Jawa Barat Indonesia,LODGE-01539,Hotel RedDoorz Malabar 39,properties,RedDoorz @ Talaga Bodas,0.693,0.7,,,4.2,221.0,ChkIpeCHqO63vchvGg0vZy8xMWMybm55ZGtuEAE,other_no_price
pasted-text.txt,Hotel RedDoorz Malabar 39 Kota Bandung Jawa Barat Indonesia,LODGE-01539,Hotel RedDoorz Malabar 39,properties,Malaka Hotel,0.414,0.4,521044.0,Rp 521.044,4.4,4131.0,ChcIqfDm--TJm8IZGgsvZy8xdmI2N3R6dxAB,other_property_price_ignore
pasted-text.txt,Hotel RedDoorz Malabar 39 Kota Bandung Jawa Barat Indonesia,LODGE-01539,Hotel RedDoorz Malabar 39,properties,Sutan Raja Guest House Bandung,0.56,0.146,225024.0,Rp 225.024,4.2,330.0,ChkI9PXR5euZ5txhGg0vZy8xMWI3NzRocHF3EAE,other_property_price_ignore
pasted-text.txt,Hotel RedDoorz Malabar 39 Kota Bandung Jawa Barat Indonesia,LODGE-01539,Hotel RedDoorz Malabar 39,properties,Elephant Eleven Residence Buah Batu Kota Bandung,1.099,0.259,237565.0,Rp 237.565,4.5,89.0,ChoIqMu40ZKg9d7CARoNL2cvMTFzN3duazVfcRAB,other_property_price_ignore
pasted-text.txt,Hotel RedDoorz Malabar 39 Kota Bandung Jawa Barat Indonesia,LODGE-01539,Hotel RedDoorz Malabar 39,properties,dPalma Hotel,0.524,0.24,302193.0,Rp 302.193,4.1,748.0,ChkIu7zfhLGYvIBDGg0vZy8xMWI3M3YzbXo2EAE,other_property_price_ignore
pasted-text.txt,Hotel RedDoorz Malabar 39 Kota Bandung Jawa Barat Indonesia,LODGE-01539,Hotel RedDoorz Malabar 39,properties,Hotel Benua,1.027,0.167,233127.0,Rp 233.127,4.1,2900.0,ChcIhtTEj_XR-cINGgsvZy8xdGdjdmdfeRAB,other_property_price_ignore
pasted-text.txt,Hotel RedDoorz Malabar 39 Kota Bandung Jawa Barat Indonesia,LODGE-01539,Hotel RedDoorz Malabar 39,properties,Simply Studio at Grand Asia Afrika Apt By Travelio,0.715,0.095,329806.0,Rp 329.806,,,ChkQh731tq2XrKUkGg0vZy8xMXhmdDJkczJsEAI,other_property_price_ignore
pasted-text.txt,Hotel RedDoorz Malabar 39 Kota Bandung Jawa Barat Indonesia,LODGE-01539,Hotel RedDoorz Malabar 39,properties,WABS Syariah,0.631,0.258,271312.0,Rp 271.312,,,ChkQ2IXksrTl0socGg0vZy8xMXljbDJ0XzFyEAI,other_property_price_ignore
pasted-text.txt,Hotel RedDoorz Malabar 39 Kota Bandung Jawa Barat Indonesia,LODGE-01539,Hotel RedDoorz Malabar 39,properties,kost pria / wanita,0.432,0.229,135371.0,Rp 135.371,4.8,8.0,ChkInMX52dG9lYtKGg0vZy8xMWI2enJrX3M1EAE,other_property_price_ignore
pasted-text.txt,Hotel RedDoorz Malabar 39 Kota Bandung Jawa Barat Indonesia,LODGE-01539,Hotel RedDoorz Malabar 39,properties,Hotel Rumah Tawa Syariah,1.355,0.324,248563.0,Rp 248.563,4.4,356.0,ChcI7f3pvZbIzZsVGgsvZy8xdGY4a2IydxAB,other_property_price_ignore
pasted-text.txt,Hotel RedDoorz Malabar 39 Kota Bandung Jawa Barat Indonesia,LODGE-01539,Hotel RedDoorz Malabar 39,properties,RedDoorz near Trans Studio Mall,0.425,0.533,,,4.1,37.0,ChkIsLTWuOGqi-I-Gg0vZy8xMWNteXQ3MHE1EAE,other_no_price
pasted-text.txt,Hotel RedDoorz Malabar 39 Kota Bandung Jawa Barat Indonesia,LODGE-01539,Hotel RedDoorz Malabar 39,properties,Sartika Hotel,0.694,0.154,109964.0,Rp 109.964,3.5,220.0,ChgI3N3lstrRmKefARoLL2cvMXYzd2g1OW4QAQ,other_property_price_ignore
pasted-text.txt,Hotel RedDoorz Malabar 39 Kota Bandung Jawa Barat Indonesia,LODGE-01539,Hotel RedDoorz Malabar 39,properties,G10 Guest House,1.24,0.118,240786.0,Rp 240.786,4.6,120.0,ChoIu6a5nYuqyv-yARoNL2cvMTFjMXhobnJiNRAB,other_property_price_ignore
pasted-text.txt,Hotel RedDoorz Malabar 39 Kota Bandung Jawa Barat Indonesia,LODGE-01539,Hotel RedDoorz Malabar 39,properties,The Papandayan,0.165,0.207,1151016.0,Rp 1.151.016,4.7,10341.0,ChcIrbKMsezv_vZ_GgsvZy8xdGZwbTM4eBAB,other_property_price_ignore
pasted-text.txt,Hotel RedDoorz Malabar 39 Kota Bandung Jawa Barat Indonesia,LODGE-01539,Hotel RedDoorz Malabar 39,properties,Rehat at Gania Hotel Bandung,1.229,0.333,260613.0,Rp 260.613,4.4,163.0,ChgI3Zrz7taYl5X9ARoLL2cvMXRjd2MycHkQAQ,other_property_price_ignore
pasted-text.txt,Hotel RedDoorz Malabar 39 Kota Bandung Jawa Barat Indonesia,LODGE-01539,Hotel RedDoorz Malabar 39,properties,Chara Hotel,0.603,0.167,452047.0,Rp 452.047,4.0,1387.0,ChgI66D2lcaw17kUGgwvZy8xMXhjNjVyazYQAQ,other_property_price_ignore
pasted-text.txt,Hotel RedDoorz Malabar 39 Kota Bandung Jawa Barat Indonesia,LODGE-01539,Hotel RedDoorz Malabar 39,properties,Urbanview Hotel Newton Riau Bandung,1.174,0.2,353641.0,Rp 353.641,4.1,2188.0,ChgIk_7O85bvoqwpGgwvZy8xMmo0eGgxdDAQAQ,other_property_price_ignore
pasted-text.txt,Hotel RedDoorz Malabar 39 Kota Bandung Jawa Barat Indonesia,LODGE-01539,Hotel RedDoorz Malabar 39,properties,High Livin Apartment Asia Afrika,0.74,0.196,263114.0,Rp 263.114,3.8,81.0,ChkIuKn2vqS0r4p8Gg0vZy8xMXRrNTFjcmI3EAE,other_property_price_ignore
pasted-text.txt,Hotel RedDoorz Malabar 39 Kota Bandung Jawa Barat Indonesia,LODGE-01539,Hotel RedDoorz Malabar 39,properties,De'rain Hotel,0.918,0.154,364232.0,Rp 364.232,4.2,2543.0,ChkI7ta3-Yj7nKgyGg0vZy8xMWI3dzBiMWdjEAE,other_property_price_ignore
pasted-text.txt,Hotel RedDoorz Malabar 39 Kota Bandung Jawa Barat Indonesia,LODGE-01539,Hotel RedDoorz Malabar 39,properties,Hotel Kurnia,1.018,0.16,163455.0,Rp 163.455,3.6,312.0,ChoIlt_blM3X65X3ARoNL2cvMTFiNXdtbjN0NBAB,other_property_price_ignore
pasted-text.txt,Hotel RedDoorz Malabar 39 Kota Bandung Jawa Barat Indonesia,LODGE-01539,Hotel RedDoorz Malabar 39,properties,RedDoorz Plus near Trans Studio Mall 4,0.634,0.553,,,4.0,2.0,ChoIw-7sjYf2s_zCARoNL2cvMTFnd21rMjgzdxAB,other_no_price
pasted-text.txt,Hotel RedDoorz Malabar 39 Kota Bandung Jawa Barat Indonesia,LODGE-01539,Hotel RedDoorz Malabar 39,properties,Guest House Rumah Tawa Syariah 1,0.678,0.275,192479.0,Rp 192.479,4.3,143.0,ChkI14uQh5aq3_siGg0vZy8xMWI2bGd3N2ZxEAE,other_property_price_ignore
pasted-text.txt,Hotel RedDoorz Malabar 39 Kota Bandung Jawa Barat Indonesia,LODGE-01539,Hotel RedDoorz Malabar 39,properties,SANS Family Hotel Bandung,0.795,0.2,437593.0,Rp 437.593,4.2,49.0,ChoI74C5ituPp9KqARoNL2cvMTF3eHNydHN4YhAB,other_property_price_ignore
pasted-text.txt,Hotel RedDoorz Malabar 39 Kota Bandung Jawa Barat Indonesia,LODGE-01539,Hotel RedDoorz Malabar 39,properties,Reddoorz Near Trans Studio Mall 2,0.81,0.553,254820.0,Rp 254.820,4.2,403.0,ChoIm_mYxYKp9db1ARoNL2cvMTFkeGIxN2hrdxAB,other_property_price_ignore
pasted-text.txt,Hotel RedDoorz Malabar 39 Kota Bandung Jawa Barat Indonesia,LODGE-01539,Hotel RedDoorz Malabar 39,properties,Vio Hotel Veteran,1.223,0.133,275307.0,Rp 275.307,4.3,1684.0,ChkIiaaC7sHj4vY9Gg0vZy8xMWJid19fZmo5EAE,other_property_price_ignore
pasted-text.txt,Hotel RedDoorz Malabar 39 Kota Bandung Jawa Barat Indonesia,LODGE-01539,Hotel RedDoorz Malabar 39,properties,RedDoorz @ Pelajar Pejuang 2,0.781,0.622,,,3.8,13.0,ChkItJHv7PKDt8hGGg0vZy8xMWNuZGR0Z3I0EAE,other_no_price
pasted-text.txt,Hotel RedDoorz Malabar 39 Kota Bandung Jawa Barat Indonesia,LODGE-01539,Hotel RedDoorz Malabar 39,properties,RedDoorz near Trans Studio Mall 2 - Deluxe Room,0.801,0.441,291936.0,Rp 291.936,4.5,16.0,ChkQ44vrtPqPwYxsGg0vZy8xMXhkM2Jzam04EAI,other_property_price_ignore
pasted-text.txt,Hotel RedDoorz Malabar 39 Kota Bandung Jawa Barat Indonesia,LODGE-01539,Hotel RedDoorz Malabar 39,properties,apartemen jarrdin Cihampelas by partyroom,0.975,0.211,286364.0,Rp 286.364,,,ChkQ_7zPh-T1wok_Gg0vZy8xMXo5bjEyNDFqEAI,other_property_price_ignore
