"oleh_oleh_raw_id","name","category","address","latitude","longitude","rating","reviews","url","website","phone","search_query","place_id","cid","image_url","auto_subtype","review_confidence_label","auto_quality_score","duplicate_group_key","duplicate_count","category_noise_signal","auto_audit_status","auto_audit_reason","manual_decision","manual_note"
"OORAW-20260609-0002","PUSAT OLEH - OLEH VIRAL","Toko Kue","Jl. Raya Tangkuban Parahu, RT.5/RW.7, Cikole, Kec. Lembang, Kabupaten Bandung Barat, Jawa Barat 40391, Indonesia","-6.7853644","107.6522503","4.4","8","https://www.google.com/maps/search/?api=1&query=PUSAT%20OLEH%20-%20OLEH%20VIRAL&query_place_id=ChIJxy58-SHhaC4R9ihq1qxdrRo","","+62 822-3836-318","pusat oleh-oleh","ChIJxy58-SHhaC4R9ihq1qxdrRo","1922295612870109430","https://lh3.googleusercontent.com/gps-cs-s/APNQkAFQgXowb5Xyr-2wE3nT6CSn_a2_1hIIwWfevRmrqD4hX_uFCodbKQtNWNJNDB6LZ2C1k07jzYyiKmGWMJbtK_nS5-dLT6Qv48OsvGGvseLXAFdTDVw6H5JrnmfOY8XkKExqEnsN=w426-h240-k-no","bolu_cake","low","90","viral","1","False","manual_check","perlu cek ringan sebelum review scraping","",""
"OORAW-20260609-0003","Pusat Oleh Oleh Lembang","","Jl. Raya Tangkuban Parahu No.57, Cikole, Kec. Lembang, Kabupaten Bandung Barat, Jawa Barat 40391, Indonesia","-6.7855625","107.6525274","5","3","https://www.google.com/maps/search/?api=1&query=Pusat%20Oleh%20Oleh%20Lembang&query_place_id=ChIJ6QJBZ2zgaC4RqYwZSnw4eOE","","","pusat oleh-oleh","ChIJ6QJBZ2zgaC4RqYwZSnw4eOE","16246797762209352873","https://lh3.googleusercontent.com/gps-cs-s/APNQkAGesm1uwK1GADZAO1zc-awFWNxQxDY8uXhPZo-kT5So_A2d-Tf0pGl4_ZGDOMvMSqFa47c28sQxMEKiqt-HbG_6VXovawhrnPBuiyVOZv_dV9UcXrtXenQtWWORkIZirBmGyOrMYA=w426-h240-k-no","pusat_oleh_oleh","low","90","","3","False","manual_check","perlu cek ringan sebelum review scraping","",""
"OORAW-20260609-0004","IntiRasa Oleh Oleh Lembang","Pusat Perbelanjaan","Masjid Ataqwa kp Pasirluyu, Pencut, Lembang, Kec. Lembang, Kabupaten Bandung Barat, Jawa Barat 40391, Indonesia","-6.8258723","107.6204177","5","2","https://www.google.com/maps/search/?api=1&query=IntiRasa%20Oleh%20Oleh%20Lembang&query_place_id=ChIJezC-s6rhaC4RDk50cSYpzLI","","+62 822-1924-6663","pusat oleh-oleh","ChIJezC-s6rhaC4RDk50cSYpzLI","12883717879089090062","https://lh3.googleusercontent.com/gps-cs-s/APNQkAEuQJlquPA3JeYAgvmuDn65TDfqSXlqOEhRE2JnHlwGiOxVcarPgU0ERP5bq640d3JgrIbuuoo_1VAmkQdUBMbsxB3cl6fx2gRmgcScekERG5t5-nNL4L-KU4j7N-mcHf-C00Nv=w505-h240-k-no","pusat_oleh_oleh","low","75","intirasa","1","True","manual_check","kategori masih restoran/mall/pujasera/pasar","",""
"OORAW-20260609-0007","TOKO OLEH-OLEH PATRYANA","Pusat Perbelanjaan","Jl. Raya Tangkuban Parahu No.11, Cibogo, Cikole, Kabupaten Bandung Barat, Jawa Barat 40391, Indonesia","-6.8102878","107.6354502","5","2","https://www.google.com/maps/search/?api=1&query=TOKO%20OLEH-OLEH%20PATRYANA&query_place_id=ChIJ1-gRW57haC4RaQxYmD8N0IQ","","","pusat oleh-oleh","ChIJ1-gRW57haC4RaQxYmD8N0IQ","9570163774952311913","https://lh3.googleusercontent.com/gps-cs-s/APNQkAH6I8pBXeZ6bo1jcJoW6RzgoD3HCjhABjjmSAGJ4uEWI84EQ3JjW7vupEp44D74f44F3fTwp0relQ_Dvunj48lPF0w4jHLuhe4JKlByNWfXqAbCp-166FQlogrlPY59ySysIh2Vxg=w408-h310-k-no","pusat_oleh_oleh","low","75","patryana","1","True","manual_check","kategori masih restoran/mall/pujasera/pasar","",""
"OORAW-20260609-0008","Oleh Oleh Bandung Sari Raos","Restoran","Jl. Raya Lembang No.240, Lembang, Kec. Lembang, Kabupaten Bandung Barat, Jawa Barat 40391, Indonesia","-6.8126824","107.6158732","4.3","71","https://www.google.com/maps/search/?api=1&query=Oleh%20Oleh%20Bandung%20Sari%20Raos&query_place_id=ChIJh55JfQPhaC4Rq_QfDdXXm_I","","+62 22 2786550","toko oleh-oleh khas","ChIJh55JfQPhaC4Rq_QfDdXXm_I","17481803688616916139","https://lh3.googleusercontent.com/gps-proxy/ALd4DhF7MZzgxFvoEdDKE83dErUTbvPihk_PDekXaEGW8BRG6J16C_Sfe5-CxXcah2JkN8REH0qjz_05Od9LQe9hLtNjQqgZ9C2dsCOTbjc52MVFqV6jTbzDGMPDtGjpNsc9XmzcMBTcGZkmT4Wy-l7zrmjcGyiXjwIdraJFr9O-VjRO7XyU2auFyDs23rZqYJVnRRuI_ts=w408-h306-k-no","pusat_oleh_oleh","medium","80","sari_raos","1","True","manual_check","kategori masih restoran/mall/pujasera/pasar","",""
"OORAW-20260609-0010","Bolu Susu Lembang Toko Resmi Lembang 1 - Oleh oleh khas Bandung","Toko Kue","Jl. Raya Lembang No.275, Jayagiri, Kec. Lembang, Kabupaten Bandung Barat, Jawa Barat 40391, Indonesia","-6.8121605","107.617927","4.9","5758","https://www.google.com/maps/search/?api=1&query=Bolu%20Susu%20Lembang%20Toko%20Resmi%20Lembang%201%20-%20Oleh%20oleh%20khas%20Bandung&query_place_id=ChIJJejFpgPhaC4RkjLdkCOsXXY","https://bolulembang.co.id/","+62 811-1500-146","toko oleh-oleh khas","ChIJJejFpgPhaC4RkjLdkCOsXXY","8529162538063835794","https://lh3.googleusercontent.com/gps-cs-s/APNQkAG68RmEWzkXUQkC5_7ezRUFyogJCIeS-EFK91YyTsIWyxeaytKcOAWKIIfM38fsDijB8GxtrDVNgsGoPVGKFK5vP7FmDbMJOdGyYA2v6Ik0PyRV6B2xPuwgA6ZAEAo_QRfO7A0V0g=w408-h306-k-no","bolu_cake","high","100","bolu_susu","3","False","manual_check","ada kandidat mirip/cabang, cek sebelum review scraping","",""
"OORAW-20260609-0011","Sari Barokah Oleh-oleh - Lembang","Pusat Perbelanjaan","Jl. Raya Tangkuban Parahu No.32, Kayuambon, Kec. Lembang, Kabupaten Bandung Barat, Jawa Barat 40391, Indonesia","-6.8120544","107.623878","4.2","329","https://www.google.com/maps/search/?api=1&query=Sari%20Barokah%20Oleh-oleh%20-%20Lembang&query_place_id=ChIJt33_g9XhaC4RwH63dao0s0w","","+62 852-1829-9940","toko oleh-oleh khas","ChIJt33_g9XhaC4RwH63dao0s0w","5526819074437775040","https://lh3.googleusercontent.com/gps-cs-s/APNQkAFGUZIDScBnSu1dmbuAw7ZWlyXaijR5ImnLILZiDG6VEpkivG3brOwJtyp1axTCUkp-pMe-UyXZZUPTXQ6GVNXCZCT7TSba7BKAjFhPqddBR-q5HJBsNonFzjQRfVcq2fjkSYq9=w408-h725-k-no","pusat_oleh_oleh","medium","80","sari_barokah","1","True","manual_check","kategori masih restoran/mall/pujasera/pasar","",""
"OORAW-20260609-0014","Oleh-Oleh Bandung","Toko","Jl. Maribaya No.116, Kayuambon, Kec. Lembang, Kabupaten Bandung Barat, Jawa Barat 40391, Indonesia","-6.8255538","107.6372746","4","3","https://www.google.com/maps/search/?api=1&query=Oleh-Oleh%20Bandung&query_place_id=ChIJezvUacLgaC4RK6zTmtyl3cw","","","toko oleh-oleh khas","ChIJezvUacLgaC4RK6zTmtyl3cw","14762137520499305515","https://streetviewpixels-pa.googleapis.com/v1/thumbnail?panoid=kCNtkPtfAe-rUec_d8-GyQ&cb_client=search.gws-prod.gps&w=408&h=240&yaw=255.60692&pitch=0&thumbfov=100","pusat_oleh_oleh","low","90","","3","False","manual_check","perlu cek ringan sebelum review scraping","",""
"OORAW-20260609-0015","SENTRA OLEH OLEH LEMBANG SDL","Pusat Perbelanjaan","Jl. Raya Tangkuban Parahu, Cikole, Kec. Lembang, Kabupaten Bandung Barat, Jawa Barat 40391, Indonesia","-6.8072407","107.6487065","5","18","https://www.google.com/maps/search/?api=1&query=SENTRA%20OLEH%20OLEH%20LEMBANG%20SDL&query_place_id=ChIJtfzyc6nhaC4RGZHr6dqJ1tg","","+62 852-8005-4640","pusat oleh-oleh","ChIJtfzyc6nhaC4RGZHr6dqJ1tg","15624827530528919833","https://lh3.googleusercontent.com/gps-cs-s/APNQkAGfP1un3exg512Bb4d0tIrE25tq_9iaD3Sl_N6MHqXuj1bXNLdmmeNDHDsZ5fQ2d0CPdH8ccvIoMhwLwKiNqTQNvxE6jqwKtr4Jp7SqVdJCqhXRrSxCFY_-JUgbnvgKY9sezDA=w408-h408-k-no","pusat_oleh_oleh","low","75","sentra","2","True","manual_check","kategori masih restoran/mall/pujasera/pasar","",""
"OORAW-20260609-0017","Rumah Makan Tahu Sumedang Renyah","Restoran","5HVV+MM6, Sukajaya, Kec. Lembang, Kabupaten Bandung Barat, Jawa Barat 40391, Indonesia","-6.8058266","107.5941261","4.3","567","https://www.google.com/maps/search/?api=1&query=Rumah%20Makan%20Tahu%20Sumedang%20Renyah&query_place_id=ChIJQUc7BZ7haC4RotAHqoN_LY0","","","tahu susu oleh-oleh","ChIJQUc7BZ7haC4RotAHqoN_LY0","10172927336769900706","https://lh3.googleusercontent.com/gps-cs-s/APNQkAG4iWtQI3iu2AFTqiAsW1xnRcJuU0VBi5tszML_ODmisqZLGyD2GuRj9ojYqgt0awrr1d7tWd-mbgIVBcol6Snpipuavh5gDQtSI03grnIgG4aXACtF_JRfc7GyM2DDafYEV1P0dw=w408-h306-k-no","tahu_susu","high","85","rumah_makan_tahu","1","True","manual_check","kategori masih restoran/mall/pujasera/pasar","",""
"OORAW-20260609-0018","Toko oleh-oleh khas Bandung","Toko Makanan","kampung andir, RT.001/RW.05, Gudangkahuripan, Kec. Lembang, Kabupaten Bandung Barat, Jawa Barat 40391, Indonesia","-6.8320123","107.6059212","5","1","https://www.google.com/maps/search/?api=1&query=Toko%20oleh-oleh%20khas%20Bandung&query_place_id=ChIJH1raA3HhaC4Revnj1yAkXZQ","","+62 856-5961-0751","toko oleh-oleh khas","ChIJH1raA3HhaC4Revnj1yAkXZQ","10690740813927020922","https://lh3.googleusercontent.com/gps-cs-s/APNQkAGTG6bX54YIz3yc9bVi0ulrLI5g7tKWM3D1otddwNioSy44gjJvARTiQRBClF1m1TYNwgez5-mhKxy99Qkh8jin8_UPBAPJJxTucdj-2KIrXVfzS65qwVwDTMasiSCDMAWlNYe4=w408-h272-k-no","pusat_oleh_oleh","low","90","makanan","1","False","manual_check","perlu cek ringan sebelum review scraping","",""
"OORAW-20260609-0019","Toko Oleh-Oleh Ma'mur Rasa","Toko","Jl. Raya Tangkuban Parahu No.209, Cikole, Kec. Lembang, Kabupaten Bandung Barat, Jawa Barat 40391, Indonesia","-6.79729","107.6533892","4.8","13","https://www.google.com/maps/search/?api=1&query=Toko%20Oleh-Oleh%20Ma'mur%20Rasa&query_place_id=ChIJ1_F0XmTgaC4RTglGmNNAjPI","","+62 821-1955-5008","oleh-oleh lembang","ChIJ1_F0XmTgaC4RTglGmNNAjPI","17477415531455056206","https://lh3.googleusercontent.com/gps-cs-s/APNQkAGNtmGHBXbeuxJf7NjLaRLpAZXf0z4_Np8cQRHcaRcVW_aaxlzSZs9jxeOkNqlxINd81jNbj8-4Ra0XL95GG7-62PZHRyHzH-Dct0Ejo0lkC1u8E1Zv-WGbjfWqhED2kpZjZUo=w426-h240-k-no","pusat_oleh_oleh","low","90","rasa","1","False","manual_check","perlu cek ringan sebelum review scraping","",""
"OORAW-20260609-0020","REST AREA Bolu Susu Lembang Asli","Pusat Perbelanjaan","Jl. Maribaya No.128, Langensari, Kec. Lembang, Kabupaten Bandung Barat, Jawa Barat 40391, Indonesia","-6.8249344","107.6393796","3","12","https://www.google.com/maps/search/?api=1&query=REST%20AREA%20Bolu%20Susu%20Lembang%20Asli&query_place_id=ChIJtThHQADhaC4REhcQZdiJUSc","","","oleh-oleh lembang","ChIJtThHQADhaC4REhcQZdiJUSc","2833197203094247186","https://lh3.googleusercontent.com/gps-cs-s/APNQkAFwPm2Ljch1RbzEFEeMAhKwwjP3t7EERuiI3QidEHmCphwbRueZnPmUS7I5UL7RnjcCMGBuNHtWE1uPaoxGJfQYkJLKsNuhAKyo6TiNFkmQweunFqT4oa-ckNKIFl-TEZ0nN6pxjkr_hY7P=w408-h271-k-no","bolu_cake","low","75","rest_area_bolu","1","True","manual_check","kategori masih restoran/mall/pujasera/pasar","",""
"OORAW-20260609-0021","Bolu Susu Lembang - Toko Resmi Lembang 2 - Oleh oleh khas Bandung","Toko Kue","Jl. Raya Lembang. 202 Km 14,3, Gudangkahuripan, Kec. Lembang, Kabupaten Bandung Barat, Jawa Barat 40391, Indonesia","-6.8212455","107.6099817","4.9","1401","https://www.google.com/maps/search/?api=1&query=Bolu%20Susu%20Lembang%20-%20Toko%20Resmi%20Lembang%202%20-%20Oleh%20oleh%20khas%20Bandung&query_place_id=ChIJlacLc1_haC4RbDl0sJQCkyg","https://bolulembang.co.id/","+62 811-1500-146","toko oleh-oleh khas","ChIJlacLc1_haC4RbDl0sJQCkyg","2923683420732406124","https://lh3.googleusercontent.com/gps-cs-s/APNQkAEkdW0q5O-PlevPyzj9ETWAHZ7tSGW9--yC-ZDOkNv3AqB_mg2FLh_mTpqYQWorffOcsNtSCqHMtEoGb7o_eILFcMUpcO6gYjK04UqYQKQHkli86xN8Cree2XMUl0j6VucHwjYYOlqIlrna=w408-h544-k-no","bolu_cake","high","100","bolu_susu","3","False","manual_check","ada kandidat mirip/cabang, cek sebelum review scraping","",""
"OORAW-20260609-0022","Pom Tahu Lembang","Restoran Tahu","Jl. Raya Lembang No.177, Jayagiri, Kec. Lembang, Kabupaten Bandung Barat, Jawa Barat 40391, Indonesia","-6.8168098","107.6127002","4.2","52","https://www.google.com/maps/search/?api=1&query=Pom%20Tahu%20Lembang&query_place_id=ChIJoTuoQBrhaC4R2602iqsIJow","","+62 22 4210054","tahu susu oleh-oleh","ChIJoTuoQBrhaC4R2602iqsIJow","10098768747276185051","https://lh3.googleusercontent.com/gps-cs-s/APNQkAEcY5T5pMAZnKfCzCZVUCGRHCSwPX8hgvu7VNACIxc0Z7AGeIcuJyHBx8Aj4ielS53ed9aSRqJYsQDEU8pMer61J7zYIzPqXo8o9m5Dv4hBQR2k2LSmfflyDjbbI_TmQ-ZK67M=w532-h240-k-no","tahu_susu","medium","80","tahu","1","True","manual_check","kategori masih restoran/mall/pujasera/pasar","",""
"OORAW-20260609-0024","Tahu Tauhid Pusat","Restoran Tahu","Jl. Cijeruk No.113, Lembang, Kec. Lembang, Kabupaten Bandung Barat, Jawa Barat 40391, Indonesia","-6.8183934","107.621771","4.5","686","https://www.google.com/maps/search/?api=1&query=Tahu%20Tauhid%20Pusat&query_place_id=ChIJj4vPdOLgaC4RpkONFntoroQ","https://leumburkuring.wordpress.com/informasi-pariwisata/wisata-kuliner/tahu-tauhid/","+62 22 2787947","tahu susu oleh-oleh","ChIJj4vPdOLgaC4RpkONFntoroQ","9560693936822764454","https://lh3.googleusercontent.com/gps-cs-s/APNQkAHIr3hvqcTuSm5bZF6xcvxoPWHhINu4heaQIFAhv79-CpdPb5q6thUDXTvmTf2EG9IezQqHpsAjIdzVYzX1JVBftwKz8-rftbJcFeWqtodSDqWMCpJadrFOuGiH0AKGduB180brz6R75WZ0=w408-h306-k-no","tahu_susu","high","85","tahu_tauhid","3","True","manual_check","kategori masih restoran/mall/pujasera/pasar","",""
"OORAW-20260609-0025","Tahu Susu Lembang","Pujasera","Jl. Raya Lembang - Bandung No.177, Jayagiri, Kec. Lembang, Kabupaten Bandung Barat, Jawa Barat 40391, Indonesia","-6.8170463","107.6125161","4.4","6739","https://www.google.com/maps/search/?api=1&query=Tahu%20Susu%20Lembang&query_place_id=ChIJ4UKf_xrhaC4Rs0rM-cs95EU","","+62 22 2789008","tahu susu oleh-oleh","ChIJ4UKf_xrhaC4Rs0rM-cs95EU","5036218229585627827","https://lh3.googleusercontent.com/gps-cs-s/APNQkAGp4rCGM87JGf1V4Y6l75KPQf9dfsesGcCFePRIdrHARPObqcjwq6L5b3drXErvUT2dfu6j32BIYl5XJE4Va8qXMRunpwE7WBMC2_tOx_ZDlZMvUtlNibHD0mAw7gZ6cmXbImKOOyvyLEqZ=w408-h544-k-no","tahu_susu","high","85","tahu_susu","1","True","manual_check","kategori masih restoran/mall/pujasera/pasar","",""
"OORAW-20260609-0026","Tahu Susu Foodcourt","Restoran","Jl. Hortikultura No.10, Jayagiri, Kec. Lembang, Kabupaten Bandung Barat, Jawa Barat 40391, Indonesia","-6.8163998","107.6115066","4.7","3","https://www.google.com/maps/search/?api=1&query=Tahu%20Susu%20Foodcourt&query_place_id=ChIJ6zGauTHhaC4RBbXruExzfqE","","","tahu susu oleh-oleh","ChIJ6zGauTHhaC4RBbXruExzfqE","11636865260529104133","https://lh3.googleusercontent.com/gps-cs-s/APNQkAF_4EQ6S2MZ2A2o0R9MyTXnn2Tmx3QysyKh8FX_GlAXwPOl0ZRxCBdsGDiu5JSoxztTDhUVEcFAnLlZZOVzT0GTT94TwY0zsrPBN6pFEiFC_qKu-lg-ZBAdg7pRvcOrXttvzqx3=w408-h306-k-no","tahu_susu","low","75","tahu_susu_foodcourt","1","True","manual_check","kategori masih restoran/mall/pujasera/pasar","",""
"OORAW-20260609-0027","Tahu Barokah","Pasar","5HJQ+Q5W, Jl. Cigugur, Cigugur Girang, Kec. Parongpong, Kabupaten Bandung Barat, Jawa Barat 40559, Indonesia","-6.8180117","107.5879618","4.5","135","https://www.google.com/maps/search/?api=1&query=Tahu%20Barokah&query_place_id=ChIJc2p7pG_haC4RTjyj0tkttyM","","+62 813-2113-8535","tahu susu oleh-oleh","ChIJc2p7pG_haC4RTjyj0tkttyM","2573576125630594126","https://lh3.googleusercontent.com/gps-cs-s/APNQkAGjPPPz8AE4er-PPvkzddicPb4CmmnSMC3ozWycx8L5ocDVc635oWVJYiCAhPvZSJbi3_YY2zQZ4a9PEPWWUJsKog-K50hMYU3y6coPP-FgG_8_89VA_R-WBa8kChVExi5EOd6hv6JECHw=w408-h544-k-no","tahu_susu","medium","80","tahu_barokah","1","True","manual_check","kategori masih restoran/mall/pujasera/pasar","",""
"OORAW-20260609-0030","Sentra Oleh-oleh Lembang","Toko Roti","Jl. Raya Lembang No.277, Jayagiri, Kec. Lembang, Kabupaten Bandung Barat, Jawa Barat 40391, Indonesia","-6.811962","107.6174976","4.6","92","https://www.google.com/maps/search/?api=1&query=Sentra%20Oleh-oleh%20Lembang&query_place_id=ChIJsUearm7haC4RAjlHK8bzdRM","","","toko oleh-oleh khas","ChIJsUearm7haC4RAjlHK8bzdRM","1402294891450939650","https://lh3.googleusercontent.com/gps-cs-s/APNQkAFJOqaE0R4mHdaD8gdZUYl-bmiRXYmIDQh8ok4G66EHFee9xc4NacrPIJnIhLtrBQcEYl4-oy-5ngi3-0F120RAyJHg0s9fyxvcpjCqUsigTsehurfIBlir9cHJRlJsEPBA-erT=w426-h240-k-no","pastry_roti","medium","95","sentra","2","False","manual_check","ada kandidat mirip/cabang, cek sebelum review scraping","",""
"OORAW-20260609-0031","Pusat oleholeh BOLU SUSU LEMBANG USMANBO","Toko Roti","6J9W+9RX, Jl. Raya Tangkuban Parahu, RT.05/RW.06, Cikole, Kec. Lembang, Kabupaten Bandung Barat, Jawa Barat 40391, Indonesia","-6.7815092","107.6470979","5","3","https://www.google.com/maps/search/?api=1&query=Pusat%20oleholeh%20BOLU%20SUSU%20LEMBANG%20USMANBO&query_place_id=ChIJsc979BHhaC4RK_Bd_beUcy0","","+62 812-2413-7882","bolu susu oleh-oleh","ChIJsc979BHhaC4RK_Bd_beUcy0","3275124871979200555","https://lh3.googleusercontent.com/gps-cs-s/APNQkAEubKJI2cwoAJovT3zNUIgQn30fFtyjf7PZYN1SBHeHWeiA-dtQugokHOxTFx8QfyOrPYok1QUqEKNT4mDW0X6wjkgPoiYepFqQ8ZG-DtOS8_PscugVCChIkEBdwl_d0aEuzskG=w408-h544-k-no","bolu_cake","low","90","oleholeh_bolu_susu","1","False","manual_check","perlu cek ringan sebelum review scraping","",""
"OORAW-20260609-0033","Bolu Susu Asli Lembang Oleh2 Kabayan Rumah Susu Lembang","Toko Makanan","Jl. Raya Lembang - Bandung No.km 13’2, Gudangkahuripan, Kec. Lembang, Kabupaten Bandung Barat, Jawa Barat 40391, Indonesia","-6.8294777","107.6071009","4.7","512","https://www.google.com/maps/search/?api=1&query=Bolu%20Susu%20Asli%20Lembang%20Oleh2%20Kabayan%20Rumah%20Susu%20Lembang&query_place_id=ChIJvfpvG__haC4Ra5yppAbWY-A","","+62 813-9490-8783","bolu susu oleh-oleh","ChIJvfpvG__haC4Ra5yppAbWY-A","16169002411210939499","https://lh3.googleusercontent.com/gps-cs-s/APNQkAHBdcK2rusXNRbzyYgVpEMnxS9UiznVyZ9XmX7qjawJmwEqeSmATiirrZYGWWbAy4QiCg0YhjU7j8bp54jcUPFUMFJg4rTALbc24p9j-ZUP9T_0kbLxFcgaQdiY1EdLr_vz4anoqg=w408-h306-k-no","bolu_cake","high","100","bolu_susu_asli","2","False","manual_check","ada kandidat mirip/cabang, cek sebelum review scraping","",""
"OORAW-20260609-0034","Pusat Oleh-Oleh Khas Bandung Dan Tahu Tauhid","Restoran Indonesia","5HCW+5QJ, Jl. Terusan Sersan Bajuri, Cihideung, Kec. Parongpong, Kota Bandung, Jawa Barat 40559, Indonesia","-6.829526","107.596878","4.2","90","https://www.google.com/maps/search/?api=1&query=Pusat%20Oleh-Oleh%20Khas%20Bandung%20Dan%20Tahu%20Tauhid&query_place_id=ChIJ3edalkDhaC4R4FU86u8rNJA","","+62 22 2874461","pusat oleh-oleh","ChIJ3edalkDhaC4R4FU86u8rNJA","10390978549677577696","https://lh3.googleusercontent.com/gps-cs-s/APNQkAH1XP7m1Zaev96PlA-TEt5JGhVyfw0xzg324jhCDvzLCwiHKno17j1BDaHtYwZqtgyHR0Ii6QHKUJtFfXm-AKAAg4_eBqpW1YSMqz_KWnWD8HAON_H6AKzVKFAjAQ8qNp4tzLpB=w408-h306-k-no","tahu_susu","medium","80","tahu_tauhid","3","True","manual_check","kategori masih restoran/mall/pujasera/pasar","",""
"OORAW-20260609-0036","Mushola Tahu Susu Lembang","Tempat Ibadah","5JM7+322, Jayagiri, Kec. Lembang, Kabupaten Bandung Barat, Jawa Barat 40391, Indonesia","-6.8173748","107.61251","4.5","2","https://www.google.com/maps/search/?api=1&query=Mushola%20Tahu%20Susu%20Lembang&query_place_id=ChIJO5WSbvLhaC4RlqMP7tRqFW8","","","tahu susu oleh-oleh","ChIJO5WSbvLhaC4RlqMP7tRqFW8","8004421375480538006","https://lh3.googleusercontent.com/gps-cs-s/APNQkAGba3CAdMnxIAUM4sJ1tDZ9CNe8HxGKpaXhdl1VI_YgYaUZw8x13UQU9DjsG0n8INT9Vqw3zj2_aIQFzWZPCzci3VhlywNq5MXupt00AhEXyAMK5viNgAdGrWLOowzivdJ7Qojp=w408-h306-k-no","tahu_susu","low","90","mushola_tahu_susu","1","False","manual_check","perlu cek ringan sebelum review scraping","",""
"OORAW-20260609-0038","RM Tahu Sumedang Renyah Lembang","Restoran Tahu","No., Jalan Raya Lembang No.216, Lembang, Kec. Lembang, Kabupaten Bandung Barat, Jawa Barat 40391, Indonesia","-6.8145675","107.6147308","4.3","1036","https://www.google.com/maps/search/?api=1&query=RM%20Tahu%20Sumedang%20Renyah%20Lembang&query_place_id=ChIJV2KasQThaC4RRVETYdJAtZI","","+62 22 82782144","tahu susu oleh-oleh","ChIJV2KasQThaC4RRVETYdJAtZI","10571426972638073157","https://lh3.googleusercontent.com/gps-cs-s/APNQkAHCnyAL84dj98GVq_ZLCqMvWAgQqJQ_6zoi813_kDplnLZZYo0_csJ3tWjMIMENEecHJF5j_L56rwxGSB6qGYMsTP_LTEyp3T5e6uleekp5MbM58_UsdrfaeZFUgr2PnEGWCGl_=w408-h306-k-no","tahu_susu","high","85","tahu_sumedang_renyah","1","True","manual_check","kategori masih restoran/mall/pujasera/pasar","",""
"OORAW-20260609-0041","Snack Afila","Toko","Jl. Raya Lembang, Lembang, Kec. Lembang, Kabupaten Bandung Barat, Jawa Barat 40391, Indonesia","-6.8129468","107.6179779","4.9","19","https://www.google.com/maps/search/?api=1&query=Snack%20Afila&query_place_id=ChIJ64SDhBDhaC4RPTG8wcUyCZE","","+62 857-9833-3337","snack oleh-oleh","ChIJ64SDhBDhaC4RPTG8wcUyCZE","10450940235230228797","https://lh3.googleusercontent.com/gps-cs-s/APNQkAGwStXVbWJSjOZDibZGVb_cWnI32mDsASkrDDeNA7w_hdYybNH4S43I_g_FlVHG1U53Zri4oMj6Mg75Q8sDdmfAKTHxntQNA93JLbNUsuDph8V63F55sZuEHZh_sax3HxP4s1xT3_s70I_p=w408-h589-k-no","snack_kering","low","90","snack_afila","1","False","manual_check","perlu cek ringan sebelum review scraping","",""
"OORAW-20260609-0044","Bolu Susu Lembang BSLA Andir","Toko Suvenir","Jl. Raya Lembang - Bandung No.km 13’2, Gudangkahuripan, Kec. Lembang, Kabupaten Bandung Barat, Jawa Barat 40391, Indonesia","-6.8298519","107.6070352","5","2","https://www.google.com/maps/search/?api=1&query=Bolu%20Susu%20Lembang%20BSLA%20Andir&query_place_id=ChIJKUeDuhvhaC4RFKJb4_BfpEs","","","bolu susu oleh-oleh","ChIJKUeDuhvhaC4RFKJb4_BfpEs","5450586937236365844","https://lh3.googleusercontent.com/gps-cs-s/APNQkAE6oES-37j9l2U3KohWdHuaFHwzV5km_AFklKTO8ePlSKck3jKxL5n4-nawLue52fTM1khAgEC41moptPjpGg7yoedm1aUefFd7t26KbNT5xKapkhiV48CzBbCPhZkv8q9BdMZqng=w408-h541-k-no","bolu_cake","low","90","bolu_susu_bsla","2","False","manual_check","perlu cek ringan sebelum review scraping","",""
"OORAW-20260609-0045","Mitra Resmi Bolu Susu Lembang Toko Pasundan","Toko Roti","Jl. Raya Lembang No.71, RW.15, Gudangkahuripan, Kec. Lembang, Kabupaten Bandung Barat, Jawa Barat 40391, Indonesia","-6.8333373","107.6045637","5","1","https://www.google.com/maps/search/?api=1&query=Mitra%20Resmi%20Bolu%20Susu%20Lembang%20Toko%20Pasundan&query_place_id=ChIJd8kG49PhaC4R3r989cabv5o","","+62 813-1296-8433","bolu susu oleh-oleh","ChIJd8kG49PhaC4R3r989cabv5o","11150802481217060830","https://streetviewpixels-pa.googleapis.com/v1/thumbnail?panoid=Olws1JVroBsxzCMtyIG9lw&cb_client=search.gws-prod.gps&w=408&h=240&yaw=111.64392&pitch=0&thumbfov=100","bolu_cake","low","90","mitra_bolu_susu","1","False","manual_check","perlu cek ringan sebelum review scraping","",""
"OORAW-20260609-0046","Drive Thru Tahu Susu Lembang","Pusat Perbelanjaan","Jl. Raya Lembang No.177, Jayagiri, Kec. Lembang, Kabupaten Bandung Barat, Jawa Barat 40391, Indonesia","-6.8176645","107.6120815","4.8","6","https://www.google.com/maps/search/?api=1&query=Drive%20Thru%20Tahu%20Susu%20Lembang&query_place_id=ChIJMZmJpkLhaC4RnA0zRfu0dVw","","+62 22 2789008","tahu susu oleh-oleh","ChIJMZmJpkLhaC4RnA0zRfu0dVw","6662430215055281564","https://lh3.googleusercontent.com/gps-cs-s/APNQkAHjQ2rbJdPSQjpTnZxIXZ_Pj2Zf6-rI7v-nVPlmKBrj1DD_PQArK0S_dhS33lZwCFe69z87M5xRPk3y6fcct23bmxzKNnGcS5vG02nHVHOJL7Yl57-bUzeYqTiOY2DW0wV0HTDVfw=w408-h306-k-no","tahu_susu","low","75","drive_thru_tahu","1","True","manual_check","kategori masih restoran/mall/pujasera/pasar","",""
"OORAW-20260609-0050","Bolu Susu Asli Lembang Rest area Oleh2 Kabayan","Toko","Jl. Raya Lembang No.KM.13, RW.3, Gudangkahuripan, Kec. Lembang, Kabupaten Bandung Barat, Jawa Barat 40391, Indonesia","-6.8288597","107.6072174","4.4","50","https://www.google.com/maps/search/?api=1&query=Bolu%20Susu%20Asli%20Lembang%20Rest%20area%20Oleh2%20Kabayan&query_place_id=ChIJx1DhD_vhaC4REVjxErhiK2Y","","+62 878-1800-0400","bolu susu oleh-oleh","ChIJx1DhD_vhaC4REVjxErhiK2Y","7362086558598518801","https://lh3.googleusercontent.com/gps-cs-s/APNQkAH2yMC0rDHIREigqWQPUYbv8lqebZyiigNUBY6Ct-PqGkma-BnA5hLD41xYMsENaVVOpuK-IXp-17UqZ7G9gYh0EbBRYkwjVFMkGX-7Dg39IyUnDC4MRuhCbGKF94xkIv-kWt0=w408-h544-k-no","bolu_cake","medium","95","bolu_susu_asli","2","False","manual_check","ada kandidat mirip/cabang, cek sebelum review scraping","",""
"OORAW-20260609-0051","Tahu Tauhid Lembang","Toko Tahu","Jl. Seskoau Jl. Maribaya No.20, Lembang, Kec. Lembang, Kabupaten Bandung Barat, Jawa Barat 40391, Indonesia","-6.8156902","107.6253227","4.4","3676","https://www.google.com/maps/search/?api=1&query=Tahu%20Tauhid%20Lembang&query_place_id=ChIJ21EDFuPgaC4RBMmyRG2-fnw","https://leumburkuring.wordpress.com/informasi-pariwisata/wisata-kuliner/tahu-tauhid/","+62 821-3060-1778","tahu susu oleh-oleh","ChIJ21EDFuPgaC4RBMmyRG2-fnw","8970816884281886980","https://lh3.googleusercontent.com/gps-cs-s/APNQkAHSpUnuLqLxQbj1Q_x-aHkAc7Ha06_h6HstXPoawp_C1e3xzi-aDYUxA3kXgFpThN-1wbLxULBxuHlkS4yNcMt5Iu-P-8mQyQP5_9gdHCCNqGzhenklXTfCM6s7I3ITAMs6VDvISwtyf_on=w408-h292-k-no","tahu_susu","high","100","tahu_tauhid","3","False","manual_check","ada kandidat mirip/cabang, cek sebelum review scraping","",""
"OORAW-20260609-0052","Oleh-oleh Parahiyagan ""IlHAM""","Pusat Perbelanjaan","tempe oleh-oleh Ilham no 55 pasar buah, Jayagiri, Kec. Lembang, Kabupaten Bandung Barat, Jawa Barat 40391, Indonesia","-6.8124305","107.6155955","","","https://www.google.com/maps/search/?api=1&query=Oleh-oleh%20Parahiyagan%20%22IlHAM%22&query_place_id=ChIJTcDWgQThaC4ReluuPlUWa7k","","+62 813-9422-5690","pusat oleh-oleh","ChIJTcDWgQThaC4ReluuPlUWa7k","13360797274904353658","https://streetviewpixels-pa.googleapis.com/v1/thumbnail?panoid=QiS5UBSqxdwWnaCxMjjnXw&cb_client=search.gws-prod.gps&w=408&h=240&yaw=291.2341&pitch=0&thumbfov=100","pusat_oleh_oleh","none","60","parahiyagan_ilham","1","True","manual_check","kategori masih restoran/mall/pujasera/pasar","",""
"OORAW-20260609-0062","Rumah Sosis","Restoran Tahu","Jl. Raya Lembang No.177, Jayagiri, Kec. Lembang, Kabupaten Bandung Barat, Jawa Barat 40391, Indonesia","-6.8168542","107.6126524","4","1166","https://www.google.com/maps/search/?api=1&query=Rumah%20Sosis&query_place_id=ChIJ2XBneSfnaC4RcbiHRbrTS2M","","+62 22 2789008","oleh-oleh lembang","ChIJ2XBneSfnaC4RcbiHRbrTS2M","7155045229992065137","https://lh3.googleusercontent.com/gps-cs-s/APNQkAE2mANpfcWgZOtAjgJoz1syAmnVlhd5Hjp8ZHxlGLOwdsPQOf113h9X-FTdEoOBk8Ic1RD8ZNj5XFifTRVQQbsHN86BCxZsIbVMgKZ0RWy-brB9TPiNtescvfNX6I8XX6PczVJk=w408-h306-k-no","tahu_susu","high","85","rumah_sosis","1","True","manual_check","kategori masih restoran/mall/pujasera/pasar","",""
"OORAW-20260609-0073","Bolu Susu Madu","Toko Roti","Jl. Raya Lembang No.285 B, Jayagiri, Kec. Lembang, Kabupaten Bandung Barat, Jawa Barat 40391, Indonesia","-6.8120442","107.6176923","4.8","4","https://www.google.com/maps/search/?api=1&query=Bolu%20Susu%20Madu&query_place_id=ChIJI_Lsy2nhaC4RByJRImSnuzs","","+62 895-6193-94599","bolu susu oleh-oleh","ChIJI_Lsy2nhaC4RByJRImSnuzs","4304217917396951559","https://lh3.googleusercontent.com/gps-cs-s/APNQkAEvMJn-4cTWT5kbu7zY6fv3VayiQaojW5EuuGUDlHPUg2gc2fDf-BNFaMNO0Vbbdb3ew3K5_V6rubi8xq3It7spMQYd-qj9mTFE5K8eDEN05tpq2cjbH_7I6q8p22IQJJO00JZG=w493-h240-k-no","bolu_cake","low","90","bolu_susu_madu","1","False","manual_check","perlu cek ringan sebelum review scraping","",""
"OORAW-20260609-0074","Diah Afifa Bolu Susu Lembang","Toko Kue","5JVC+F3C, Jl. Jayagiri, Jayagiri, Kec. Lembang, Kabupaten Bandung Barat, Jawa Barat 40391, Indonesia","-6.8063147","107.6201386","5","2","https://www.google.com/maps/search/?api=1&query=Diah%20Afifa%20Bolu%20Susu%20Lembang&query_place_id=ChIJnWvXPgDhaC4RhnwO6hW1gM0","","+62 838-2131-8831","bolu susu oleh-oleh","ChIJnWvXPgDhaC4RhnwO6hW1gM0","14808034680519949446","https://streetviewpixels-pa.googleapis.com/v1/thumbnail?panoid=0qZILjuqnPgxx8I5CO3tVg&cb_client=search.gws-prod.gps&w=408&h=240&yaw=104.601166&pitch=0&thumbfov=100","bolu_cake","low","90","diah_afifa_bolu","1","False","manual_check","perlu cek ringan sebelum review scraping","",""
"OORAW-20260609-0078","Bumi Snack","Toko","5HMW+W2V, Cihideung, Kec. Parongpong, Kabupaten Bandung Barat, Jawa Barat 40559, Indonesia","-6.8151716","107.5950355","5","2","https://www.google.com/maps/search/?api=1&query=Bumi%20Snack&query_place_id=ChIJvbn7JgDhaC4ROpC_B2JE7UQ","","+62 896-5636-3444","snack oleh-oleh","ChIJvbn7JgDhaC4ROpC_B2JE7UQ","4966701151887003706","https://lh3.googleusercontent.com/gps-cs-s/APNQkAGhOOz-7IymRHJTQPePjIhzh-KCf3Dsm2qoPEXcHmHtsDIHTi2s4l2-kTuN4qxrdBo-klLAYyRlDQ3idoNl9pgAeXLHWfMVcRilfepNWeVtZdDWYQklwJVl2Iojr79SP0Lu5fCXBYS959s=w408-h725-k-no","snack_kering","low","90","bumi_snack","1","False","manual_check","perlu cek ringan sebelum review scraping","",""
"OORAW-20260609-0081","Mekar Rasa Oleh oleh khas Priangan Bah Engkos","Pusat Perbelanjaan","5J5M+7P8, Jl. Dago Giri, Mekarwangi, Kec. Lembang, Kabupaten Bandung Barat, Jawa Barat 40391, Indonesia","-6.8418251","107.6343214","5","1","https://www.google.com/maps/search/?api=1&query=Mekar%20Rasa%20Oleh%20oleh%20khas%20Priangan%20Bah%20Engkos&query_place_id=ChIJIx3rXL7haC4RtdT9qrgLPpI","","","pusat oleh-oleh","ChIJIx3rXL7haC4RtdT9qrgLPpI","10537873065864189109","https://streetviewpixels-pa.googleapis.com/v1/thumbnail?panoid=-HJTibRqG1nuEUNXXlNDzw&cb_client=search.gws-prod.gps&w=408&h=240&yaw=324.93582&pitch=0&thumbfov=100","pusat_oleh_oleh","low","75","mekar_rasa_priangan","1","True","manual_check","kategori masih restoran/mall/pujasera/pasar","",""
"OORAW-20260609-0082","Kue Balok Lembang","Toko Kue Kering","5JF5+VMQ, Jalan Raya, Gudangkahuripan, Lembang, West Bandung Regency, West Java 40391, Indonesia","-6.8252859","107.6092408","4.9","7","https://www.google.com/maps/search/?api=1&query=Kue%20Balok%20Lembang&query_place_id=ChIJC17D_RfhaC4RMxKNcyNXwNM","","","oleh-oleh lembang","ChIJC17D_RfhaC4RMxKNcyNXwNM","15258291347305337395","https://lh3.googleusercontent.com/gps-cs-s/APNQkAEGcoAE7xDkRCOZjQrekJwJMDJbCDVDmD4DnUaUmw1gyOFEGN-0yRJjfyvtbtL5QwFSNGRlDgvgqMnddHDxV17R9UWGksJyOhIzOJ0Soq_ymGkIoH_pYcz98W0EtwUf4nkxHOoorg=w408-h306-k-no","bolu_cake","low","90","balok","1","False","manual_check","perlu cek ringan sebelum review scraping","",""
"OORAW-20260609-0086","Bika Ambon Lembang","Toko Roti","Jl. Raya Lembang No.177, Jayagiri, Kec. Lembang, Kabupaten Bandung Barat, Jawa Barat 40391, Indonesia","-6.8168098","107.6127002","4.4","12","https://www.google.com/maps/search/?api=1&query=Bika%20Ambon%20Lembang&query_place_id=ChIJ-VU-knzhaC4R9Mym25icxaQ","https://instagram.com/bikaambonlembang?utm_medium=copy_link","+62 818-0625-6789","oleh-oleh lembang","ChIJ-VU-knzhaC4R9Mym25icxaQ","11873068172966284532","https://lh3.googleusercontent.com/gps-cs-s/APNQkAFvFuqkIfCJjlKzLz1z_LCmuqIvWwxSdo4nzaxkbX76s9-WlvuvOSrla7rqM2hQHR0dljAuMbPyaJ0fQhev61gBV4Y7AK6mETd-mjRXX30h4YBzWb4jPfhJMwL3gVKBJwRmanOAgQ=w408-h544-k-no","pastry_roti","low","90","bika_ambon","1","False","manual_check","perlu cek ringan sebelum review scraping","",""
"OORAW-20260609-0088","Cemilan KAHOT","Pemasok Produk Makanan","Jl. Minatu No.55, RT.01/RW.01, Lembang, Kec. Lembang, bandung, Jawa Barat 40391, Indonesia","-6.8124144","107.616556","5","3","https://www.google.com/maps/search/?api=1&query=Cemilan%20KAHOT&query_place_id=ChIJLzPkq1jhaC4RjyCYM8bordQ","","+62 851-5669-1693","snack oleh-oleh","ChIJLzPkq1jhaC4RjyCYM8bordQ","15325161044978442383","https://lh3.googleusercontent.com/gps-cs-s/APNQkAHGf9A4HnAKVMAeTi10SYKzI-hYl9qXinQZ9lnJC_5-ANi-ny95MXO9C_gsH045IYTHuuS02Nucgo10HhKUse5N38vQezlrPxZIfMY0qMnoPMxvAKHD8Lj1ORBOavOG0Y-QK7rQ=w408-h544-k-no","snack_kering","low","90","cemilan_kahot","1","False","manual_check","perlu cek ringan sebelum review scraping","",""
"OORAW-20260609-0098","Oleh2 kabayan 3","Toko","Jl. Raya Lembang No.75, Gudangkahuripan, Kec. Lembang, Kabupaten Bandung Barat, Jawa Barat 40391, Indonesia","-6.8323081","107.605185","3","2","https://www.google.com/maps/search/?api=1&query=Oleh2%20kabayan%203&query_place_id=ChIJ9eTz0CvhaC4RAh57gDQyZPg","","+62 813-9490-8783","pusat oleh-oleh","ChIJ9eTz0CvhaC4RAh57gDQyZPg","17898486020152434178","https://lh3.googleusercontent.com/gps-cs-s/APNQkAF0xyEoenNYnh4bvI4K8zvTF5za_MCIPVniL1l2hEZf3vu_OsbiJ6y0clUuxqAwNoca7anoXJ48Xvb0MnnulJJcEqncy9n0DiWiOdn-ilU3veH0xdF0hXFEn3QoUnIj5tutUlvw=w408-h306-k-no","pusat_oleh_oleh","low","90","oleh2_kabayan","1","False","manual_check","perlu cek ringan sebelum review scraping","",""
"OORAW-20260609-0100","RINDANG RASA SNACK","Pusat Perbelanjaan","Jl. Kayu Ambon No.40, Lembang, Kec. Lembang, Kabupaten Bandung Barat, Jawa Barat 40391, Indonesia","-6.818308","107.6240559","5","5","https://www.google.com/maps/search/?api=1&query=RINDANG%20RASA%20SNACK&query_place_id=ChIJO79hI7LhaC4RULf0dqyWBWI","","+62 813-9442-1248","snack oleh-oleh","ChIJO79hI7LhaC4RULf0dqyWBWI","7063217258074781520","https://lh3.googleusercontent.com/gps-cs-s/APNQkAEZ83LuVP4Y3NeY7AAGTuF4ZgWWG3CiizGWy2u0ME5wMwRCoWZsClsgx3g2C2e0-MOq_2TF-uerPNG1fxqmIV2pqSvza0PS7_0UuECbRYm2IAXYjXqmeVtdBbBPj3H4iCl_vfoQaQ=w408-h544-k-no","snack_kering","low","75","rindang_rasa_snack","1","True","manual_check","kategori masih restoran/mall/pujasera/pasar","",""
"OORAW-20260609-0104","Warung Ema Uay","Toko Kue","Jl. Terusan Sersan Bajuri, Cihideung, Kec. Parongpong, Kabupaten Bandung Barat, Jawa Barat 40559, Indonesia","-6.8056106","107.5888235","4.4","19","https://www.google.com/maps/search/?api=1&query=Warung%20Ema%20Uay&query_place_id=ChIJOaqI1XfhaC4RQqQUPQ8h_30","","+62 895-6168-27447","toko oleh-oleh khas","ChIJOaqI1XfhaC4RQqQUPQ8h_30","9079011723135198274","https://lh3.googleusercontent.com/gps-cs-s/APNQkAG__bH9EUECfRc78SNEhJPYeGtVH9PQ8VM2QvKBVZzfougLn2rsR5CfrvNKJ938iHJ5iAI0wS6FV58NKG3jAXtHhfI4Ye6Vvxe_C45k9c_bRSO6h4JrvIc-QBhCI0rqMQ1GmW00=w408-h306-k-no","bolu_cake","low","90","warung","1","False","manual_check","perlu cek ringan sebelum review scraping","",""
"OORAW-20260609-0109","Tiga Cemara ; oleh-oleh Khas Bandung","Kedai Kopi","5JP7+8M8, Jl. Karmel 1, Jayagiri, Kec. Lembang, Kabupaten Bandung Barat, Jawa Barat 40391, Indonesia","-6.8142001","107.6142132","","","https://www.google.com/maps/search/?api=1&query=Tiga%20Cemara%20%3B%20oleh-oleh%20Khas%20Bandung&query_place_id=ChIJPw3S_ibhaC4ReoVe7vxB9rM","","","toko oleh-oleh khas","ChIJPw3S_ibhaC4ReoVe7vxB9rM","12967624731646657914","https://lh3.googleusercontent.com/gps-cs-s/APNQkAHCrjT7dAJmoslgqg52xM-KDQiybZ7O9-ducZ585FL8LjYpiMsdGPI8rrp2V4pB8BzQ1yHc8T9xEDTI2aWuvJfoGw3GUg8xjCAGYLeplXr3itaGbJdPFRSW_vRKmYpwW5eSiDzw=w408-h725-k-no","coffee_tea","none","60","tiga_cemara","1","True","manual_check","kategori masih restoran/mall/pujasera/pasar","",""
"OORAW-20260609-0113","REVIRA SNACK","Pemasok Produk Makanan","Kp Jl. Cijengkol, RT.02/RW.04, Wangunsari, Kec. Lembang, Kabupaten Bandung Barat, Jawa Barat 40391, Indonesia","-6.8485116","107.6068165","5","1","https://www.google.com/maps/search/?api=1&query=REVIRA%20SNACK&query_place_id=ChIJmTrhiT3naC4RV0-zV8w1_OE","","+62 821-1322-0728","snack oleh-oleh","ChIJmTrhiT3naC4RV0-zV8w1_OE","16283949504425840471","https://lh3.googleusercontent.com/gps-cs-s/APNQkAFLyyE0XW3Et35I0JyoD7ZwDV4i9iOvXfvrkH3xcOXr5Ubis4u_Kzcy91hXqFjNnolAhUvoaTH7VB1YxziOXadXC7SHeoiTbQqRKoSd8_GYQHQKAWjGBH14B6JP-XnXM3ai54Nj=w408-h500-k-no","snack_kering","low","90","revira_snack","1","False","manual_check","perlu cek ringan sebelum review scraping","",""
"OORAW-20260609-0116","Queen Snack","Toko","5JQP+QG9, Kp Ciburial, RT./RW/RW.03/05, Cibogo, Kec. Lembang, Kabupaten Bandung Barat, Jawa Barat 40391, Indonesia","-6.8105805","107.6363558","5","1","https://www.google.com/maps/search/?api=1&query=Queen%20Snack&query_place_id=ChIJtWsZfQXhaC4RVtqbDEKMU1M","","+62 821-1699-7605","snack oleh-oleh","ChIJtWsZfQXhaC4RVtqbDEKMU1M","6004296943522273878","https://lh3.googleusercontent.com/gps-cs-s/APNQkAFWm_9TX2SBTcfPJtS3NQuvDlh8wfClfKMihxaQvnUG19ieJbEjXO7-8NEKsROWRwAaG2w_qgkw-XtR_2mTUtVU4wnBGKcuwimG-vtS0zhauHoUX9SXJVg2JXxP-D5cXwciGsRy=w408-h544-k-no","snack_kering","low","90","queen_snack","1","False","manual_check","perlu cek ringan sebelum review scraping","",""
"OORAW-20260609-0117","Snack Kang Santri","Pusat Perbelanjaan","Jl. Raya Lembang No.8H, Gudangkahuripan, Kec. Lembang, Kabupaten Bandung Barat, Jawa Barat 40391, Indonesia","-6.8234596","107.609023","","","https://www.google.com/maps/search/?api=1&query=Snack%20Kang%20Santri&query_place_id=ChIJX74nG7DhaC4R14DVmU3nBOU","","+62 821-1559-2716","snack oleh-oleh","ChIJX74nG7DhaC4R14DVmU3nBOU","16502569255071744215","","snack_kering","none","60","snack_kang_santri","1","True","manual_check","kategori masih restoran/mall/pujasera/pasar","",""
"OORAW-20260609-0119","Rispy Yummy","Toko Roti","Jl. Pojok No.16, Cikahuripan, Kec. Lembang, Kabupaten Bandung Barat, Jawa Barat 40391, Indonesia","-6.8091135","107.6055148","4.9","10","https://www.google.com/maps/search/?api=1&query=Rispy%20Yummy&query_place_id=ChIJE9riGIPhaC4Rj3eRmMUGfa0","","+62 852-1195-8599","toko oleh-oleh khas","ChIJE9riGIPhaC4Rj3eRmMUGfa0","12501155586388359055","https://lh3.googleusercontent.com/gps-cs-s/APNQkAFKzhB8dAXNf9ZIvMjCscAUUFp5K-05cRETmLCFWmE1nNrpguOvz5od-utac6oPlzNxMGyOrSMERCwIHRaQcY_0Ei0nsslGtb0XDN6p4zC3wQe2Mv631YLyVWQH9ILSVVEs_DY=w408-h408-k-no","pastry_roti","low","90","rispy_yummy","1","False","manual_check","perlu cek ringan sebelum review scraping","",""
