ID,Nama_Lokasi,Kategori,Data_Availability,Overall_Decision,Needs_Agent_Followup,Agent_Next_Action,Status_Operasional,Final_Decision_Status,Confidence_Status,Ready_For_AI_Agent_Status,Sumber_Status,Catatan_Status,Revision_Note_Status,Parkir,Toilet,Mushola,Kursi_Roda,Pet_Friendly,Fasilitas_Utama,Status_Fasilitas,Evidence_Status_Fasilitas,Final_Action_Fasilitas,Catatan_Fasilitas,Revision_Note_Fasilitas,Source_Dataset,Generated_Date
LOC-001,23 Paskal Shopping Center,Tempat Belanja,fasilitas_54_only,FACILITY_READY_STATUS_NOT_IN_43_BATCH,OPTIONAL,Fasilitas tersedia sebagai data awal. Verifikasi status operasional jika lokasi ini juga akan dipakai di data aktif.,,,,,,,,✓,✓,✓,✓,✗,"Area Parkir, Toilet, Mushola, Akses/Kursi Roda",lengkap,mengikuti_catatan_lama,review_sumber_lama_jika_perlu,Kursi roda gratis pinjam di info center. Toilet ramah disabilitas. Mushola lantai 2 & basement.,Data dari tabel fasilitas sebelumnya dipertahankan.,fixed_fasilitas_destinasi_54_2026-05-26.csv,2026-05-26
LOC-002,Alam Wisata Cimahi,Rekreasi Keluarga,fasilitas_54_only,FACILITY_READY_STATUS_NOT_IN_43_BATCH,OPTIONAL,Fasilitas tersedia sebagai data awal. Verifikasi status operasional jika lokasi ini juga akan dipakai di data aktif.,,,,,,,,✓,✓,✓,?,?,"Area Parkir, Toilet, Mushola, Restoran, Kolam Renang, Outbound, Spot Foto",terisi_sebagian_dari_ringkasan_agent,ringkasan_agent_belum_url_per_baris,ready_sebagai_data_awal_fasilitas_umum,"Diisi dari ringkasan fasilitas yang diberikan user/AI agent: Area Parkir, Toilet, Mushola, Restoran, Kolam Renang, Outbound, Spot Foto. Kolom kursi roda dan pet friendly tetap ? jika tidak disebut eksplisit.","Sebelumnya kosong total, kini fasilitas utama sudah terisi.",fixed_fasilitas_destinasi_54_2026-05-26.csv,2026-05-26
LOC-005,Amazing Artgames,Rekreasi Keluarga,fasilitas_54_only,FACILITY_READY_STATUS_NOT_IN_43_BATCH,OPTIONAL,Fasilitas tersedia sebagai data awal. Verifikasi status operasional jika lokasi ini juga akan dipakai di data aktif.,,,,,,,,✓,✓,✓,?,?,"Area Parkir, Toilet, Mushola, Spot Foto 3D, Wahana Permainan, Cafe",terisi_sebagian_dari_ringkasan_agent,ringkasan_agent_belum_url_per_baris,ready_sebagai_data_awal_fasilitas_umum,"Diisi dari ringkasan fasilitas yang diberikan user/AI agent: Area Parkir, Toilet, Mushola, Spot Foto 3D, Wahana Permainan, Cafe. Kolom kursi roda dan pet friendly tetap ? jika tidak disebut eksplisit.","Sebelumnya kosong total, kini fasilitas utama sudah terisi.",fixed_fasilitas_destinasi_54_2026-05-26.csv,2026-05-26
LOC-006,Bandung Carnival Land,Rekreasi Keluarga,fasilitas_54_only,FACILITY_READY_STATUS_NOT_IN_43_BATCH,OPTIONAL,Fasilitas tersedia sebagai data awal. Verifikasi status operasional jika lokasi ini juga akan dipakai di data aktif.,,,,,,,,✓,✓,✓,?,?,"Area Parkir, Toilet, Mushola, Wahana Permainan, Food Court, Spot Foto",terisi_sebagian_dari_ringkasan_agent,ringkasan_agent_belum_url_per_baris,ready_sebagai_data_awal_fasilitas_umum,"Diisi dari ringkasan fasilitas yang diberikan user/AI agent: Area Parkir, Toilet, Mushola, Wahana Permainan, Food Court, Spot Foto. Kolom kursi roda dan pet friendly tetap ? jika tidak disebut eksplisit.","Sebelumnya kosong total, kini fasilitas utama sudah terisi.",fixed_fasilitas_destinasi_54_2026-05-26.csv,2026-05-26
LOC-007,Bandung Indah Plaza,Tempat Belanja,fasilitas_54_only,FACILITY_READY_STATUS_NOT_IN_43_BATCH,OPTIONAL,Fasilitas tersedia sebagai data awal. Verifikasi status operasional jika lokasi ini juga akan dipakai di data aktif.,,,,,,,,✓,✓,✓,✓,✗,"Area Parkir, Toilet, Mushola, Akses/Kursi Roda",lengkap,mengikuti_catatan_lama,review_sumber_lama_jika_perlu,Mall besar; umumnya semua fasilitas tersedia. Pet friendly tidak umum di mall.,Data dari tabel fasilitas sebelumnya dipertahankan.,fixed_fasilitas_destinasi_54_2026-05-26.csv,2026-05-26
LOC-008,Bandung Science Center,Tempat Belajar,status_operasional_43_only,EXCLUDE_FROM_ACTIVE_DATASET,NO,Jangan masukkan ke dataset aktif. Simpan hanya sebagai audit/excluded record.,✗ Tutup Permanen,exclude_closed,High,NO,"User correction, 2026-05-26",Dikoreksi oleh user: Bandung Science Center sudah tutup permanen. Jangan dipakai sebagai destinasi aktif.,Status diubah dari belum pasti menjadi tutup permanen.,,,,,,,,,,,,fixed_status_operasional_master_43_2026-05-26.csv,2026-05-26
LOC-010,Braga Citywalk,Tempat Belanja,fasilitas_54_only,FACILITY_READY_STATUS_NOT_IN_43_BATCH,OPTIONAL,Fasilitas tersedia sebagai data awal. Verifikasi status operasional jika lokasi ini juga akan dipakai di data aktif.,,,,,,,,✓,✓,✓,?,?,"Area Parkir, Toilet, Mushola",sebagian,mengikuti_catatan_lama,review_sumber_lama_jika_perlu,"Area outdoor semi-terbuka, parkir tersedia. Kursi roda & pet friendly belum terkonfirmasi.",Data dari tabel fasilitas sebelumnya dipertahankan.,fixed_fasilitas_destinasi_54_2026-05-26.csv,2026-05-26
LOC-017,Cihampelas Walk,Tempat Belanja,status_operasional_43 + fasilitas_54,READY_AS_INITIAL_DATA_WITH_OPTIONAL_FACILITY_CHECK,OPTIONAL,"Boleh dipakai sebagai data awal. Lengkapi evidence_url, akses kursi roda, atau pet friendly jika dibutuhkan.",✓ Aktif,include_active,Medium,YES,"catatanmuslim.com, review Google Maps",Aktif. Mall populer di Bandung. Kursi roda & stroller gratis pinjam. Banyak tenant & hiburan.,Data awal dipertahankan dari tabel sebelumnya.,✓,✓,✓,✓,?,"Area Parkir, Toilet, Mushola, Akses/Kursi Roda",sebagian,mengikuti_catatan_lama,review_sumber_lama_jika_perlu,Kursi roda & stroller gratis pinjam di info center Lt GF & Lt 1.,Data dari tabel fasilitas sebelumnya dipertahankan.,fixed_status_operasional_master_43_2026-05-26.csv | fixed_fasilitas_destinasi_54_2026-05-26.csv,2026-05-26
LOC-018,Cimahi Mall,Tempat Belanja,fasilitas_54_only,FACILITY_READY_STATUS_NOT_IN_43_BATCH,OPTIONAL,Fasilitas tersedia sebagai data awal. Verifikasi status operasional jika lokasi ini juga akan dipakai di data aktif.,,,,,,,,✓,✓,✓,?,✗,"Area Parkir, Toilet, Mushola",sebagian,mengikuti_catatan_lama,review_sumber_lama_jika_perlu,"Mall standar; parkir, toilet, mushola tersedia. Kursi roda & pet friendly belum terkonfirmasi.",Data dari tabel fasilitas sebelumnya dipertahankan.,fixed_fasilitas_destinasi_54_2026-05-26.csv,2026-05-26
LOC-023,Curug Malela,Wisata Alam,status_operasional_43_only,READY_STATUS_ONLY_NEEDS_FACILITY_IF_REQUIRED,OPTIONAL,Status operasional tersedia. Cari fasilitas hanya jika dataset membutuhkan kolom fasilitas.,✓ Aktif,include_active,Medium,YES,"Perhutani.co.id Agu 2024, bangbara.com Sep 2025",Aktif dan berkembang. Tiket 2024 naik jadi Rp10.000–12.000. Pemkab BBarat siapkan Rp12 miliar renovasi 2025.,Data awal dipertahankan dari tabel sebelumnya.,,,,,,,,,,,,fixed_status_operasional_master_43_2026-05-26.csv,2026-05-26
LOC-027,Dago Dreampark,Rekreasi Keluarga,fasilitas_54_only,FACILITY_READY_STATUS_NOT_IN_43_BATCH,OPTIONAL,Fasilitas tersedia sebagai data awal. Verifikasi status operasional jika lokasi ini juga akan dipakai di data aktif.,,,,,,,,✓,✓,✓,?,?,"Area Parkir, Toilet, Mushola",sebagian,mengikuti_catatan_lama,review_sumber_lama_jika_perlu,"Area berbukit, shuttle bus tersedia. Akses kursi roda terbatas karena kontur.",Data dari tabel fasilitas sebelumnya dipertahankan.,fixed_fasilitas_destinasi_54_2026-05-26.csv,2026-05-26
LOC-029,Dusun Bambu,Rekreasi Keluarga,status_operasional_43 + fasilitas_54,READY_AS_INITIAL_DATA_WITH_OPTIONAL_FACILITY_CHECK,OPTIONAL,"Boleh dipakai sebagai data awal. Lengkapi evidence_url, akses kursi roda, atau pet friendly jika dibutuhkan.",✓ Aktif,include_active,Medium,YES,"pikiran-rakyat.com, hiacetransport.com Jun 2025","Aktif setiap hari 09:30–17:30. Tiket Rp90.000 dewasa, Rp50.000 anak. Ramah difabel, fasilitas lengkap.",Data awal dipertahankan dari tabel sebelumnya.,✓,✓,✓,✓,?,"Area Parkir, Toilet, Mushola, Akses/Kursi Roda",sebagian,mengikuti_catatan_lama,review_sumber_lama_jika_perlu,"Ramah difabel: ramp, toilet khusus, kursi roda tersedia, antrian lebih lebar.",Data dari tabel fasilitas sebelumnya dipertahankan.,fixed_status_operasional_master_43_2026-05-26.csv | fixed_fasilitas_destinasi_54_2026-05-26.csv,2026-05-26
LOC-030,Farm House Susu Lembang,Rekreasi Keluarga,fasilitas_54_only,FACILITY_READY_STATUS_NOT_IN_43_BATCH,OPTIONAL,Fasilitas tersedia sebagai data awal. Verifikasi status operasional jika lokasi ini juga akan dipakai di data aktif.,,,,,,,,✓,✓,✓,?,?,"Area Parkir, Toilet, Mushola",sebagian,mengikuti_catatan_lama,review_sumber_lama_jika_perlu,"Wisata populer Lembang. Parkir, toilet, mushola ada. Kursi roda & pet friendly belum terkonfirmasi.",Data dari tabel fasilitas sebelumnya dipertahankan.,fixed_fasilitas_destinasi_54_2026-05-26.csv,2026-05-26
LOC-031,Floating Market Lembang,Rekreasi Keluarga,fasilitas_54_only,FACILITY_READY_STATUS_NOT_IN_43_BATCH,OPTIONAL,Fasilitas tersedia sebagai data awal. Verifikasi status operasional jika lokasi ini juga akan dipakai di data aktif.,,,,,,,,✓,✓,✓,✓,?,"Area Parkir, Toilet, Mushola, Akses/Kursi Roda",sebagian,mengikuti_catatan_lama,review_sumber_lama_jika_perlu,"Fasilitas lengkap: parkir luas, mushola, toilet bersih, stroller & kursi roda tersedia.",Data dari tabel fasilitas sebelumnya dipertahankan.,fixed_fasilitas_destinasi_54_2026-05-26.csv,2026-05-26
LOC-038,Gn. Tangkuban Parahu,Rekreasi Keluarga,fasilitas_54_only,FACILITY_READY_STATUS_NOT_IN_43_BATCH,OPTIONAL,Fasilitas tersedia sebagai data awal. Verifikasi status operasional jika lokasi ini juga akan dipakai di data aktif.,,,,,,,,✓,✓,?,✗,?,"Area Parkir, Toilet",sebagian,mengikuti_catatan_lama,review_sumber_lama_jika_perlu,"Parkir di sepanjang kawah. Toilet tersebar. Mushola tidak disebutkan. Medan berat, kurang ramah kursi roda.",Data dari tabel fasilitas sebelumnya dipertahankan.,fixed_fasilitas_destinasi_54_2026-05-26.csv,2026-05-26
LOC-044,Jans Park (Jatinangor National Park),Rekreasi Keluarga,status_operasional_43 + fasilitas_54,READY_AS_INITIAL_DATA_WITH_OPTIONAL_FACILITY_CHECK,OPTIONAL,"Boleh dipakai sebagai data awal. Lengkapi evidence_url, akses kursi roda, atau pet friendly jika dibutuhkan.",✓ Aktif,include_active,Medium,YES,"explorer.id, goersapp.com","Aktif. Dibuka 18 Nov 2022. Luas 7,5 ha. Tema negeri dongeng + taman bunga, wahana air, foodcourt.",Data awal dipertahankan dari tabel sebelumnya.,✓,✓,✓,?,?,"Area Parkir Luas, Toilet, Mushola, Spot Foto Bunga, Wahana Permainan, Food Court, Penyewaan Skuter",terisi_sebagian_dari_ringkasan_agent,ringkasan_agent_belum_url_per_baris,ready_sebagai_data_awal_fasilitas_umum,"Diisi dari ringkasan fasilitas yang diberikan user/AI agent: Area Parkir Luas, Toilet, Mushola, Spot Foto Bunga, Wahana Permainan, Food Court, Penyewaan Skuter. Kolom kursi roda dan pet friendly tetap ? jika tidak disebut eksplisit.","Sebelumnya kosong total, kini fasilitas utama sudah terisi.",fixed_status_operasional_master_43_2026-05-26.csv | fixed_fasilitas_destinasi_54_2026-05-26.csv,2026-05-26
LOC-054,Lembang Wonderland,Rekreasi Keluarga,fasilitas_54_only,FACILITY_READY_STATUS_NOT_IN_43_BATCH,OPTIONAL,Fasilitas tersedia sebagai data awal. Verifikasi status operasional jika lokasi ini juga akan dipakai di data aktif.,,,,,,,,✓,✓,✓,?,?,"Area Parkir, Toilet, Mushola, Spot Foto Instagramable, Food Court, Wahana Bermain Anak",terisi_sebagian_dari_ringkasan_agent,ringkasan_agent_belum_url_per_baris,ready_sebagai_data_awal_fasilitas_umum,"Diisi dari ringkasan fasilitas yang diberikan user/AI agent: Area Parkir, Toilet, Mushola, Spot Foto Instagramable, Food Court, Wahana Bermain Anak. Kolom kursi roda dan pet friendly tetap ? jika tidak disebut eksplisit.","Sebelumnya kosong total, kini fasilitas utama sudah terisi.",fixed_fasilitas_destinasi_54_2026-05-26.csv,2026-05-26
LOC-064,Nimo Highland,Rekreasi Keluarga,fasilitas_54_only,FACILITY_READY_STATUS_NOT_IN_43_BATCH,OPTIONAL,Fasilitas tersedia sebagai data awal. Verifikasi status operasional jika lokasi ini juga akan dipakai di data aktif.,,,,,,,,✓,✓,✓,?,?,"Area Parkir, Toilet, Mushola, Cafe, Spot Foto (Jembatan Kaca), Penyewaan ATV, Shuttle Gratis",terisi_sebagian_dari_ringkasan_agent,ringkasan_agent_belum_url_per_baris,ready_sebagai_data_awal_fasilitas_umum,"Diisi dari ringkasan fasilitas yang diberikan user/AI agent: Area Parkir, Toilet, Mushola, Cafe, Spot Foto (Jembatan Kaca), Penyewaan ATV, Shuttle Gratis. Kolom kursi roda dan pet friendly tetap ? jika tidak disebut eksplisit.","Sebelumnya kosong total, kini fasilitas utama sudah terisi.",fixed_fasilitas_destinasi_54_2026-05-26.csv,2026-05-26
LOC-066,Pandiga Educreation Sports,Rekreasi Keluarga,fasilitas_54_only,FACILITY_READY_STATUS_NOT_IN_43_BATCH,OPTIONAL,Fasilitas tersedia sebagai data awal. Verifikasi status operasional jika lokasi ini juga akan dipakai di data aktif.,,,,,,,,✓,✓,✓,?,?,"Area Parkir, Toilet, Mushola, Kolam Renang, Lapangan Olahraga, Cafe/Kantin",terisi_sebagian_dari_ringkasan_agent,ringkasan_agent_belum_url_per_baris,ready_sebagai_data_awal_fasilitas_umum,"Diisi dari ringkasan fasilitas yang diberikan user/AI agent: Area Parkir, Toilet, Mushola, Kolam Renang, Lapangan Olahraga, Cafe/Kantin. Kolom kursi roda dan pet friendly tetap ? jika tidak disebut eksplisit.","Sebelumnya kosong total, kini fasilitas utama sudah terisi.",fixed_fasilitas_destinasi_54_2026-05-26.csv,2026-05-26
LOC-067,Paris Van Java,Tempat Belanja,fasilitas_54_only,FACILITY_READY_STATUS_NOT_IN_43_BATCH,OPTIONAL,Fasilitas tersedia sebagai data awal. Verifikasi status operasional jika lokasi ini juga akan dipakai di data aktif.,,,,,,,,✓,✓,✓,?,?,"Area Parkir, Toilet, Mushola",sebagian,mengikuti_catatan_lama,review_sumber_lama_jika_perlu,"Parkir 2000 kendaraan. Toilet & mushola ada. Review: ""toilet & mushola unik"". Kursi roda belum terkonfirmasi.",Data dari tabel fasilitas sebelumnya dipertahankan.,fixed_fasilitas_destinasi_54_2026-05-26.csv,2026-05-26
LOC-068,Pasar Cimindi,Tempat Belanja,status_operasional_43 + fasilitas_54,READY_WITH_STATUS_AND_FACILITY,NO,Data sudah bisa dipakai. Simpan sumber/catatan lama.,✓ Aktif,include_active,Medium,YES,Karakteristik pasar tradisional Bandung,Pasar tradisional aktif. Tidak ada data penutupan. Pasar tradisional umumnya beroperasi setiap hari.,Data awal dipertahankan dari tabel sebelumnya.,✓,?,?,✗,✗,Area Parkir,sebagian,mengikuti_catatan_lama,review_sumber_lama_jika_perlu,Pasar tradisional; parkir terbatas di badan jalan. Fasilitas lain sangat minim.,Data dari tabel fasilitas sebelumnya dipertahankan.,fixed_status_operasional_master_43_2026-05-26.csv | fixed_fasilitas_destinasi_54_2026-05-26.csv,2026-05-26
LOC-069,Pemandian Cipanas Cileungsing,Wisata Alam,status_operasional_43_only,READY_STATUS_ONLY_NEEDS_FACILITY_IF_REQUIRED,OPTIONAL,Status operasional tersedia. Cari fasilitas hanya jika dataset membutuhkan kolom fasilitas.,✓ Aktif,include_active,Medium,YES,"nativeindonesia.com, sumedangtandang.com","Aktif buka 24 jam nonstop. Tiket Rp10.000. Di Desa Cilangkap, Buahdua, Sumedang (bukan Bandung kota).",Data awal dipertahankan dari tabel sebelumnya.,,,,,,,,,,,,fixed_status_operasional_master_43_2026-05-26.csv,2026-05-26
LOC-074,RM Sangu Liwet Ibu Ika,Tempat Kuliner,fasilitas_54_only,FACILITY_READY_STATUS_NOT_IN_43_BATCH,OPTIONAL,Fasilitas tersedia sebagai data awal. Verifikasi status operasional jika lokasi ini juga akan dipakai di data aktif.,,,,,,,,✓,✓,✓,?,?,"Area Parkir, Toilet, Mushola, Area Makan Lesehan, Taman Bermain Anak",terisi_sebagian_dari_ringkasan_agent,ringkasan_agent_belum_url_per_baris,ready_sebagai_data_awal_fasilitas_umum,"Diisi dari ringkasan fasilitas yang diberikan user/AI agent: Area Parkir, Toilet, Mushola, Area Makan Lesehan, Taman Bermain Anak. Kolom kursi roda dan pet friendly tetap ? jika tidak disebut eksplisit.","Sebelumnya kosong total, kini fasilitas utama sudah terisi.",fixed_fasilitas_destinasi_54_2026-05-26.csv,2026-05-26
LOC-097,Taman Lembah Dewata,Rekreasi Keluarga,fasilitas_54_only,FACILITY_READY_STATUS_NOT_IN_43_BATCH,OPTIONAL,Fasilitas tersedia sebagai data awal. Verifikasi status operasional jika lokasi ini juga akan dipakai di data aktif.,,,,,,,,✓,✓,✓,?,?,"Area Parkir, Toilet, Mushola, Spot Foto, Berkuda, Perahu Danau, Cafe",terisi_sebagian_dari_ringkasan_agent,ringkasan_agent_belum_url_per_baris,ready_sebagai_data_awal_fasilitas_umum,"Diisi dari ringkasan fasilitas yang diberikan user/AI agent: Area Parkir, Toilet, Mushola, Spot Foto, Berkuda, Perahu Danau, Cafe. Kolom kursi roda dan pet friendly tetap ? jika tidak disebut eksplisit.","Sebelumnya kosong total, kini fasilitas utama sudah terisi.",fixed_fasilitas_destinasi_54_2026-05-26.csv,2026-05-26
LOC-102,Terminal Wisata Grafika Cikole,Rekreasi Keluarga,fasilitas_54_only,FACILITY_READY_STATUS_NOT_IN_43_BATCH,OPTIONAL,Fasilitas tersedia sebagai data awal. Verifikasi status operasional jika lokasi ini juga akan dipakai di data aktif.,,,,,,,,✓,✓,✓,?,?,"Area Parkir, Toilet, Mushola",sebagian,mengikuti_catatan_lama,review_sumber_lama_jika_perlu,"Parkir 24 bus. 16 toilet di restoran. Mushola ada. Kawasan berbukit, kursi roda terbatas.",Data dari tabel fasilitas sebelumnya dipertahankan.,fixed_fasilitas_destinasi_54_2026-05-26.csv,2026-05-26
LOC-104,The Kings Shopping Centre,Tempat Belanja,fasilitas_54_only,FACILITY_READY_STATUS_NOT_IN_43_BATCH,OPTIONAL,Fasilitas tersedia sebagai data awal. Verifikasi status operasional jika lokasi ini juga akan dipakai di data aktif.,,,,,,,,✓,✓,✓,?,✗,"Area Parkir, Toilet, Mushola",sebagian,mengikuti_catatan_lama,review_sumber_lama_jika_perlu,"Mall; parkir, toilet, mushola tersedia. Kursi roda belum terkonfirmasi.",Data dari tabel fasilitas sebelumnya dipertahankan.,fixed_fasilitas_destinasi_54_2026-05-26.csv,2026-05-26
LOC-105,The Lodge Maribaya,Rekreasi Keluarga,fasilitas_54_only,FACILITY_READY_STATUS_NOT_IN_43_BATCH,OPTIONAL,Fasilitas tersedia sebagai data awal. Verifikasi status operasional jika lokasi ini juga akan dipakai di data aktif.,,,,,,,,✓,✓,✓,✗,?,"Area Parkir, Toilet, Mushola",sebagian,mengikuti_catatan_lama,review_sumber_lama_jika_perlu,"Parkir luas, toilet, mushola ada. Banyak tangga → tidak cocok kursi roda (review konfirmasi).",Data dari tabel fasilitas sebelumnya dipertahankan.,fixed_fasilitas_destinasi_54_2026-05-26.csv,2026-05-26
LOC-106,The Nice Park Bandung,Rekreasi Keluarga,fasilitas_54_only,FACILITY_READY_STATUS_NOT_IN_43_BATCH,OPTIONAL,Fasilitas tersedia sebagai data awal. Verifikasi status operasional jika lokasi ini juga akan dipakai di data aktif.,,,,,,,,✓,✓,✓,?,?,"Area Parkir, Toilet, Mushola, Mini Zoo, Playground, Food Court",terisi_sebagian_dari_ringkasan_agent,ringkasan_agent_belum_url_per_baris,ready_sebagai_data_awal_fasilitas_umum,"Diisi dari ringkasan fasilitas yang diberikan user/AI agent: Area Parkir, Toilet, Mushola, Mini Zoo, Playground, Food Court. Kolom kursi roda dan pet friendly tetap ? jika tidak disebut eksplisit.","Sebelumnya kosong total, kini fasilitas utama sudah terisi.",fixed_fasilitas_destinasi_54_2026-05-26.csv,2026-05-26
LOC-108,Trans Studio Bandung,Rekreasi Keluarga,fasilitas_54_only,FACILITY_READY_STATUS_NOT_IN_43_BATCH,OPTIONAL,Fasilitas tersedia sebagai data awal. Verifikasi status operasional jika lokasi ini juga akan dipakai di data aktif.,,,,,,,,✓,✓,✓,✓,✗,"Area Parkir, Toilet, Mushola, Akses/Kursi Roda",lengkap,mengikuti_catatan_lama,review_sumber_lama_jika_perlu,Aksesibilitas difabel tersedia di sebagian besar wahana. Parkir basement. Pet tidak diizinkan.,Data dari tabel fasilitas sebelumnya dipertahankan.,fixed_fasilitas_destinasi_54_2026-05-26.csv,2026-05-26
LOC-109,Trans Studio Mall Bandung,Tempat Belanja,fasilitas_54_only,FACILITY_READY_STATUS_NOT_IN_43_BATCH,OPTIONAL,Fasilitas tersedia sebagai data awal. Verifikasi status operasional jika lokasi ini juga akan dipakai di data aktif.,,,,,,,,✓,✓,✓,✓,✗,"Area Parkir, Toilet, Mushola, Akses/Kursi Roda",lengkap,mengikuti_catatan_lama,review_sumber_lama_jika_perlu,Mall terbesar Bandung 5 lantai. Fasilitas lengkap. Pet tidak diizinkan dalam mall.,Data dari tabel fasilitas sebelumnya dipertahankan.,fixed_fasilitas_destinasi_54_2026-05-26.csv,2026-05-26
LOC-110,Upside Down World Bandung,Rekreasi Keluarga,fasilitas_54_only,FACILITY_READY_STATUS_NOT_IN_43_BATCH,OPTIONAL,Fasilitas tersedia sebagai data awal. Verifikasi status operasional jika lokasi ini juga akan dipakai di data aktif.,,,,,,,,✓,✓,?,?,?,"Area Parkir, Toilet, Ruang Tunggu, Spot Foto Terbalik, Loker, Pemandu Foto",terisi_sebagian_dari_ringkasan_agent,ringkasan_agent_belum_url_per_baris,ready_sebagai_data_awal_fasilitas_umum,"Diisi dari ringkasan fasilitas yang diberikan user/AI agent: Area Parkir, Toilet, Ruang Tunggu, Spot Foto Terbalik, Loker, Pemandu Foto. Kolom kursi roda dan pet friendly tetap ? jika tidak disebut eksplisit.","Sebelumnya kosong total, kini fasilitas utama sudah terisi.",fixed_fasilitas_destinasi_54_2026-05-26.csv,2026-05-26
LOC-111,Venus Cimahi,Rekreasi Keluarga,fasilitas_54_only,FACILITY_READY_STATUS_NOT_IN_43_BATCH,OPTIONAL,Fasilitas tersedia sebagai data awal. Verifikasi status operasional jika lokasi ini juga akan dipakai di data aktif.,,,,,,,,✓,✓,✓,?,?,"Area Parkir, Toilet, Kamar Bilas, Mushola, Kolam Renang, Kantin",terisi_sebagian_dari_ringkasan_agent,ringkasan_agent_belum_url_per_baris,ready_sebagai_data_awal_fasilitas_umum,"Diisi dari ringkasan fasilitas yang diberikan user/AI agent: Area Parkir, Toilet, Kamar Bilas, Mushola, Kolam Renang, Kantin. Kolom kursi roda dan pet friendly tetap ? jika tidak disebut eksplisit.","Sebelumnya kosong total, kini fasilitas utama sudah terisi.",fixed_fasilitas_destinasi_54_2026-05-26.csv,2026-05-26
LOC-116,Wisata Kampoeng Ciherang,Rekreasi Keluarga,status_operasional_43 + fasilitas_54,READY_AS_INITIAL_DATA_WITH_OPTIONAL_FACILITY_CHECK,OPTIONAL,"Boleh dipakai sebagai data awal. Lengkapi evidence_url, akses kursi roda, atau pet friendly jika dibutuhkan.",✓ Aktif,include_active,Medium,YES,"salsawisata.com, liburananak.com","Aktif. Di Desa Cijambu, Tanjungsari, Sumedang. Ada kolam alam, wahana, camping. Tiket masuk + camping Rp30.000.",Data awal dipertahankan dari tabel sebelumnya.,✓,✓,✓,?,?,"Area Parkir, Toilet, Mushola, Kolam Renang, Hutan Pinus, Spot Foto, Outbound",terisi_sebagian_dari_ringkasan_agent,ringkasan_agent_belum_url_per_baris,ready_sebagai_data_awal_fasilitas_umum,"Diisi dari ringkasan fasilitas yang diberikan user/AI agent: Area Parkir, Toilet, Mushola, Kolam Renang, Hutan Pinus, Spot Foto, Outbound. Kolom kursi roda dan pet friendly tetap ? jika tidak disebut eksplisit.","Sebelumnya kosong total, kini fasilitas utama sudah terisi.",fixed_status_operasional_master_43_2026-05-26.csv | fixed_fasilitas_destinasi_54_2026-05-26.csv,2026-05-26
LOC-117,Kiara Artha Park,Rekreasi Keluarga,fasilitas_54_only,FACILITY_READY_STATUS_NOT_IN_43_BATCH,OPTIONAL,Fasilitas tersedia sebagai data awal. Verifikasi status operasional jika lokasi ini juga akan dipakai di data aktif.,,,,,,,,✓,✓,✓,✓,?,"Area Parkir, Toilet, Mushola, Akses/Kursi Roda",sebagian,mengikuti_catatan_lama,review_sumber_lama_jika_perlu,Ramah disabilitas: jalur khusus & fasilitas pendukung tersedia.,Data dari tabel fasilitas sebelumnya dipertahankan.,fixed_fasilitas_destinasi_54_2026-05-26.csv,2026-05-26
LOC-121,NuArt Sculpture Park,Tempat Seni,status_operasional_43_only,READY_STATUS_ONLY_NEEDS_FACILITY_IF_REQUIRED,OPTIONAL,Status operasional tersedia. Cari fasilitas hanya jika dataset membutuhkan kolom fasilitas.,✓ Aktif,include_active,Medium,YES,"nuartsculpturepark.com, Instagram @nuartpark","Aktif. Buka Selasa–Minggu 08:30–17:00, Senin tutup. Galeri Nyoman Nuarta. Instagram aktif @nuartpark.",Data awal dipertahankan dari tabel sebelumnya.,,,,,,,,,,,,fixed_status_operasional_master_43_2026-05-26.csv,2026-05-26
LOC-122,Peta Park,Rekreasi Keluarga,fasilitas_54_only,FACILITY_READY_STATUS_NOT_IN_43_BATCH,OPTIONAL,Fasilitas tersedia sebagai data awal. Verifikasi status operasional jika lokasi ini juga akan dipakai di data aktif.,,,,,,,,✓,✓,✓,?,?,"Area Parkir, Toilet, Mushola, Taman, Spot Foto, Food Court, Area Bermain Anak",terisi_sebagian_dari_ringkasan_agent,ringkasan_agent_belum_url_per_baris,ready_sebagai_data_awal_fasilitas_umum,"Diisi dari ringkasan fasilitas yang diberikan user/AI agent: Area Parkir, Toilet, Mushola, Taman, Spot Foto, Food Court, Area Bermain Anak. Kolom kursi roda dan pet friendly tetap ? jika tidak disebut eksplisit.","Sebelumnya kosong total, kini fasilitas utama sudah terisi.",fixed_fasilitas_destinasi_54_2026-05-26.csv,2026-05-26
LOC-127,Sarae Hills,Rekreasi Keluarga,fasilitas_54_only,FACILITY_READY_STATUS_NOT_IN_43_BATCH,OPTIONAL,Fasilitas tersedia sebagai data awal. Verifikasi status operasional jika lokasi ini juga akan dipakai di data aktif.,,,,,,,,✓,✓,✓,?,?,"Area Parkir, Toilet, Mushola, Shuttle Car, Spot Foto Landmark Dunia, Cafe & Resto",terisi_sebagian_dari_ringkasan_agent,ringkasan_agent_belum_url_per_baris,ready_sebagai_data_awal_fasilitas_umum,"Diisi dari ringkasan fasilitas yang diberikan user/AI agent: Area Parkir, Toilet, Mushola, Shuttle Car, Spot Foto Landmark Dunia, Cafe & Resto. Kolom kursi roda dan pet friendly tetap ? jika tidak disebut eksplisit.","Sebelumnya kosong total, kini fasilitas utama sudah terisi.",fixed_fasilitas_destinasi_54_2026-05-26.csv,2026-05-26
LOC-130,Fairy Garden by The Lodge,Rekreasi Keluarga,fasilitas_54_only,FACILITY_READY_STATUS_NOT_IN_43_BATCH,OPTIONAL,Fasilitas tersedia sebagai data awal. Verifikasi status operasional jika lokasi ini juga akan dipakai di data aktif.,,,,,,,,✓,✓,✓,?,?,"Area Parkir, Toilet, Mushola",sebagian,mengikuti_catatan_lama,review_sumber_lama_jika_perlu,"Bagian dari kawasan The Lodge. Fasilitas dasar tersedia, akses kursi roda mengikuti kondisi The Lodge.",Data dari tabel fasilitas sebelumnya dipertahankan.,fixed_fasilitas_destinasi_54_2026-05-26.csv,2026-05-26
LOC-133,Punclut Bandung (Puncak Ciumbuleuit),Wisata Alam,status_operasional_43_only,READY_STATUS_ONLY_NEEDS_FACILITY_IF_REQUIRED,OPTIONAL,Status operasional tersedia. Cari fasilitas hanya jika dataset membutuhkan kolom fasilitas.,✓ Aktif,include_active,Medium,YES,"Detik Travel Des 2024, Siliwangi Trans Jun 2025","Kawasan aktif setiap hari 08:00–21:00. Tidak ada tiket masuk. Banyak kafe, spot foto, kuliner malam. Ramai dikunjungi 2025.",Data awal dipertahankan dari tabel sebelumnya.,,,,,,,,,,,,fixed_status_operasional_master_43_2026-05-26.csv,2026-05-26
LOC-135,Taman Main Mili-Mili & Hutan Mycelia,Rekreasi Keluarga,status_operasional_43 + fasilitas_54,READY_AS_INITIAL_DATA_WITH_OPTIONAL_FACILITY_CHECK,OPTIONAL,"Boleh dipakai sebagai data awal. Lengkapi evidence_url, akses kursi roda, atau pet friendly jika dibutuhkan.",✓ Aktif,include_active,Medium,YES,"Grafika Cikole, rumah123.com Agu 2025",Aktif sebagai bagian dari Terminal Wisata Grafika Cikole. Hutan Mycelia adalah wahana malam di kawasan yang sama.,Data awal dipertahankan dari tabel sebelumnya.,✓,✓,✓,?,?,"Area Parkir, Toilet, Mushola",sebagian,mengikuti_catatan_lama,review_sumber_lama_jika_perlu,Bagian dari Grafika Cikole. Hutan Mycelia malam hari. Fasilitas dasar ada.,Data dari tabel fasilitas sebelumnya dipertahankan.,fixed_status_operasional_master_43_2026-05-26.csv | fixed_fasilitas_destinasi_54_2026-05-26.csv,2026-05-26
LOC-137,Rumah Belanda,Tempat Budaya,status_operasional_43_only,EXCLUDE_FROM_ACTIVE_DATASET,NO,Jangan masukkan ke dataset aktif. Simpan hanya sebagai audit/excluded record.,✗ Hapus/Exclude,exclude_unclear,High,NO,"User correction, 2026-05-26",Dikoreksi oleh user: Rumah Belanda dihapus karena identitas/lokasi kurang jelas.,"Dikeluarkan dari dataset aktif, tetapi tetap disimpan di master audit.",,,,,,,,,,,,fixed_status_operasional_master_43_2026-05-26.csv,2026-05-26
LOC-138,Kebun Teh Sukawana,Wisata Alam,status_operasional_43_only,READY_STATUS_ONLY_NEEDS_FACILITY_IF_REQUIRED,OPTIONAL,Status operasional tersedia. Cari fasilitas hanya jika dataset membutuhkan kolom fasilitas.,✓ Aktif,include_active,Medium,YES,"nagantour.com, bobobox.com Sep 2024, deskjabar.com Apr 2025","Aktif 24 jam. Gratis masuk ke area perkebunan. Di Karyawangi, Parongpong, BBarat. Ada tea walk, camping, wisata pabrik teh.",Data awal dipertahankan dari tabel sebelumnya.,,,,,,,,,,,,fixed_status_operasional_master_43_2026-05-26.csv,2026-05-26
LOC-139,Kawah Rengganis Ciwidey,Wisata Alam,status_operasional_43_only,READY_STATUS_ONLY_NEEDS_FACILITY_IF_REQUIRED,OPTIONAL,Status operasional tersedia. Cari fasilitas hanya jika dataset membutuhkan kolom fasilitas.,✓ Aktif,include_active,Medium,YES,"goodnewsfromindonesia.id Nov 2025, ciwideyoutbound.com",Aktif. Buka setiap hari 07:00–17:00. Tiket Rp5.000. Ada jembatan gantung 370m (terpanjang SE-Asia). Selalu ramai.,Data awal dipertahankan dari tabel sebelumnya.,,,,,,,,,,,,fixed_status_operasional_master_43_2026-05-26.csv,2026-05-26
LOC-141,Taman Wisata Bougenville,Rekreasi Keluarga,fasilitas_54_only,FACILITY_READY_STATUS_NOT_IN_43_BATCH,OPTIONAL,Fasilitas tersedia sebagai data awal. Verifikasi status operasional jika lokasi ini juga akan dipakai di data aktif.,,,,,,,,✓,✓,✓,?,?,"Area Parkir, Toilet, Mushola, Kolam Renang, Penginapan, Gazebo, Akses Sungai, Restoran",terisi_sebagian_dari_ringkasan_agent,ringkasan_agent_belum_url_per_baris,ready_sebagai_data_awal_fasilitas_umum,"Diisi dari ringkasan fasilitas yang diberikan user/AI agent: Area Parkir, Toilet, Mushola, Kolam Renang, Penginapan, Gazebo, Akses Sungai, Restoran. Kolom kursi roda dan pet friendly tetap ? jika tidak disebut eksplisit.","Sebelumnya kosong total, kini fasilitas utama sudah terisi.",fixed_fasilitas_destinasi_54_2026-05-26.csv,2026-05-26
LOC-144,Barusen Hills Ciwidey,Rekreasi Keluarga,fasilitas_54_only,FACILITY_READY_STATUS_NOT_IN_43_BATCH,OPTIONAL,Fasilitas tersedia sebagai data awal. Verifikasi status operasional jika lokasi ini juga akan dipakai di data aktif.,,,,,,,,✓,✓,✓,?,?,"Area Parkir, Toilet, Mushola, Kolam Renang Air Panas, Spot Foto, Penginapan, Restoran",terisi_sebagian_dari_ringkasan_agent,ringkasan_agent_belum_url_per_baris,ready_sebagai_data_awal_fasilitas_umum,"Diisi dari ringkasan fasilitas yang diberikan user/AI agent: Area Parkir, Toilet, Mushola, Kolam Renang Air Panas, Spot Foto, Penginapan, Restoran. Kolom kursi roda dan pet friendly tetap ? jika tidak disebut eksplisit.","Sebelumnya kosong total, kini fasilitas utama sudah terisi.",fixed_fasilitas_destinasi_54_2026-05-26.csv,2026-05-26
LOC-145,Palalangon Park,Rekreasi Keluarga,fasilitas_54_only,FACILITY_READY_STATUS_NOT_IN_43_BATCH,OPTIONAL,Fasilitas tersedia sebagai data awal. Verifikasi status operasional jika lokasi ini juga akan dipakai di data aktif.,,,,,,,,✓,✓,✓,?,?,"Area Parkir, Toilet, Mushola, Kolam Renang, Spot Foto, Perahu, Penginapan",terisi_sebagian_dari_ringkasan_agent,ringkasan_agent_belum_url_per_baris,ready_sebagai_data_awal_fasilitas_umum,"Diisi dari ringkasan fasilitas yang diberikan user/AI agent: Area Parkir, Toilet, Mushola, Kolam Renang, Spot Foto, Perahu, Penginapan. Kolom kursi roda dan pet friendly tetap ? jika tidak disebut eksplisit.","Sebelumnya kosong total, kini fasilitas utama sudah terisi.",fixed_fasilitas_destinasi_54_2026-05-26.csv,2026-05-26
LOC-146,Taman Love Soreang,Rekreasi Keluarga,fasilitas_54_only,FACILITY_READY_STATUS_NOT_IN_43_BATCH,OPTIONAL,Fasilitas tersedia sebagai data awal. Verifikasi status operasional jika lokasi ini juga akan dipakai di data aktif.,,,,,,,,✓,✓,✓,?,?,"Area Parkir, Toilet, Mushola, Kolam Renang, Cafe, Spot Foto, Camping Ground",terisi_sebagian_dari_ringkasan_agent,ringkasan_agent_belum_url_per_baris,ready_sebagai_data_awal_fasilitas_umum,"Diisi dari ringkasan fasilitas yang diberikan user/AI agent: Area Parkir, Toilet, Mushola, Kolam Renang, Cafe, Spot Foto, Camping Ground. Kolom kursi roda dan pet friendly tetap ? jika tidak disebut eksplisit.","Sebelumnya kosong total, kini fasilitas utama sudah terisi.",fixed_fasilitas_destinasi_54_2026-05-26.csv,2026-05-26
LOC-147,Victory Waterpark Soreang,Wahana Air,fasilitas_54_only,FACILITY_READY_STATUS_NOT_IN_43_BATCH,OPTIONAL,Fasilitas tersedia sebagai data awal. Verifikasi status operasional jika lokasi ini juga akan dipakai di data aktif.,,,,,,,,✓,✓,✓,?,✗,"Area Parkir, Toilet, Mushola",sebagian,mengikuti_catatan_lama,review_sumber_lama_jika_perlu,"Parkir, toilet+shower, mushola, kantin, gazebo, villa. Kursi roda belum terkonfirmasi.",Data dari tabel fasilitas sebelumnya dipertahankan.,fixed_fasilitas_destinasi_54_2026-05-26.csv,2026-05-26
LOC-148,Pesona Nirwana Waterpark,Wahana Air,fasilitas_54_only,FACILITY_READY_STATUS_NOT_IN_43_BATCH,OPTIONAL,Fasilitas tersedia sebagai data awal. Verifikasi status operasional jika lokasi ini juga akan dipakai di data aktif.,,,,,,,,✓,✓,✓,?,✗,"Area Parkir, Toilet, Mushola",sebagian,mengikuti_catatan_lama,review_sumber_lama_jika_perlu,"Mushola di area parkir, bersih & estetik. Toilet ada. Kursi roda tidak disebutkan.",Data dari tabel fasilitas sebelumnya dipertahankan.,fixed_fasilitas_destinasi_54_2026-05-26.csv,2026-05-26
LOC-149,Taman Wisata Alam Cimanggu,Wisata Alam,status_operasional_43_only,READY_STATUS_ONLY_NEEDS_FACILITY_IF_REQUIRED,OPTIONAL,Status operasional tersedia. Cari fasilitas hanya jika dataset membutuhkan kolom fasilitas.,✓ Aktif,include_active,Medium,YES,"conservation.id (WJCTF), Instagram wisatacimangguciwidey","Aktif. Di Ciwidey, ~42 km dari Bandung. Ada kolam renang air panas, pondok wisata, MCK, shelter, tempat parkir.",Data awal dipertahankan dari tabel sebelumnya.,,,,,,,,,,,,fixed_status_operasional_master_43_2026-05-26.csv,2026-05-26
LOC-152,Kebun Teh Rancabali,Wisata Alam,status_operasional_43_only,READY_STATUS_ONLY_NEEDS_FACILITY_IF_REQUIRED,OPTIONAL,Status operasional tersedia. Cari fasilitas hanya jika dataset membutuhkan kolom fasilitas.,✓ Aktif,include_active,Medium,YES,"salsawisata.com, tempo.co, travelspromo.com Sep 2025",Aktif. Gratis masuk (area terbuka). Aktivitas 07:00–17:00. Milik PTPN Walini. ~60 km dari Bandung.,Data awal dipertahankan dari tabel sebelumnya.,,,,,,,,,,,,fixed_status_operasional_master_43_2026-05-26.csv,2026-05-26
LOC-162,Rumah Putih Cukul,Rekreasi Keluarga,fasilitas_54_only,FACILITY_READY_STATUS_NOT_IN_43_BATCH,OPTIONAL,Fasilitas tersedia sebagai data awal. Verifikasi status operasional jika lokasi ini juga akan dipakai di data aktif.,,,,,,,,✓,✓,?,?,?,"Area Parkir, Toilet, Spot Foto Klasik, Akses Kebun Teh",terisi_sebagian_dari_ringkasan_agent,ringkasan_agent_belum_url_per_baris,ready_sebagai_data_awal_fasilitas_umum,"Diisi dari ringkasan fasilitas yang diberikan user/AI agent: Area Parkir, Toilet, Spot Foto Klasik, Akses Kebun Teh. Kolom kursi roda dan pet friendly tetap ? jika tidak disebut eksplisit.","Sebelumnya kosong total, kini fasilitas utama sudah terisi.",fixed_fasilitas_destinasi_54_2026-05-26.csv,2026-05-26
LOC-163,Kampung Adat Cikondang,Desa Wisata,status_operasional_43_only,READY_STATUS_ONLY_NEEDS_FACILITY_IF_REQUIRED,OPTIONAL,Status operasional tersedia. Cari fasilitas hanya jika dataset membutuhkan kolom fasilitas.,✓ Aktif,include_active,Medium,YES,ANTARA News Feb 2023,"Aktif. Di Desa Lamajang, Pangalengan. Bumi Adat berusia 370 tahun. Dikunjungi wisatawan lokal dan mancanegara.",Data awal dipertahankan dari tabel sebelumnya.,,,,,,,,,,,,fixed_status_operasional_master_43_2026-05-26.csv,2026-05-26
LOC-164,Java Preanger Gunung Tilu,Wisata Alam,status_operasional_43_only,READY_STATUS_ONLY_NEEDS_FACILITY_IF_REQUIRED,OPTIONAL,Status operasional tersedia. Cari fasilitas hanya jika dataset membutuhkan kolom fasilitas.,✓ Aktif,include_active,Medium,YES,"User correction, 2026-05-26; sebelumnya Yandex Maps terbatas",Dikoreksi oleh user: Java Preanger Gunung Tilu masih buka. Data lama hanya menyebut info terbatas sehingga status kini dinaikkan menjadi aktif.,Status diubah dari belum pasti menjadi aktif berdasarkan koreksi user.,,,,,,,,,,,,fixed_status_operasional_master_43_2026-05-26.csv,2026-05-26
LOC-165,Malabar Mountain Coffee Shop,Tempat Kuliner,fasilitas_54_only,FACILITY_READY_STATUS_NOT_IN_43_BATCH,OPTIONAL,Fasilitas tersedia sebagai data awal. Verifikasi status operasional jika lokasi ini juga akan dipakai di data aktif.,,,,,,,,✓,✓,✓,?,?,"Area Parkir, Toilet, Mushola, Area Makan, Spot Foto, Akses Kebun Teh",terisi_sebagian_dari_ringkasan_agent,ringkasan_agent_belum_url_per_baris,ready_sebagai_data_awal_fasilitas_umum,"Diisi dari ringkasan fasilitas yang diberikan user/AI agent: Area Parkir, Toilet, Mushola, Area Makan, Spot Foto, Akses Kebun Teh. Kolom kursi roda dan pet friendly tetap ? jika tidak disebut eksplisit.","Sebelumnya kosong total, kini fasilitas utama sudah terisi.",fixed_fasilitas_destinasi_54_2026-05-26.csv,2026-05-26
LOC-166,Muara Rahong Hills,Wisata Alam,status_operasional_43_only,READY_STATUS_ONLY_NEEDS_FACILITY_IF_REQUIRED,OPTIONAL,Status operasional tersedia. Cari fasilitas hanya jika dataset membutuhkan kolom fasilitas.,✓ Aktif,include_active,Medium,YES,muararahonghills.com Okt 2025,"Aktif. Website aktif 2025. Glamping, rafting, paintball, ATV, flying fox di tepi sungai Pangalengan.",Data awal dipertahankan dari tabel sebelumnya.,,,,,,,,,,,,fixed_status_operasional_master_43_2026-05-26.csv,2026-05-26
LOC-167,Cicalengka Dreamland,Rekreasi Keluarga,fasilitas_54_only,FACILITY_READY_STATUS_NOT_IN_43_BATCH,OPTIONAL,Fasilitas tersedia sebagai data awal. Verifikasi status operasional jika lokasi ini juga akan dipakai di data aktif.,,,,,,,,✓,✓,✓,?,?,"Area Parkir, Toilet, Mushola, Flying Fox, Spot Foto Religi, Cafe, Wahana Bermain",terisi_sebagian_dari_ringkasan_agent,ringkasan_agent_belum_url_per_baris,ready_sebagai_data_awal_fasilitas_umum,"Diisi dari ringkasan fasilitas yang diberikan user/AI agent: Area Parkir, Toilet, Mushola, Flying Fox, Spot Foto Religi, Cafe, Wahana Bermain. Kolom kursi roda dan pet friendly tetap ? jika tidak disebut eksplisit.","Sebelumnya kosong total, kini fasilitas utama sudah terisi.",fixed_fasilitas_destinasi_54_2026-05-26.csv,2026-05-26
LOC-169,Dago Bakery Punclut,Tempat Kuliner,fasilitas_54_only,FACILITY_READY_STATUS_NOT_IN_43_BATCH,OPTIONAL,Fasilitas tersedia sebagai data awal. Verifikasi status operasional jika lokasi ini juga akan dipakai di data aktif.,,,,,,,,✓,✓,✓,?,?,"Area Parkir, Toilet, Mushola, Restoran Berkonsep Kastil, Spot Foto",terisi_sebagian_dari_ringkasan_agent,ringkasan_agent_belum_url_per_baris,ready_sebagai_data_awal_fasilitas_umum,"Diisi dari ringkasan fasilitas yang diberikan user/AI agent: Area Parkir, Toilet, Mushola, Restoran Berkonsep Kastil, Spot Foto. Kolom kursi roda dan pet friendly tetap ? jika tidak disebut eksplisit.","Sebelumnya kosong total, kini fasilitas utama sudah terisi.",fixed_fasilitas_destinasi_54_2026-05-26.csv,2026-05-26
LOC-171,D'Dieuland,Rekreasi Keluarga,fasilitas_54_only,FACILITY_READY_STATUS_NOT_IN_43_BATCH,OPTIONAL,Fasilitas tersedia sebagai data awal. Verifikasi status operasional jika lokasi ini juga akan dipakai di data aktif.,,,,,,,,✓,✓,✓,?,?,"Area Parkir, Toilet, Mushola, Playground, Spot Foto, Restoran",terisi_sebagian_dari_ringkasan_agent,ringkasan_agent_belum_url_per_baris,ready_sebagai_data_awal_fasilitas_umum,"Diisi dari ringkasan fasilitas yang diberikan user/AI agent: Area Parkir, Toilet, Mushola, Playground, Spot Foto, Restoran. Kolom kursi roda dan pet friendly tetap ? jika tidak disebut eksplisit.","Sebelumnya kosong total, kini fasilitas utama sudah terisi.",fixed_fasilitas_destinasi_54_2026-05-26.csv,2026-05-26
LOC-172,Sudut Pandang Bandung,Tempat Kuliner,fasilitas_54_only,FACILITY_READY_STATUS_NOT_IN_43_BATCH,OPTIONAL,Fasilitas tersedia sebagai data awal. Verifikasi status operasional jika lokasi ini juga akan dipakai di data aktif.,,,,,,,,✓,✓,✓,?,?,"Area Parkir, Toilet, Mushola",sebagian,mengikuti_catatan_lama,review_sumber_lama_jika_perlu,"Cafe di Lembang kawasan Lereng Anteng. Parkir, toilet, mushola tersedia.",Data dari tabel fasilitas sebelumnya dipertahankan.,fixed_fasilitas_destinasi_54_2026-05-26.csv,2026-05-26
LOC-173,Cakrawala Nature Sparkling Restaurant,Tempat Kuliner,status_operasional_43 + fasilitas_54,READY_AS_INITIAL_DATA_WITH_OPTIONAL_FACILITY_CHECK,OPTIONAL,"Boleh dipakai sebagai data awal. Lengkapi evidence_url, akses kursi roda, atau pet friendly jika dibutuhkan.",✓ Aktif,include_active,Medium,YES,"nagantour.com, berbagai review",Aktif. Restoran di bukit dengan view Bandung. Menyajikan western & masakan Bandung. Populer untuk sunset.,Data awal dipertahankan dari tabel sebelumnya.,✓,✓,✓,?,?,"Area Parkir, Toilet, Mushola, Restoran Unik berkonsep Galaksi/Kaca, Spot Foto",terisi_sebagian_dari_ringkasan_agent,ringkasan_agent_belum_url_per_baris,ready_sebagai_data_awal_fasilitas_umum,"Diisi dari ringkasan fasilitas yang diberikan user/AI agent: Area Parkir, Toilet, Mushola, Restoran Unik berkonsep Galaksi/Kaca, Spot Foto. Kolom kursi roda dan pet friendly tetap ? jika tidak disebut eksplisit.","Sebelumnya kosong total, kini fasilitas utama sudah terisi.",fixed_status_operasional_master_43_2026-05-26.csv | fixed_fasilitas_destinasi_54_2026-05-26.csv,2026-05-26
LOC-174,Lereng Anteng Panoramic Coffee,Tempat Kuliner,fasilitas_54_only,FACILITY_READY_STATUS_NOT_IN_43_BATCH,OPTIONAL,Fasilitas tersedia sebagai data awal. Verifikasi status operasional jika lokasi ini juga akan dipakai di data aktif.,,,,,,,,✓,✓,✓,?,?,"Area Parkir, Toilet, Mushola",sebagian,mengikuti_catatan_lama,review_sumber_lama_jika_perlu,"Parkir luas, toilet bersih, mushola ada. Cafe di lereng berundak, kursi roda tidak cocok.",Data dari tabel fasilitas sebelumnya dipertahankan.,fixed_fasilitas_destinasi_54_2026-05-26.csv,2026-05-26
LOC-176,Padepokan Dayang Sumbi,Tempat Belajar,status_operasional_43_only,READY_STATUS_ONLY_NEEDS_FACILITY_IF_REQUIRED,OPTIONAL,Status operasional tersedia. Cari fasilitas hanya jika dataset membutuhkan kolom fasilitas.,✓ Aktif,include_active,Medium,YES,"wisatasutra.wordpress.com, sebandung.com Feb 2024","Berganti nama jadi Wisata Ilmu Sutera Bandung (wisatasutera.com). Buka setiap hari, sesi 09:00–11:00 dan 12:00–14:30. Wajib reservasi.",Data awal dipertahankan dari tabel sebelumnya.,,,,,,,,,,,,fixed_status_operasional_master_43_2026-05-26.csv,2026-05-26
LOC-177,Wahoo Waterworld,Wahana Air,fasilitas_54_only,FACILITY_READY_STATUS_NOT_IN_43_BATCH,OPTIONAL,Fasilitas tersedia sebagai data awal. Verifikasi status operasional jika lokasi ini juga akan dipakai di data aktif.,,,,,,,,✓,✓,✓,✓,✗,"Area Parkir, Toilet, Mushola, Akses/Kursi Roda",lengkap,mengikuti_catatan_lama,review_sumber_lama_jika_perlu,,Data dari tabel fasilitas sebelumnya dipertahankan.,fixed_fasilitas_destinasi_54_2026-05-26.csv,2026-05-26
LOC-178,De Ranch Lembang,Wisata Satwa,status_operasional_43_only,READY_STATUS_ONLY_NEEDS_FACILITY_IF_REQUIRED,OPTIONAL,Status operasional tersedia. Cari fasilitas hanya jika dataset membutuhkan kolom fasilitas.,↔ Ganti nama,include_renamed,High,YES,airial.travel (TikTok review Des 2024),"Berganti nama menjadi Delandden Lembang, soft opening Desember 2024. Masih di lokasi yang sama Jl. Maribaya No.17. Tetap buka, konsep lebih luas.","Tetap dipakai, tetapi nama/alias harus dinormalisasi.",,,,,,,,,,,,fixed_status_operasional_master_43_2026-05-26.csv,2026-05-26
LOC-179,Mini Mania Lembang,Rekreasi Keluarga,fasilitas_54_only,FACILITY_READY_STATUS_NOT_IN_43_BATCH,OPTIONAL,Fasilitas tersedia sebagai data awal. Verifikasi status operasional jika lokasi ini juga akan dipakai di data aktif.,,,,,,,,✓,✓,✓,?,?,"Area Parkir, Toilet, Mushola, Taman Miniatur Dunia, Spot Foto, Toko Oleh-oleh, Wahana Edukasi",terisi_sebagian_dari_ringkasan_agent,ringkasan_agent_belum_url_per_baris,ready_sebagai_data_awal_fasilitas_umum,"Diisi dari ringkasan fasilitas yang diberikan user/AI agent: Area Parkir, Toilet, Mushola, Taman Miniatur Dunia, Spot Foto, Toko Oleh-oleh, Wahana Edukasi. Kolom kursi roda dan pet friendly tetap ? jika tidak disebut eksplisit.","Sebelumnya kosong total, kini fasilitas utama sudah terisi.",fixed_fasilitas_destinasi_54_2026-05-26.csv,2026-05-26
LOC-180,Cimory Dairyland Lembang,Wisata Satwa,status_operasional_43_only,READY_STATUS_ONLY_NEEDS_FACILITY_IF_REQUIRED,OPTIONAL,Status operasional tersedia. Cari fasilitas hanya jika dataset membutuhkan kolom fasilitas.,✓ Aktif,include_active,Medium,YES,"cimorydairyland.com, detik.com Mar 2024, kumparan Jul 2024",Aktif. Beroperasi sebagai Minimania Lembang (brand Cimory). Jl. Raya Lembang No.165. Buka 09:00–18:00 setiap hari.,Data awal dipertahankan dari tabel sebelumnya.,,,,,,,,,,,,fixed_status_operasional_master_43_2026-05-26.csv,2026-05-26
LOC-181,Noah's Park Lembang,Rekreasi Keluarga,status_operasional_43 + fasilitas_54,READY_AS_INITIAL_DATA_WITH_OPTIONAL_FACILITY_CHECK,OPTIONAL,"Boleh dipakai sebagai data awal. Lengkapi evidence_url, akses kursi roda, atau pet friendly jika dibutuhkan.",✓ Aktif,include_active,Medium,YES,"goersapp.com Mei 2025, nagantour.com Apr 2025","Aktif. Buka setiap hari 09:00–17:00 (weekend 08:00). Di Jl. Sukanegara No.20, Pagerwangi, Lembang. Wahana gravity sport.",Data awal dipertahankan dari tabel sebelumnya.,✓,✓,✓,?,?,"Area Parkir, Toilet, Mushola, Luge Kart, ATV, Cafe, Spot Foto",terisi_sebagian_dari_ringkasan_agent,ringkasan_agent_belum_url_per_baris,ready_sebagai_data_awal_fasilitas_umum,"Diisi dari ringkasan fasilitas yang diberikan user/AI agent: Area Parkir, Toilet, Mushola, Luge Kart, ATV, Cafe, Spot Foto. Kolom kursi roda dan pet friendly tetap ? jika tidak disebut eksplisit.","Sebelumnya kosong total, kini fasilitas utama sudah terisi.",fixed_status_operasional_master_43_2026-05-26.csv | fixed_fasilitas_destinasi_54_2026-05-26.csv,2026-05-26
LOC-182,Pine Forest Camp Lembang,Tempat Camping,status_operasional_43_only,READY_STATUS_ONLY_NEEDS_FACILITY_IF_REQUIRED,OPTIONAL,Status operasional tersedia. Cari fasilitas hanya jika dataset membutuhkan kolom fasilitas.,✓ Aktif,include_active,Medium,YES,"pineforestcamp.web.id, hargatiket.net Feb 2025","Aktif. Buka setiap hari 08:00–18:00. Pindah lokasi sejak Jan 2016 ke Kp. Cipanengah, Suntenjaya Maribaya.",Data awal dipertahankan dari tabel sebelumnya.,,,,,,,,,,,,fixed_status_operasional_master_43_2026-05-26.csv,2026-05-26
LOC-186,Indiana Camp Lembang,Tempat Camping,status_operasional_43_only,READY_STATUS_ONLY_NEEDS_FACILITY_IF_REQUIRED,OPTIONAL,Status operasional tersedia. Cari fasilitas hanya jika dataset membutuhkan kolom fasilitas.,✓ Aktif,include_active,Medium,YES,"Wanderlog, TripAdvisor","Aktif. Di Gunung Masigit, Cipatat, Bandung Barat. Spot foto batu kapur, horse riding, camping, rock climbing.",Data awal dipertahankan dari tabel sebelumnya.,,,,,,,,,,,,fixed_status_operasional_master_43_2026-05-26.csv,2026-05-26
LOC-187,Curug Layung,Wisata Alam,status_operasional_43_only,READY_STATUS_ONLY_NEEDS_FACILITY_IF_REQUIRED,OPTIONAL,Status operasional tersedia. Cari fasilitas hanya jika dataset membutuhkan kolom fasilitas.,✓ Aktif,include_active,Medium,YES,"salsawisata.com, travelspromo.com Nov 2025","Aktif buka 24 jam. Tiket Rp10.000 (kunjungan), Rp20.000 (camping). Hutan pinus 10 ha di kaki Tangkuban Parahu.",Data awal dipertahankan dari tabel sebelumnya.,,,,,,,,,,,,fixed_status_operasional_master_43_2026-05-26.csv,2026-05-26
LOC-190,Curug Anom,Wisata Alam,status_operasional_43_only,READY_STATUS_ONLY_NEEDS_FACILITY_IF_REQUIRED,OPTIONAL,Status operasional tersedia. Cari fasilitas hanya jika dataset membutuhkan kolom fasilitas.,✓ Aktif,include_active,Medium,YES,"User correction, 2026-05-26","Dikoreksi oleh user: Curug Anom masih buka. Jika dipakai untuk publikasi final, simpan bukti Maps/review terbaru.",Status diubah dari belum pasti menjadi aktif berdasarkan koreksi user.,,,,,,,,,,,,fixed_status_operasional_master_43_2026-05-26.csv,2026-05-26
LOC-192,Curug Ngebul Gununghalu,Wisata Alam,status_operasional_43_only,READY_STATUS_ONLY_NEEDS_FACILITY_IF_REQUIRED,OPTIONAL,Status operasional tersedia. Cari fasilitas hanya jika dataset membutuhkan kolom fasilitas.,✓ Aktif,include_active,Medium,YES,"Trip.com 2025, inewsbandungraya.id","Aktif, dikelola swadaya warga. Tiket ~Rp10.000. Akses menantang via motor trail / jalan kaki >1 jam dari Kp. Cisitu.",Data awal dipertahankan dari tabel sebelumnya.,,,,,,,,,,,,fixed_status_operasional_master_43_2026-05-26.csv,2026-05-26
LOC-193,Sanghyang Poek,Wisata Alam,status_operasional_43_only,READY_STATUS_ONLY_NEEDS_FACILITY_IF_REQUIRED,OPTIONAL,Status operasional tersedia. Cari fasilitas hanya jika dataset membutuhkan kolom fasilitas.,✓ Aktif,include_active,Medium,YES,"travelspromo.com, nabarentcar.com","Aktif sebagai gua di kawasan Sanghyang Heuleut. Terhimpit tebing tinggi, accessible sebagai bagian wisata alam Saguling.",Data awal dipertahankan dari tabel sebelumnya.,,,,,,,,,,,,fixed_status_operasional_master_43_2026-05-26.csv,2026-05-26
LOC-195,Sungai Cikahuripan Green Canyon Saguling,Wisata Alam,status_operasional_43_only,READY_STATUS_ONLY_NEEDS_FACILITY_IF_REQUIRED,OPTIONAL,Status operasional tersedia. Cari fasilitas hanya jika dataset membutuhkan kolom fasilitas.,✓ Aktif,include_active,Medium,YES,"Detik Travel, visitkbb.bandungbaratkab.go.id","Aktif. Tiket Rp10.000, parkir Rp5.000–20.000. Sewa pelampung Rp15.000. Akses jalan berbatu, perlu jalan kaki ~1 km.",Data awal dipertahankan dari tabel sebelumnya.,,,,,,,,,,,,fixed_status_operasional_master_43_2026-05-26.csv,2026-05-26
LOC-196,Curug Walanda Citatah,Wisata Alam,status_operasional_43_only,PENDING_STATUS_VERIFICATION,YES,Verifikasi status operasional terbaru via Google Maps/review terbaru/sumber lokal sebelum dimasukkan.,? Perlu Verifikasi Ringan,needs_manual_check,Medium-Low,NO,https://infobandungbarat.com/curug-walanda-citatah-air-terjun-unik-dari-terowongan-belanda-di-bandung-barat/ ; https://kumparan.com/seputar-bandung/curug-walanda-air-terjun-dengan-keasrian-yang-indah-22OrpD9Ho2h,"Belum ada koreksi eksplisit dari user. Web quick check menemukan artikel 2024/2025 yang menyebut Curug Walanda Citatah di Desa Citatah, Cipatat, Bandung Barat, tetapi bukti operasional terbaru belum sekuat Google Maps/review terbaru.",Masih satu-satunya status yang perlu dicek jika standar harus berbasis bukti operasional terbaru.,,,,,,,,,,,,fixed_status_operasional_master_43_2026-05-26.csv,2026-05-26
LOC-198,Tebing Gunung Hawu,Wisata Alam,status_operasional_43_only,READY_STATUS_ONLY_NEEDS_FACILITY_IF_REQUIRED,OPTIONAL,Status operasional tersedia. Cari fasilitas hanya jika dataset membutuhkan kolom fasilitas.,✓ Aktif,include_active,High,YES,"User correction / Google Maps review note, 2026-05-26",Dikoreksi oleh user: Tebing Gunung Hawu masih buka; review terakhir disebut 4 hari lalu.,Status diubah dari belum pasti menjadi aktif; bukti review terbaru membuat confidence lebih kuat.,,,,,,,,,,,,fixed_status_operasional_master_43_2026-05-26.csv,2026-05-26
LOC-201,Curug Batu Templek,Wisata Alam,status_operasional_43_only,READY_STATUS_ONLY_NEEDS_FACILITY_IF_REQUIRED,OPTIONAL,Status operasional tersedia. Cari fasilitas hanya jika dataset membutuhkan kolom fasilitas.,✓ Aktif,include_active,Medium,YES,"User correction, 2026-05-26","Dikoreksi oleh user: Curug Batu Templek masih buka. Jika akan dipakai untuk data final publik, agent tetap boleh menambahkan evidence_url.",Status diubah dari belum pasti menjadi aktif berdasarkan koreksi user.,,,,,,,,,,,,fixed_status_operasional_master_43_2026-05-26.csv,2026-05-26
LOC-213,Taman Cibeunying,Taman Kota,status_operasional_43_only,READY_STATUS_ONLY_NEEDS_FACILITY_IF_REQUIRED,OPTIONAL,Status operasional tersedia. Cari fasilitas hanya jika dataset membutuhkan kolom fasilitas.,✓ Aktif,include_active,Medium,YES,"kumparan.com Mar 2024, Traveloka 2025","Taman kota publik aktif. Buka setiap hari 09:00–17:00 (ada yang menyebut buka hingga malam). Gratis, ada gazebo, wifi, bike share.",Data awal dipertahankan dari tabel sebelumnya.,,,,,,,,,,,,fixed_status_operasional_master_43_2026-05-26.csv,2026-05-26
LOC-215,Taman Pramuka Bandung,Taman Kota,status_operasional_43_only,READY_STATUS_ONLY_NEEDS_FACILITY_IF_REQUIRED,OPTIONAL,Status operasional tersedia. Cari fasilitas hanya jika dataset membutuhkan kolom fasilitas.,✓ Aktif,include_active,Medium,YES,Taman kota Bandung umum — perlu konfirmasi spesifik,Taman kota publik. Kemungkinan aktif sebagai ruang terbuka hijau (taman kota Bandung umumnya terbuka). Perlu konfirmasi status fasilitas.,Data awal dipertahankan dari tabel sebelumnya.,,,,,,,,,,,,fixed_status_operasional_master_43_2026-05-26.csv,2026-05-26
LOC-216,Panama Park 825,Rekreasi Keluarga,fasilitas_54_only,FACILITY_READY_STATUS_NOT_IN_43_BATCH,OPTIONAL,Fasilitas tersedia sebagai data awal. Verifikasi status operasional jika lokasi ini juga akan dipakai di data aktif.,,,,,,,,✓,✓,✓,?,?,"Area Parkir, Toilet, Mushola, Indoor Playground (Snow Park/Joy n Fun), Food Court, Loker",terisi_sebagian_dari_ringkasan_agent,ringkasan_agent_belum_url_per_baris,ready_sebagai_data_awal_fasilitas_umum,"Diisi dari ringkasan fasilitas yang diberikan user/AI agent: Area Parkir, Toilet, Mushola, Indoor Playground (Snow Park/Joy n Fun), Food Court, Loker. Kolom kursi roda dan pet friendly tetap ? jika tidak disebut eksplisit.","Sebelumnya kosong total, kini fasilitas utama sudah terisi.",fixed_fasilitas_destinasi_54_2026-05-26.csv,2026-05-26
LOC-217,Karang Setra Waterland,Wahana Air,status_operasional_43 + fasilitas_54,READY_AS_INITIAL_DATA_WITH_OPTIONAL_FACILITY_CHECK,OPTIONAL,"Boleh dipakai sebagai data awal. Lengkapi evidence_url, akses kursi roda, atau pet friendly jika dibutuhkan.",✓ Aktif,include_active,Medium,YES,"nagantour.com, detik.com","Aktif. Kolam renang legendaris sejak 1958. Tiket weekday Rp45.000, weekend Rp50.000. Buka setiap hari.",Data awal dipertahankan dari tabel sebelumnya.,✓,✓,✓,?,✗,"Area Parkir, Toilet, Mushola",sebagian,mengikuti_catatan_lama,review_sumber_lama_jika_perlu,"Parkir luas, kamar ganti, gazebo, mushola, food court. Kursi roda belum terkonfirmasi.",Data dari tabel fasilitas sebelumnya dipertahankan.,fixed_status_operasional_master_43_2026-05-26.csv | fixed_fasilitas_destinasi_54_2026-05-26.csv,2026-05-26
LOC-219,Museum Inggit Garnasih,Tempat Belajar,status_operasional_43_only,READY_STATUS_ONLY_NEEDS_FACILITY_IF_REQUIRED,OPTIONAL,Status operasional tersedia. Cari fasilitas hanya jika dataset membutuhkan kolom fasilitas.,✓ Aktif,include_active,Medium,YES,"tempo.co Jan 2025, koranmandala.com Mar 2025","Aktif. Buka Senin–Jumat 08:00–16:00. Di Jl. Ibu Inggit Garnasih No.8, Astanaanyar, Bandung. Cagar budaya Pemprov Jabar.",Data awal dipertahankan dari tabel sebelumnya.,,,,,,,,,,,,fixed_status_operasional_master_43_2026-05-26.csv,2026-05-26
LOC-222,Nuansa Riung Gunung,Wisata Alam,status_operasional_43_only,READY_STATUS_ONLY_NEEDS_FACILITY_IF_REQUIRED,OPTIONAL,Status operasional tersedia. Cari fasilitas hanya jika dataset membutuhkan kolom fasilitas.,✓ Aktif,include_active,Medium,YES,"c-rafting.com, lemon8 review 2025",Aktif. Glamping di Pangalengan. Disebut dalam berbagai paket rafting & wisata alam Pangalengan 2025.,Data awal dipertahankan dari tabel sebelumnya.,,,,,,,,,,,,fixed_status_operasional_master_43_2026-05-26.csv,2026-05-26
LOC-224,Sungai Palayangan Rafting,Wisata Petualangan,status_operasional_43_only,READY_STATUS_ONLY_NEEDS_FACILITY_IF_REQUIRED,OPTIONAL,Status operasional tersedia. Cari fasilitas hanya jika dataset membutuhkan kolom fasilitas.,✓ Aktif,include_active,Medium,YES,"detik.com Jul 2024, ciwideyoutbound.com, bellvaadventure Mei 2025","Aktif dan sangat populer. Tiket Rp125.000–150.000/orang. Banyak operator aktif. Rute 4,5–5 km grade III–IV.",Data awal dipertahankan dari tabel sebelumnya.,,,,,,,,,,,,fixed_status_operasional_master_43_2026-05-26.csv,2026-05-26
LOC-225,Curug Ceret Pangalengan,Wisata Alam,status_operasional_43_only,READY_STATUS_ONLY_NEEDS_FACILITY_IF_REQUIRED,OPTIONAL,Status operasional tersedia. Cari fasilitas hanya jika dataset membutuhkan kolom fasilitas.,✓ Aktif,include_active,Medium,YES,palayanganriver.com,Aktif. Curug kecil (~5m) di pinggir jalan Pangalengan. Air ciprat membasahi jalan. View pelangi saat matahari bersinar.,Data awal dipertahankan dari tabel sebelumnya.,,,,,,,,,,,,fixed_status_operasional_master_43_2026-05-26.csv,2026-05-26
LOC-226,Gunung Nini Pangalengan,Wisata Alam,status_operasional_43_only,READY_STATUS_ONLY_NEEDS_FACILITY_IF_REQUIRED,OPTIONAL,Status operasional tersedia. Cari fasilitas hanya jika dataset membutuhkan kolom fasilitas.,✓ Aktif,include_active,Medium,YES,"visitpangalengan.com, liputan6.com Okt 2024",Aktif. Gratis. Buka setiap hari 07:00–17:00 (bahkan 24 jam untuk camping). Di tengah Perkebunan Teh Malabar.,Data awal dipertahankan dari tabel sebelumnya.,,,,,,,,,,,,fixed_status_operasional_master_43_2026-05-26.csv,2026-05-26
LOC-234,Perkebunan Teh Rancabali,Rekreasi Alam,status_operasional_43_only,READY_STATUS_ONLY_NEEDS_FACILITY_IF_REQUIRED,OPTIONAL,Status operasional tersedia. Cari fasilitas hanya jika dataset membutuhkan kolom fasilitas.,✓ Aktif,include_active,Medium,YES,"travelspromo.com, tempo.co","Aktif (sama dengan kawasan Kebun Teh Rancabali PTPN). Bebas tiket, akses terbuka di pinggir jalan Rancabali.",Data awal dipertahankan dari tabel sebelumnya.,,,,,,,,,,,,fixed_status_operasional_master_43_2026-05-26.csv,2026-05-26
